2025-05-09 12:35:09,186 - INFO - ====== WebDriver manager ======
2025-05-09 12:35:10,595 - INFO - Get LATEST chromedriver version for google-chrome
2025-05-09 12:35:10,599 - ERROR - Main execution error: Could not find a suitable TLS CA certificate bundle, invalid path: C:\Program Files\PostgreSQL\17\ssl\certs\ca-bundle.crt
2025-05-09 12:35:10,599 - INFO - Script execution completed!
2025-05-09 12:38:03,245 - INFO - patching driver executable C:\Users\Irfan\appdata\roaming\undetected_chromedriver\undetected_chromedriver.exe
2025-05-09 12:38:07,685 - INFO - 
Testing with Section 302
2025-05-09 12:38:07,685 - INFO - Attempting to fetch section 302 (Attempt 1/3)
2025-05-09 12:38:25,204 - ERROR - Timeout while fetching section 302
2025-05-09 12:38:30,225 - INFO - Attempting to fetch section 302 (Attempt 2/3)
2025-05-09 12:38:46,509 - ERROR - Timeout while fetching section 302
2025-05-09 12:38:51,516 - INFO - Attempting to fetch section 302 (Attempt 3/3)
2025-05-09 12:39:07,832 - ERROR - Timeout while fetching section 302
2025-05-09 12:39:07,832 - ERROR - Could not fetch data for section 302
2025-05-09 12:39:08,349 - INFO - Script execution completed!
2025-05-09 12:46:28,551 - INFO - Starting IPC sections scraping...
2025-05-09 12:46:33,526 - INFO - patching driver executable C:\Users\Irfan\appdata\roaming\undetected_chromedriver\undetected_chromedriver.exe
2025-05-09 12:46:37,676 - INFO - 
Processing Section 1
2025-05-09 12:46:37,676 - INFO - Attempting to fetch section 1 (Attempt 1/3)
2025-05-09 12:46:55,889 - ERROR - Timeout while fetching section 1
2025-05-09 12:47:00,895 - INFO - Attempting to fetch section 1 (Attempt 2/3)
2025-05-09 12:47:17,250 - ERROR - Timeout while fetching section 1
2025-05-09 12:47:22,257 - INFO - Attempting to fetch section 1 (Attempt 3/3)
2025-05-09 12:47:38,771 - ERROR - Timeout while fetching section 1
2025-05-09 12:47:38,771 - ERROR - Could not fetch data for section 1
2025-05-09 12:47:40,775 - INFO - 
Processing Section 2
2025-05-09 12:47:40,776 - INFO - Attempting to fetch section 2 (Attempt 1/3)
2025-05-09 12:47:57,052 - ERROR - Timeout while fetching section 2
2025-05-09 12:48:02,056 - INFO - Attempting to fetch section 2 (Attempt 2/3)
2025-05-09 12:48:18,384 - ERROR - Timeout while fetching section 2
2025-05-09 12:48:23,387 - INFO - Attempting to fetch section 2 (Attempt 3/3)
2025-05-09 12:48:40,062 - ERROR - Timeout while fetching section 2
2025-05-09 12:48:40,062 - ERROR - Could not fetch data for section 2
2025-05-09 12:48:42,063 - INFO - 
Processing Section 3
2025-05-09 12:48:42,063 - INFO - Attempting to fetch section 3 (Attempt 1/3)
2025-05-09 12:48:58,592 - ERROR - Timeout while fetching section 3
2025-05-09 12:49:03,607 - INFO - Attempting to fetch section 3 (Attempt 2/3)
2025-05-09 12:49:20,166 - ERROR - Timeout while fetching section 3
2025-05-09 12:49:25,166 - INFO - Attempting to fetch section 3 (Attempt 3/3)
2025-05-09 12:49:42,664 - ERROR - Timeout while fetching section 3
2025-05-09 12:49:42,664 - ERROR - Could not fetch data for section 3
2025-05-09 12:49:44,667 - INFO - 
Processing Section 4
2025-05-09 12:49:44,667 - INFO - Attempting to fetch section 4 (Attempt 1/3)
2025-05-09 12:50:01,482 - ERROR - Timeout while fetching section 4
2025-05-09 12:50:06,484 - INFO - Attempting to fetch section 4 (Attempt 2/3)
2025-05-09 12:50:24,261 - ERROR - Timeout while fetching section 4
2025-05-09 12:50:29,273 - INFO - Attempting to fetch section 4 (Attempt 3/3)
2025-05-09 12:50:45,673 - ERROR - Timeout while fetching section 4
2025-05-09 12:50:45,673 - ERROR - Could not fetch data for section 4
2025-05-09 12:50:47,676 - INFO - 
Processing Section 5
2025-05-09 12:50:47,677 - INFO - Attempting to fetch section 5 (Attempt 1/3)
2025-05-09 12:51:03,973 - ERROR - Timeout while fetching section 5
2025-05-09 12:51:08,973 - INFO - Attempting to fetch section 5 (Attempt 2/3)
2025-05-09 12:51:25,297 - ERROR - Timeout while fetching section 5
2025-05-09 12:51:30,303 - INFO - Attempting to fetch section 5 (Attempt 3/3)
2025-05-09 12:51:47,131 - ERROR - Timeout while fetching section 5
2025-05-09 12:51:47,131 - ERROR - Could not fetch data for section 5
2025-05-09 12:51:49,138 - INFO - 
Processing Section 6
2025-05-09 12:51:49,139 - INFO - Attempting to fetch section 6 (Attempt 1/3)
2025-05-09 12:52:05,496 - ERROR - Timeout while fetching section 6
2025-05-09 12:52:10,504 - INFO - Attempting to fetch section 6 (Attempt 2/3)
2025-05-09 12:52:26,957 - ERROR - Timeout while fetching section 6
2025-05-09 12:52:31,967 - INFO - Attempting to fetch section 6 (Attempt 3/3)
2025-05-09 12:52:48,376 - ERROR - Timeout while fetching section 6
2025-05-09 12:52:48,377 - ERROR - Could not fetch data for section 6
2025-05-09 12:52:50,383 - INFO - 
Processing Section 7
2025-05-09 12:52:50,383 - INFO - Attempting to fetch section 7 (Attempt 1/3)
2025-05-09 12:53:07,227 - ERROR - Timeout while fetching section 7
2025-05-09 12:53:12,230 - INFO - Attempting to fetch section 7 (Attempt 2/3)
2025-05-09 12:53:28,623 - ERROR - Timeout while fetching section 7
2025-05-09 12:53:33,630 - INFO - Attempting to fetch section 7 (Attempt 3/3)
2025-05-09 12:53:49,894 - ERROR - Timeout while fetching section 7
2025-05-09 12:53:49,894 - ERROR - Could not fetch data for section 7
2025-05-09 12:53:51,902 - INFO - 
Processing Section 8
2025-05-09 12:53:51,902 - INFO - Attempting to fetch section 8 (Attempt 1/3)
2025-05-09 12:54:08,344 - ERROR - Timeout while fetching section 8
2025-05-09 12:54:13,344 - INFO - Attempting to fetch section 8 (Attempt 2/3)
2025-05-09 12:54:29,586 - ERROR - Timeout while fetching section 8
2025-05-09 12:54:34,596 - INFO - Attempting to fetch section 8 (Attempt 3/3)
2025-05-09 12:54:51,053 - ERROR - Timeout while fetching section 8
2025-05-09 12:54:51,053 - ERROR - Could not fetch data for section 8
2025-05-09 12:54:53,058 - INFO - 
Processing Section 9
2025-05-09 12:54:53,058 - INFO - Attempting to fetch section 9 (Attempt 1/3)
2025-05-09 12:55:09,291 - ERROR - Timeout while fetching section 9
2025-05-09 12:55:14,297 - INFO - Attempting to fetch section 9 (Attempt 2/3)
2025-05-09 12:55:30,569 - ERROR - Timeout while fetching section 9
2025-05-09 12:55:35,579 - INFO - Attempting to fetch section 9 (Attempt 3/3)
2025-05-09 12:55:51,805 - ERROR - Timeout while fetching section 9
2025-05-09 12:55:51,805 - ERROR - Could not fetch data for section 9
2025-05-09 12:55:53,811 - INFO - 
Processing Section 10
2025-05-09 12:55:53,811 - INFO - Attempting to fetch section 10 (Attempt 1/3)
2025-05-09 12:56:10,151 - ERROR - Timeout while fetching section 10
2025-05-09 12:56:15,161 - INFO - Attempting to fetch section 10 (Attempt 2/3)
2025-05-09 12:56:31,673 - ERROR - Timeout while fetching section 10
2025-05-09 12:56:36,681 - INFO - Attempting to fetch section 10 (Attempt 3/3)
2025-05-09 12:56:53,108 - ERROR - Timeout while fetching section 10
2025-05-09 12:56:53,108 - ERROR - Could not fetch data for section 10
2025-05-09 12:56:55,112 - INFO - 
Processing Section 11
2025-05-09 12:56:55,114 - INFO - Attempting to fetch section 11 (Attempt 1/3)
2025-05-09 12:57:11,341 - ERROR - Timeout while fetching section 11
2025-05-09 12:57:16,348 - INFO - Attempting to fetch section 11 (Attempt 2/3)
2025-05-09 12:57:32,528 - ERROR - Timeout while fetching section 11
2025-05-09 12:57:37,528 - INFO - Attempting to fetch section 11 (Attempt 3/3)
2025-05-09 12:57:53,730 - ERROR - Timeout while fetching section 11
2025-05-09 12:57:53,736 - ERROR - Could not fetch data for section 11
2025-05-09 12:57:55,745 - INFO - 
Processing Section 12
2025-05-09 12:57:55,745 - INFO - Attempting to fetch section 12 (Attempt 1/3)
2025-05-09 12:58:12,004 - ERROR - Timeout while fetching section 12
2025-05-09 12:58:17,009 - INFO - Attempting to fetch section 12 (Attempt 2/3)
2025-05-09 12:58:33,309 - ERROR - Timeout while fetching section 12
2025-05-09 12:58:38,311 - INFO - Attempting to fetch section 12 (Attempt 3/3)
2025-05-09 12:58:54,645 - ERROR - Timeout while fetching section 12
2025-05-09 12:58:54,645 - ERROR - Could not fetch data for section 12
2025-05-09 12:58:56,660 - INFO - 
Processing Section 13
2025-05-09 12:58:56,660 - INFO - Attempting to fetch section 13 (Attempt 1/3)
2025-05-09 12:59:13,096 - ERROR - Timeout while fetching section 13
2025-05-09 12:59:26,410 - INFO - Starting IPC sections scraping...
2025-05-09 12:59:26,413 - INFO - Fetching main sections page...
2025-05-09 12:59:28,048 - INFO - Found 0 sections
2025-05-09 12:59:28,048 - ERROR - Could not fetch section numbers from main page
2025-05-09 12:59:28,048 - ERROR - No data was scraped successfully. Aborting database update.
2025-05-09 13:01:15,430 - INFO - Starting IPC sections scraping...
2025-05-09 13:01:15,430 - INFO - Fetching main sections page...
2025-05-09 13:01:17,025 - ERROR - Could not find main content div
2025-05-09 13:01:17,037 - ERROR - Could not fetch any sections from main page
2025-05-09 13:01:17,037 - ERROR - No data was scraped successfully. Aborting database update.
2025-05-09 13:03:49,730 - INFO - Starting IPC sections scraping...
2025-05-09 13:03:49,730 - INFO - Fetching main sections page...
2025-05-09 13:03:51,198 - INFO - Found section 1: Title and extent of operation of the Code.
2025-05-09 13:03:51,198 - INFO - Found section 2: Punishment of offences committed within India.
2025-05-09 13:03:51,199 - INFO - Found section 3: Punishment of offences committed beyond, but which by law may be tried within, India.
2025-05-09 13:03:51,200 - INFO - Found section 4: Extension of Code to extra-territorial offences.
2025-05-09 13:03:51,200 - INFO - Found section 5: Certain laws not to be affected by this Act.
2025-05-09 13:03:51,200 - INFO - Found section 6: Definitions in the Code to be understood subject to exceptions.
2025-05-09 13:03:51,200 - INFO - Found section 7: Sense of expression once explained.
2025-05-09 13:03:51,200 - INFO - Found section 8: Gender.
2025-05-09 13:03:51,200 - INFO - Found section 9: Number.
2025-05-09 13:03:51,200 - INFO - Found section 10: "Man" "Woman".
2025-05-09 13:03:51,200 - INFO - Found section 11: "Person".
2025-05-09 13:03:51,200 - INFO - Found section 12: "Public".
2025-05-09 13:03:51,200 - INFO - Found section 13: "Queen".
2025-05-09 13:03:51,200 - INFO - Found section 14: "Servant of Government".
2025-05-09 13:03:51,200 - INFO - Found section 15: "British India".
2025-05-09 13:03:51,200 - INFO - Found section 16: "Government of India".
2025-05-09 13:03:51,200 - INFO - Found section 17: "Government".
2025-05-09 13:03:51,200 - INFO - Found section 18: "India".
2025-05-09 13:03:51,200 - INFO - Found section 19: "Judge".
2025-05-09 13:03:51,200 - INFO - Found section 20: "Court of Justice".
2025-05-09 13:03:51,200 - INFO - Found section 21: "Public servant".
2025-05-09 13:03:51,203 - INFO - Found section 22: "Movable property".
2025-05-09 13:03:51,203 - INFO - Found section 23: "Wrongful gain".
2025-05-09 13:03:51,205 - INFO - Found section 24: "Dishonestly".
2025-05-09 13:03:51,205 - INFO - Found section 25: "Fraudulently".
2025-05-09 13:03:51,206 - INFO - Found section 26: "Reason to believe".
2025-05-09 13:03:51,206 - INFO - Found section 27: Property in possession of wife, clerk or servant.
2025-05-09 13:03:51,207 - INFO - Found section 28: "Counterfeit".
2025-05-09 13:03:51,207 - INFO - Found section 29: "Document".
2025-05-09 13:03:51,207 - INFO - Found section 30: "Valuable security".
2025-05-09 13:03:51,207 - INFO - Found section 31: "A will".
2025-05-09 13:03:51,207 - INFO - Found section 32: Words referring to acts include illegal omissions.
2025-05-09 13:03:51,207 - INFO - Found section 33: "Act". "Omission".
2025-05-09 13:03:51,207 - INFO - Found section 34: Acts done by several persons in furtherance of common intention -.
2025-05-09 13:03:51,207 - INFO - Found section 35: When such an act is criminal by reason of its being done with a criminal knowledge or intention.
2025-05-09 13:03:51,207 - INFO - Found section 36: Effect caused partly by act and partly by omission.
2025-05-09 13:03:51,207 - INFO - Found section 37: Co-operation by doing one of several acts constituting an offence.
2025-05-09 13:03:51,207 - INFO - Found section 38: Persons concerned in criminal Act may be guilty of different offences.
2025-05-09 13:03:51,207 - INFO - Found section 39: "Voluntarily".
2025-05-09 13:03:51,207 - INFO - Found section 40: "Offence".
2025-05-09 13:03:51,207 - INFO - Found section 41: "Special law".
2025-05-09 13:03:51,210 - INFO - Found section 42: "Local law".
2025-05-09 13:03:51,210 - INFO - Found section 43: "Illegal". "Legally bound to do".
2025-05-09 13:03:51,210 - INFO - Found section 44: "Injury".
2025-05-09 13:03:51,210 - INFO - Found section 45: "Life".
2025-05-09 13:03:51,210 - INFO - Found section 46: "Death".
2025-05-09 13:03:51,210 - INFO - Found section 47: "Animal".
2025-05-09 13:03:51,210 - INFO - Found section 48: "Vessel".
2025-05-09 13:03:51,210 - INFO - Found section 49: "Year". "Month".
2025-05-09 13:03:51,210 - INFO - Found section 50: "Section".
2025-05-09 13:03:51,210 - INFO - Found section 51: "Oath".
2025-05-09 13:03:51,212 - INFO - Found section 52: "Good faith".
2025-05-09 13:03:51,212 - INFO - Found section 53: Punishments.
2025-05-09 13:03:51,212 - INFO - Found section 54: Commutation of sentence of death.
2025-05-09 13:03:51,212 - INFO - Found section 55: Commutation of sentence of imprisonment for life.
2025-05-09 13:03:51,212 - INFO - Found section 56: Sentence of Europeans and Americans to penal servitude..
2025-05-09 13:03:51,212 - INFO - Found section 57: Fractions of terms of punishment.
2025-05-09 13:03:51,212 - INFO - Found section 58: Offenders sentenced to transportation how dealt with until transported..
2025-05-09 13:03:51,212 - INFO - Found section 59: Transportation instead of imprisonment..
2025-05-09 13:03:51,212 - INFO - Found section 60: Sentence may be (in certain cases of imprisonment) wholly or partly rigorous or simple.
2025-05-09 13:03:51,212 - INFO - Found section 61: Sentence of forfeiture of property..
2025-05-09 13:03:51,212 - INFO - Found section 62: Forfeiture of property, in respect of offenders punishable with death, transportation or imprisonment..
2025-05-09 13:03:51,212 - INFO - Found section 63: Amount of fine.
2025-05-09 13:03:51,212 - INFO - Found section 64: Sentence of imprisonment for non-payment of fine.
2025-05-09 13:03:51,212 - INFO - Found section 65: Limit to imprisonment for non-payment of fine, when imprisonment and fine awardable.
2025-05-09 13:03:51,212 - INFO - Found section 66: Description of imprisonment for non-payment of fine.
2025-05-09 13:03:51,212 - INFO - Found section 67: Imprisonment for non-payment of fine, when offence punishable with fine only.
2025-05-09 13:03:51,212 - INFO - Found section 68: Imprisonment to terminate on payment of fine.
2025-05-09 13:03:51,212 - INFO - Found section 69: Termination of imprisonment on payment of proportional part of fine.
2025-05-09 13:03:51,212 - INFO - Found section 70: Fine leviable within six years, or during imprisonment. Death not to discharge property from liability.
2025-05-09 13:03:51,212 - INFO - Found section 71: Limit of punishment of offence made up of several offences.
2025-05-09 13:03:51,216 - INFO - Found section 72: Punishment of person guilty of one of several offences, the judgment stating that it is doubtful of which.
2025-05-09 13:03:51,216 - INFO - Found section 73: Solitary confinement.
2025-05-09 13:03:51,216 - INFO - Found section 74: Limit of solitary confinement.
2025-05-09 13:03:51,216 - INFO - Found section 75: Enhanced punishment for certain offences under Chapter XII or Chapter XVII after previous conviction.
2025-05-09 13:03:51,217 - INFO - Found section 76: Act done by a person bound, or by mistake of fact believing himself bound, by law.
2025-05-09 13:03:51,217 - INFO - Found section 77: Act of Judge when acting judicially.
2025-05-09 13:03:51,217 - INFO - Found section 78: Act done pursuant to the judgment or order of Court.
2025-05-09 13:03:51,217 - INFO - Found section 79: Act done by a person justified, or by mistake of fact believing himself, justified, by law.
2025-05-09 13:03:51,217 - INFO - Found section 80: Accident in doing a lawful act.
2025-05-09 13:03:51,217 - INFO - Found section 81: Act likely to cause harm, but done without criminal intent, and to prevent other harm.
2025-05-09 13:03:51,217 - INFO - Found section 82: Act of a child under seven years of age.
2025-05-09 13:03:51,217 - INFO - Found section 83: Act of a child above seven and under twelve of immature understanding.
2025-05-09 13:03:51,217 - INFO - Found section 84: Act of a person of unsound mind.
2025-05-09 13:03:51,217 - INFO - Found section 85: Act of a person incapable of judgment by reason of intoxication caused against his will.
2025-05-09 13:03:51,217 - INFO - Found section 86: Offence requiring a particular intent or knowledge committed by one who is intoxicated.
2025-05-09 13:03:51,217 - INFO - Found section 87: Act not intended and not known to be likely to cause death or grievous hurt, done by consent.
2025-05-09 13:03:51,217 - INFO - Found section 88: Act not intended to cause death, done by consent in good faith for persons benefit.
2025-05-09 13:03:51,217 - INFO - Found section 89: Act done in good faith for benefit of child or insane person, by or by consent of guardian.
2025-05-09 13:03:51,217 - INFO - Found section 90: Consent known to be given under fear or misconception.
2025-05-09 13:03:51,220 - INFO - Found section 91: Exclusion of acts which are offences independently of harm cause.
2025-05-09 13:03:51,220 - INFO - Found section 92: Act done in good faith for benefit of a person without consent.
2025-05-09 13:03:51,220 - INFO - Found section 93: Communication made in good faith.
2025-05-09 13:03:51,221 - INFO - Found section 94: Act to which a person is compelled by threats.
2025-05-09 13:03:51,221 - INFO - Found section 95: Act causing slight harm.
2025-05-09 13:03:51,221 - INFO - Found section 96: Things done in private defence.
2025-05-09 13:03:51,221 - INFO - Found section 97: Right of private defence of the body and of property.
2025-05-09 13:03:51,221 - INFO - Found section 98: Right of private defence against the act of a person of unsound mind, etc..
2025-05-09 13:03:51,221 - INFO - Found section 99: Acts against which there is no right of private defence.
2025-05-09 13:03:51,221 - INFO - Found section 100: When the right of private defence of the body extends to causing death.
2025-05-09 13:03:51,222 - INFO - Found section 101: When such right extends to causing any harm other than death.
2025-05-09 13:03:51,222 - INFO - Found section 102: Commencement and continuance of the right of private defence of the body.
2025-05-09 13:03:51,222 - INFO - Found section 103: When the right of private defence of property extends to causing death.
2025-05-09 13:03:51,222 - INFO - Found section 104: When such right to causing any harm other than death.
2025-05-09 13:03:51,222 - INFO - Found section 105: Commencement and continuance of the right of private defence of property.
2025-05-09 13:03:51,222 - INFO - Found section 106: Right of private defence against deadly assault when there is risk of harm to innocent person.
2025-05-09 13:03:51,222 - INFO - Found section 107: Abetment of a thing.
2025-05-09 13:03:51,222 - INFO - Found section 108: Abettor.
2025-05-09 13:03:51,222 - INFO - Found section 109: Punishment of abetment if the act abetted is committed in consequence and where no express provision is made for its punishment.
2025-05-09 13:03:51,222 - INFO - Found section 110: Punishment of abetment if person abetted does act with different intention from that of abettor.
2025-05-09 13:03:51,222 - INFO - Found section 111: Liability of abettor when one act abetted and different act done.
2025-05-09 13:03:51,222 - INFO - Found section 112: Abettor when liable to cumulative punishment for act abetted and for act done.
2025-05-09 13:03:51,222 - INFO - Found section 113: Liability of abettor for an effect caused by the act abetted different from that intended by the abettor.
2025-05-09 13:03:51,222 - INFO - Found section 114: Abettor present when offence is committed.
2025-05-09 13:03:51,222 - INFO - Found section 115: Abetment of offence punishable with death or imprisonment for life if offence not committed.
2025-05-09 13:03:51,222 - INFO - Found section 116: Abetment of offence punishable with imprisonment -- if offence be not committed.
2025-05-09 13:03:51,222 - INFO - Found section 117: Abetting commission of offence by the public or by more than ten persons.
2025-05-09 13:03:51,222 - INFO - Found section 118: Concealing design to commit offence punishable with death or imprisonment for life.
2025-05-09 13:03:51,222 - INFO - Found section 119: Public servant concealing design to commit offence which it is his duty to prevent.
2025-05-09 13:03:51,222 - INFO - Found section 120: Concealing design to commit offence punishable with imprisonment.
2025-05-09 13:03:51,226 - INFO - Found section 121: Waging, or attempting to wage war, or abetting waging of war, against the Government of India.
2025-05-09 13:03:51,226 - INFO - Found section 122: Collecting arms, etc., with intention of waging war against the Government of India.
2025-05-09 13:03:51,226 - INFO - Found section 123: Concealing with intent to facilitate design to wage war.
2025-05-09 13:03:51,226 - INFO - Found section 124: Assaulting President, Governor, etc., with intent to compel or restrain the exercise of any lawful power.
2025-05-09 13:03:51,226 - INFO - Found section 125: Waging war against any Asiatic Power in alliance with the Government of India.
2025-05-09 13:03:51,226 - INFO - Found section 126: Committing depredation on territories of Power at peace with the Government of India.
2025-05-09 13:03:51,226 - INFO - Found section 127: Receiving property taken by war or depredation mentioned in sections 125 and 126.
2025-05-09 13:03:51,226 - INFO - Found section 128: Public servant voluntarily allowing prisoner of state or war to escape.
2025-05-09 13:03:51,226 - INFO - Found section 129: Public servant negligently suffering such prisoner to escape.
2025-05-09 13:03:51,226 - INFO - Found section 130: Aiding escape of, rescuing or harbouring such prisoner.
2025-05-09 13:03:51,226 - INFO - Found section 131: Abetting mutiny, or attempting to seduce a soldier, sailor or airman from his duty.
2025-05-09 13:03:51,226 - INFO - Found section 132: Abetment of mutiny, if mutiny is committed in consequence thereof.
2025-05-09 13:03:51,226 - INFO - Found section 133: Abetment of assault by soldier, sailor or airman on his superior officer, when in execution of his office.
2025-05-09 13:03:51,226 - INFO - Found section 134: Abetment of such assault, if the assault committed.
2025-05-09 13:03:51,226 - INFO - Found section 135: Abetment of desertion of soldier, sailor or airman.
2025-05-09 13:03:51,226 - INFO - Found section 136: Harbouring deserter.
2025-05-09 13:03:51,226 - INFO - Found section 137: Deserter concealed on board merchant vessel through negligence of master.
2025-05-09 13:03:51,226 - INFO - Found section 138: Abetment of act of insubordination by soldier, sailor or airman.
2025-05-09 13:03:51,226 - INFO - Found section 139: Persons subject to certain Acts.
2025-05-09 13:03:51,226 - INFO - Found section 140: Wearing garb or carrying token used by soldier, sailor or airman.
2025-05-09 13:03:51,226 - INFO - Found section 141: Unlawful assembly.
2025-05-09 13:03:51,230 - INFO - Found section 142: Being member of unlawful assembly.
2025-05-09 13:03:51,230 - INFO - Found section 143: Punishment.
2025-05-09 13:03:51,230 - INFO - Found section 144: Joining unlawful assembly armed with deadly weapon.
2025-05-09 13:03:51,230 - INFO - Found section 145: Joining or continuing in unlawful assembly, knowing it has been commanded to disperse.
2025-05-09 13:03:51,230 - INFO - Found section 146: Rioting.
2025-05-09 13:03:51,230 - INFO - Found section 147: Punishment for rioting.
2025-05-09 13:03:51,230 - INFO - Found section 148: Rioting, armed with deadly weapon.
2025-05-09 13:03:51,230 - INFO - Found section 149: Every member of unlawful assembly guilty of offence committed in prosecution of common object.
2025-05-09 13:03:51,230 - INFO - Found section 150: Hiring, or conniving at hiring, of persons to join unlawful assembly.
2025-05-09 13:03:51,230 - INFO - Found section 151: Knowingly joining or continuing in assembly of five or more persons after it has been commanded to disperse.
2025-05-09 13:03:51,230 - INFO - Found section 152: Assaulting or obstructing public servant when suppressing riot, etc..
2025-05-09 13:03:51,230 - INFO - Found section 153: Wantonly giving provocation with intent to cause riot.
2025-05-09 13:03:51,230 - INFO - Found section 154: Owner or occupier of land on which an unlawful assembly is held.
2025-05-09 13:03:51,230 - INFO - Found section 155: Liability of person for whose benefit riot is committed.
2025-05-09 13:03:51,230 - INFO - Found section 156: Liability of agent of owner or occupier for whose benefit riot is committed.
2025-05-09 13:03:51,230 - INFO - Found section 157: Harbouring persons hired for an unlawful assembly.
2025-05-09 13:03:51,230 - INFO - Found section 158: Being hired to take part in an unlawful assembly or riot.
2025-05-09 13:03:51,230 - INFO - Found section 159: Affray.
2025-05-09 13:03:51,230 - INFO - Found section 160: Punishment for committing affray.
2025-05-09 13:03:51,230 - INFO - Found section 161: Rep. by the Prevention of Corruption Act, 1988.
2025-05-09 13:03:51,230 - INFO - Found section 162: Rep. by the Prevention of Corruption Act, 1988.
2025-05-09 13:03:51,230 - INFO - Found section 163: Rep. by the Prevention of Corruption Act, 1988.
2025-05-09 13:03:51,230 - INFO - Found section 164: Rep. by the Prevention of Corruption Act, 1988.
2025-05-09 13:03:51,230 - INFO - Found section 165: Rep. by the Prevention of Corruption Act, 1988.
2025-05-09 13:03:51,230 - INFO - Found section 166: Public servant disobeying law, with intent to cause injury to any person.
2025-05-09 13:03:51,230 - INFO - Found section 167: Public servant framing an incorrect document with intent to cause injury.
2025-05-09 13:03:51,230 - INFO - Found section 168: Public servant unlawfully engaging in trade.
2025-05-09 13:03:51,230 - INFO - Found section 169: Public servant unlawfully buying or bidding for property.
2025-05-09 13:03:51,230 - INFO - Found section 170: Personating a public servant.
2025-05-09 13:03:51,230 - INFO - Found section 171: Wearing garb or carrying token used by public servant with fraudulent intent.
2025-05-09 13:03:51,230 - INFO - Found section 172: Absconding to avoid service of summons or other proceeding.
2025-05-09 13:03:51,230 - INFO - Found section 173: Preventing service of summons or other proceeding, or preventing publication thereof.
2025-05-09 13:03:51,236 - INFO - Found section 174: Non-attendance in obedience to an order from public servant.
2025-05-09 13:03:51,236 - INFO - Found section 175: Omission to produce document to public servant by person legally bound to produce it.
2025-05-09 13:03:51,236 - INFO - Found section 176: Omission to give notice or information to public servant by person legally bound to give it.
2025-05-09 13:03:51,236 - INFO - Found section 177: Furnishing false information.
2025-05-09 13:03:51,236 - INFO - Found section 178: Refusing oath or affirmation when duly required by public servant to make it.
2025-05-09 13:03:51,237 - INFO - Found section 179: Refusing to answer public servant authorized to question.
2025-05-09 13:03:51,237 - INFO - Found section 180: Refusing to sign statement.
2025-05-09 13:03:51,237 - INFO - Found section 181: False statement on oath or affirmation to public servant or person authorized to administer an oath or affirmation.
2025-05-09 13:03:51,237 - INFO - Found section 182: False information, with intent to cause public servant to use his lawful power to the injury of another person.
2025-05-09 13:03:51,237 - INFO - Found section 183: Resistance to the taking of property by the lawful authority of a public servant.
2025-05-09 13:03:51,238 - INFO - Found section 184: Obstructing sale of property offered for sale by authority of public servant.
2025-05-09 13:03:51,238 - INFO - Found section 185: Illegal purchase or bid for property offered for sale by authority of public servant.
2025-05-09 13:03:51,238 - INFO - Found section 186: Obstructing public servant in discharge of public functions.
2025-05-09 13:03:51,238 - INFO - Found section 187: Omission to assist public servant when bound by law to give assistance.
2025-05-09 13:03:51,238 - INFO - Found section 188: Disobedience to order duly promulgated by public servant.
2025-05-09 13:03:51,238 - INFO - Found section 189: Threat of injury to public servant.
2025-05-09 13:03:51,238 - INFO - Found section 190: Threat of injury to induce person to refrain from applying for protection to public servant.
2025-05-09 13:03:51,238 - INFO - Found section 191: Giving false evidence.
2025-05-09 13:03:51,240 - INFO - Found section 192: Fabricating false evidence.
2025-05-09 13:03:51,240 - INFO - Found section 193: Punishment for false evidence.
2025-05-09 13:03:51,240 - INFO - Found section 194: Giving or fabricating false evidence with intent to procure conviction of capital offence.
2025-05-09 13:03:51,240 - INFO - Found section 195: Giving or fabricating false evidence with intent to procure conviction of an offence punishable with imprisonment for life or with imprisonment for 7 Years or upwards.
2025-05-09 13:03:51,240 - INFO - Found section 196: Using evidence known to be false.
2025-05-09 13:03:51,240 - INFO - Found section 197: Issuing or signing false certificate.
2025-05-09 13:03:51,240 - INFO - Found section 198: Using as true a certificate known to be false.
2025-05-09 13:03:51,240 - INFO - Found section 199: False statement made in declaration which is by law receivable as evidence.
2025-05-09 13:03:51,240 - INFO - Found section 200: Using as true such declaration knowing it to be false.
2025-05-09 13:03:51,240 - INFO - Found section 201: Causing disappearance of evidence of offence, or giving false information to screen offender.
2025-05-09 13:03:51,242 - INFO - Found section 202: Intentional omission to give information of offence by person bound to inform.
2025-05-09 13:03:51,242 - INFO - Found section 203: Giving false information respecting an offence committed.
2025-05-09 13:03:51,242 - INFO - Found section 204: Destruction of document to prevent its production as evidence.
2025-05-09 13:03:51,242 - INFO - Found section 205: False personation for purpose of act or proceeding in suit or prosecution.
2025-05-09 13:03:51,242 - INFO - Found section 206: Fraudulent removal or concealment of property to prevent its seizure as forfeited or in execution.
2025-05-09 13:03:51,242 - INFO - Found section 207: Fraudulent claim to property to prevent its seizure as forfeited or in execution.
2025-05-09 13:03:51,242 - INFO - Found section 208: Fraudulently suffering decree for sum not due.
2025-05-09 13:03:51,242 - INFO - Found section 209: Dishonesty making false claim in Court.
2025-05-09 13:03:51,242 - INFO - Found section 210: Fraudulently obtaining decree for sum not due.
2025-05-09 13:03:51,242 - INFO - Found section 211: False charge of offence made with intent to injure.
2025-05-09 13:03:51,242 - INFO - Found section 212: Harbouring offender.
2025-05-09 13:03:51,242 - INFO - Found section 213: Taking gift, etc., to screen an offender from punishment.
2025-05-09 13:03:51,242 - INFO - Found section 214: Offering gift or restoration of property in consideration of screening offender.
2025-05-09 13:03:51,242 - INFO - Found section 215: Taking gift to help to recover stolen property, etc.
2025-05-09 13:03:51,242 - INFO - Found section 216: Harbouring offender who has escaped from custody or whose apprehension has been ordered.
2025-05-09 13:03:51,242 - INFO - Found section 217: Public servant disobeying direction of law with intent to save person from punishment or property from forfeiture.
2025-05-09 13:03:51,242 - INFO - Found section 218: Public servant framing incorrect record or writing with intent to save person from punishment or property from forfeiture.
2025-05-09 13:03:51,242 - INFO - Found section 219: Public servant in judicial proceeding corruptly making report, etc., contrary to law.
2025-05-09 13:03:51,242 - INFO - Found section 220: Commitment for trial or confinement by person having authority who knows that he is acting contrary to law.
2025-05-09 13:03:51,242 - INFO - Found section 221: Intentional omission to apprehend on the part of public servant bound to apprehend.
2025-05-09 13:03:51,242 - INFO - Found section 222: Intentional omission to apprehend on the part of public servant bound to apprehend person under sentence or lawfully committed.
2025-05-09 13:03:51,242 - INFO - Found section 223: Escape from confinement or custody negligently suffered by public servant.
2025-05-09 13:03:51,242 - INFO - Found section 224: Resistance or obstruction by a person to his lawful apprehension.
2025-05-09 13:03:51,242 - INFO - Found section 225: Resistance or obstruction to lawful apprehension of another person.
2025-05-09 13:03:51,242 - INFO - Found section 226: Unlawful return from transportation. .
2025-05-09 13:03:51,242 - INFO - Found section 227: Violation of condition of remission of punishment.
2025-05-09 13:03:51,242 - INFO - Found section 228: Intentional insult or interruption to public servant sitting in judicial proceeding.
2025-05-09 13:03:51,246 - INFO - Found section 229: Personation of a juror or assessor.
2025-05-09 13:03:51,247 - INFO - Found section 230: "Coin" defined.
2025-05-09 13:03:51,247 - INFO - Found section 231: Counterfeiting coin.
2025-05-09 13:03:51,247 - INFO - Found section 232: Counterfeiting Indian coin.
2025-05-09 13:03:51,247 - INFO - Found section 233: Making or selling instrument for counterfeiting coin.
2025-05-09 13:03:51,247 - INFO - Found section 234: Making or selling instrument for counterfeiting Indian coin.
2025-05-09 13:03:51,247 - INFO - Found section 235: Possession of instrument or material for the purpose of using the same for counterfeiting coin.
2025-05-09 13:03:51,247 - INFO - Found section 236: Abetting in India the counterfeiting out of India of coin.
2025-05-09 13:03:51,247 - INFO - Found section 237: Import or export of counterfeit coin.
2025-05-09 13:03:51,247 - INFO - Found section 238: Import or export of counterfeits of the Indian coin.
2025-05-09 13:03:51,247 - INFO - Found section 239: Delivery of coin possessed with knowledge that it is counterfeit.
2025-05-09 13:03:51,247 - INFO - Found section 240: Delivery of Indian coin, possessed with knowledge that it is counterfeit.
2025-05-09 13:03:51,247 - INFO - Found section 241: Delivery of coin as genuine, which, when first possessed, the deliverer did not know to be counterfeit.
2025-05-09 13:03:51,247 - INFO - Found section 242: Possession of counterfeit coin by person who knew it to be counterfeit when he became possessed thereof.
2025-05-09 13:03:51,247 - INFO - Found section 243: Possession of Indian coin by person who knew it to be counterfeit when he became possessed thereof.
2025-05-09 13:03:51,247 - INFO - Found section 244: Person employed in mint causing coin to be of different weight or composition from that fixed by law.
2025-05-09 13:03:51,247 - INFO - Found section 245: Unlawfully taking coining instrument from mint.
2025-05-09 13:03:51,247 - INFO - Found section 246: Fraudulently or dishonestly diminishing weight or altering composition of coin.
2025-05-09 13:03:51,250 - INFO - Found section 247: Fraudulently or dishonestly diminishing weight or altering composition of Indian coin.
2025-05-09 13:03:51,250 - INFO - Found section 248: Altering appearance of coin with intent that it shall pass as coin of different description.
2025-05-09 13:03:51,250 - INFO - Found section 249: Altering appearance of Indian coin with intent that it shall pass as coin of different description.
2025-05-09 13:03:51,250 - INFO - Found section 250: Delivery of coin possessed with knowledge that it is altered.
2025-05-09 13:03:51,250 - INFO - Found section 251: Delivery of Indian coin, possessed with knowledge that it is altered.
2025-05-09 13:03:51,250 - INFO - Found section 252: Possession of coin by person who knew it to be altered when he became possessed thereof.
2025-05-09 13:03:51,250 - INFO - Found section 253: Possession of Indian coin by person who knew it to be altered when he became possessed thereof.
2025-05-09 13:03:51,250 - INFO - Found section 254: Delivery of coin as genuine which, when first possessed, the deliverer did not know to be altered.
2025-05-09 13:03:51,250 - INFO - Found section 255: Counterfeiting Government stamp.
2025-05-09 13:03:51,250 - INFO - Found section 256: Having possession of instrument or material for counterfeiting Government stamp.
2025-05-09 13:03:51,250 - INFO - Found section 257: Making or selling instrument for counterfeiting Government stamp.
2025-05-09 13:03:51,250 - INFO - Found section 258: Sale of counterfeit Government stamp.
2025-05-09 13:03:51,250 - INFO - Found section 259: Having possession of counterfeit Government stamp.
2025-05-09 13:03:51,250 - INFO - Found section 260: Using as genuine a Government stamp known to be counterfeit.
2025-05-09 13:03:51,250 - INFO - Found section 261: Effacing writing from substance bearing Government stamp, or removing from document a stamp used for it, with intent to cause loss to Government.
2025-05-09 13:03:51,250 - INFO - Found section 262: Using Government stamp known to have been before used.
2025-05-09 13:03:51,250 - INFO - Found section 263: Erasure of mark denoting that stamp has been used.
2025-05-09 13:03:51,253 - INFO - Found section 264: Fraudulent use of false instrument for weighing.
2025-05-09 13:03:51,253 - INFO - Found section 265: Fraudulent use of false weight or measure.
2025-05-09 13:03:51,253 - INFO - Found section 266: Being in possession of false weight or measure.
2025-05-09 13:03:51,253 - INFO - Found section 267: Making or selling false weight or measure.
2025-05-09 13:03:51,254 - INFO - Found section 268: Public nuisance.
2025-05-09 13:03:51,254 - INFO - Found section 269: Negligent act likely to spread infection of disease dangerous to life.
2025-05-09 13:03:51,254 - INFO - Found section 270: Malignant act likely to spread infection of disease dangerous to life.
2025-05-09 13:03:51,254 - INFO - Found section 271: Disobedience to quarantine rule.
2025-05-09 13:03:51,254 - INFO - Found section 272: Adulteration of food or drink intended for sale.
2025-05-09 13:03:51,255 - INFO - Found section 273: Sale of noxious food or drink.
2025-05-09 13:03:51,255 - INFO - Found section 274: Adulteration of drugs.
2025-05-09 13:03:51,255 - INFO - Found section 275: Sale of adulterated drugs.
2025-05-09 13:03:51,255 - INFO - Found section 276: Sale of drug as a different drug or preparation.
2025-05-09 13:03:51,255 - INFO - Found section 277: Fouling water of public spring or reservoir.
2025-05-09 13:03:51,255 - INFO - Found section 278: Making atmosphere noxious to health.
2025-05-09 13:03:51,255 - INFO - Found section 279: Rash driving or riding on a public way.
2025-05-09 13:03:51,256 - INFO - Found section 280: Rash navigation of vessel.
2025-05-09 13:03:51,256 - INFO - Found section 281: Exhibition of false light, mark or buoy.
2025-05-09 13:03:51,256 - INFO - Found section 282: Conveying person by water for hire in unsafe or overloaded vessel.
2025-05-09 13:03:51,256 - INFO - Found section 283: Danger or obstruction in public way or line of navigation.
2025-05-09 13:03:51,256 - INFO - Found section 284: Negligent conduct with respect to poisonous substance.
2025-05-09 13:03:51,256 - INFO - Found section 285: Negligent conduct with respect to fire or combustible matter.
2025-05-09 13:03:51,256 - INFO - Found section 286: Negligent conduct with respect to explosive substance.
2025-05-09 13:03:51,256 - INFO - Found section 287: Negligent conduct with respect to machinery.
2025-05-09 13:03:51,256 - INFO - Found section 288: Negligent conduct with respect to pulling down or repairing buildings.
2025-05-09 13:03:51,256 - INFO - Found section 289: Negligent conduct with respect to animal.
2025-05-09 13:03:51,256 - INFO - Found section 290: Punishment for public nuisance in cases not otherwise provided for.
2025-05-09 13:03:51,256 - INFO - Found section 291: Continuance of nuisance after injunction to discontinue.
2025-05-09 13:03:51,256 - INFO - Found section 292: Sale, etc., of obscene books, etc..
2025-05-09 13:03:51,256 - INFO - Found section 293: Sale, etc., of obscene objects to young person.
2025-05-09 13:03:51,256 - INFO - Found section 294: Obscene acts and songs.
2025-05-09 13:03:51,259 - INFO - Found section 295: Injuring or defiling place of worship, with intent to insult the religion of any class.
2025-05-09 13:03:51,259 - INFO - Found section 296: Disturbing religious assembly.
2025-05-09 13:03:51,259 - INFO - Found section 297: Trespassing on burial places, etc.
2025-05-09 13:03:51,260 - INFO - Found section 298: Uttering words, etc., with deliberate intent to wound religious feelings.
2025-05-09 13:03:51,260 - INFO - Found section 299: Culpable homicide.
2025-05-09 13:03:51,260 - INFO - Found section 300: Murder.
2025-05-09 13:03:51,260 - INFO - Found section 301: Culpable homicide by causing death of person other than person whose death was intended.
2025-05-09 13:03:51,260 - INFO - Found section 302: Punishment for murder.
2025-05-09 13:03:51,260 - INFO - Found section 303: Punishment for murder by life-convict.
2025-05-09 13:03:51,260 - INFO - Found section 304: Punishment for culpable homicide not amounting to murder.
2025-05-09 13:03:51,260 - INFO - Found section 305: Abetment of suicide of child or insane person.
2025-05-09 13:03:51,260 - INFO - Found section 306: Abetment of suicide.
2025-05-09 13:03:51,260 - INFO - Found section 307: Attempt to murder.
2025-05-09 13:03:51,260 - INFO - Found section 308: Attempt to commit culpable homicide.
2025-05-09 13:03:51,260 - INFO - Found section 309: Attempt to commit suicide.
2025-05-09 13:03:51,260 - INFO - Found section 310: Thug.
2025-05-09 13:03:51,260 - INFO - Found section 311: Punishment.
2025-05-09 13:03:51,260 - INFO - Found section 312: Causing miscarraige.
2025-05-09 13:03:51,260 - INFO - Found section 313: Causing miscarriage without womans consent.
2025-05-09 13:03:51,260 - INFO - Found section 314: Death caused by act done with intent to cause miscarriage.
2025-05-09 13:03:51,260 - INFO - Found section 315: Act done with intent to prevent child being born alive or to cause it to die after birth.
2025-05-09 13:03:51,260 - INFO - Found section 316: Causing death of quick unborn child by act amounting to culpable homicide-.
2025-05-09 13:03:51,260 - INFO - Found section 317: Exposure and abandonment of child under twelve years, by parent or person having care of it.
2025-05-09 13:03:51,260 - INFO - Found section 318: Concealment of birth by secret disposal of dead body.
2025-05-09 13:03:51,260 - INFO - Found section 319: Hurt.
2025-05-09 13:03:51,260 - INFO - Found section 320: Grievous hurt.
2025-05-09 13:03:51,260 - INFO - Found section 321: Voluntarily causing hurt.
2025-05-09 13:03:51,260 - INFO - Found section 322: Voluntarily causing grievous hurt.
2025-05-09 13:03:51,260 - INFO - Found section 323: Punishment for voluntarily causing hurt.
2025-05-09 13:03:51,265 - INFO - Found section 324: Voluntarily causing hurt by dangerous weapons or means.
2025-05-09 13:03:51,265 - INFO - Found section 325: Punishment for voluntarily causing grievous hurt.
2025-05-09 13:03:51,265 - INFO - Found section 326: Voluntarily causing grievous hurt by dangerous weapons or means.
2025-05-09 13:03:51,265 - INFO - Found section 327: Voluntarily causing hurt to extort property, or to constrain to an illegal to an act.
2025-05-09 13:03:51,265 - INFO - Found section 328: Causing hurt by means of poison, etc., with intent to commit and offence.
2025-05-09 13:03:51,266 - INFO - Found section 329: Voluntarily causing grievous hurt to extort property, or to constrain to an illegal act.
2025-05-09 13:03:51,266 - INFO - Found section 330: Voluntarily causing hurt to extort confession or to compel restoration of property.
2025-05-09 13:03:51,266 - INFO - Found section 331: Voluntarily causing grievous hurt to extort confession, or to compel restoration of property.
2025-05-09 13:03:51,266 - INFO - Found section 332: Voluntarily causing hurt to deter public servant from his duty.
2025-05-09 13:03:51,266 - INFO - Found section 333: Voluntarily causing grievous hurt to deter public servant from his duty.
2025-05-09 13:03:51,267 - INFO - Found section 334: Voluntarily causing hurt on provocation.
2025-05-09 13:03:51,267 - INFO - Found section 335: Voluntarily causing grievous hurt on provocation.
2025-05-09 13:03:51,267 - INFO - Found section 336: Act endangering life or personal safety of others.
2025-05-09 13:03:51,267 - INFO - Found section 337: Causing hurt by act endangering life or personal safety of others.
2025-05-09 13:03:51,267 - INFO - Found section 338: Causing grievous hurt by act endangering life or personal safety of others.
2025-05-09 13:03:51,267 - INFO - Found section 339: Wrongful restraint.
2025-05-09 13:03:51,267 - INFO - Found section 340: Wrongful confinement.
2025-05-09 13:03:51,267 - INFO - Found section 341: Punishment for wrongful restraint.
2025-05-09 13:03:51,267 - INFO - Found section 342: Punishment for wrongful confinement.
2025-05-09 13:03:51,267 - INFO - Found section 343: Wrongful confinement for three or more days.
2025-05-09 13:03:51,267 - INFO - Found section 344: Wrongful confinement for ten or more days.
2025-05-09 13:03:51,267 - INFO - Found section 345: Wrongful confinement of person for whose liberation writ has been issued.
2025-05-09 13:03:51,267 - INFO - Found section 346: Wrongful confinement in secret.
2025-05-09 13:03:51,267 - INFO - Found section 347: Wrongful confinement to extort property, or constrain to illegal act.
2025-05-09 13:03:51,267 - INFO - Found section 348: Wrongful confinement to extort confession, or compel restoration of property.
2025-05-09 13:03:51,267 - INFO - Found section 349: Force.
2025-05-09 13:03:51,267 - INFO - Found section 350: Criminal force.
2025-05-09 13:03:51,267 - INFO - Found section 351: Assault.
2025-05-09 13:03:51,267 - INFO - Found section 352: Punishment for assault or criminal force otherwise than on grave provocation.
2025-05-09 13:03:51,267 - INFO - Found section 353: Assault or criminal force to deter public servant from discharge of his duty.
2025-05-09 13:03:51,267 - INFO - Found section 354: Assault or criminal force to woman with intent to outrage her modesty.
2025-05-09 13:03:51,271 - INFO - Found section 355: Assault or criminal force with intent to dishonour person, otherwise than on grave provocation.
2025-05-09 13:03:51,271 - INFO - Found section 356: Assault or criminal force in attempt to commit theft of property carried by a person.
2025-05-09 13:03:51,271 - INFO - Found section 357: Assault or criminal force in attempt wrongfully to confine a person.
2025-05-09 13:03:51,271 - INFO - Found section 358: Assault or criminal force on grave provocation.
2025-05-09 13:03:51,271 - INFO - Found section 359: Kidnapping.
2025-05-09 13:03:51,271 - INFO - Found section 360: Kidnapping from India.
2025-05-09 13:03:51,271 - INFO - Found section 361: Kidnapping from lawful guardianship.
2025-05-09 13:03:51,271 - INFO - Found section 362: Abduction.
2025-05-09 13:03:51,271 - INFO - Found section 363: Punishment for kidnapping.
2025-05-09 13:03:51,271 - INFO - Found section 364: Kidnapping or abducting in order to murder.
2025-05-09 13:03:51,273 - INFO - Found section 365: Kidnapping or abducting with intent secretly and wrongfully to confine person.
2025-05-09 13:03:51,273 - INFO - Found section 366: Kidnapping, abducting or inducing woman to compel her marriage, etc..
2025-05-09 13:03:51,273 - INFO - Found section 367: Kidnapping or abducting in order to subject person to grievous hurt, slavery, etc..
2025-05-09 13:03:51,273 - INFO - Found section 368: Wrongfully concealing or keeping in confinement, kidnapped or abducted person.
2025-05-09 13:03:51,274 - INFO - Found section 369: Kidnapping or abducting child under ten years with intent to steal from its person.
2025-05-09 13:03:51,274 - INFO - Found section 370: Trafficking of persons.
2025-05-09 13:03:51,274 - INFO - Found section 371: Habitual dealing in slaves.
2025-05-09 13:03:51,274 - INFO - Found section 372: Selling minor for purposes of prostitution, etc..
2025-05-09 13:03:51,274 - INFO - Found section 373: Buying minor for purposes of prostitution, etc..
2025-05-09 13:03:51,274 - INFO - Found section 374: Unlawful compulsory labour.
2025-05-09 13:03:51,274 - INFO - Found section 375: Rape.
2025-05-09 13:03:51,274 - INFO - Found section 376: Punishment for rape.
2025-05-09 13:03:51,274 - INFO - Found section 377: Unnatural offences.
2025-05-09 13:03:51,274 - INFO - Found section 378: Theft.
2025-05-09 13:03:51,274 - INFO - Found section 379: Punishment for theft.
2025-05-09 13:03:51,274 - INFO - Found section 380: Theft in dwelling house, etc..
2025-05-09 13:03:51,274 - INFO - Found section 381: Theft by clerk or servant of property in possession of master.
2025-05-09 13:03:51,274 - INFO - Found section 382: Theft after preparation made for causing death, hurt or restraint in order to the committing of the theft.
2025-05-09 13:03:51,277 - INFO - Found section 383: Extortion.
2025-05-09 13:03:51,277 - INFO - Found section 384: Punishment for extortion.
2025-05-09 13:03:51,277 - INFO - Found section 385: Putting person in fear of injury in order to commit extortion.
2025-05-09 13:03:51,277 - INFO - Found section 386: Extortion by putting a person in fear of death or grievous hurt.
2025-05-09 13:03:51,277 - INFO - Found section 387: Putting person in fear of death or of grievous hurt, in order to commit extortion.
2025-05-09 13:03:51,277 - INFO - Found section 388: Extortion by threat of accusation of an offence punishable with death or imprisonment for life, etc.
2025-05-09 13:03:51,277 - INFO - Found section 389: Putting person in fear or accusation of offence, in order to commit extortion.
2025-05-09 13:03:51,277 - INFO - Found section 390: Robbery.
2025-05-09 13:03:51,277 - INFO - Found section 391: Dacoity.
2025-05-09 13:03:51,278 - INFO - Found section 392: Punishment for robbery.
2025-05-09 13:03:51,278 - INFO - Found section 393: Attempt to commit robbery.
2025-05-09 13:03:51,278 - INFO - Found section 394: Voluntarily causing hurt in committing robbery.
2025-05-09 13:03:51,278 - INFO - Found section 395: Punishment for dacoity.
2025-05-09 13:03:51,278 - INFO - Found section 396: Dacoity with murder.
2025-05-09 13:03:51,278 - INFO - Found section 397: Robbery or dacoity, with attempt to cause death or grievous hurt.
2025-05-09 13:03:51,279 - INFO - Found section 398: Attempt to commit robbery or dacoity when armed with deadly weapon.
2025-05-09 13:03:51,279 - INFO - Found section 399: Making preparation to commit dacoity.
2025-05-09 13:03:51,280 - INFO - Found section 400: Punishment for belonging to gang of dacoits.
2025-05-09 13:03:51,280 - INFO - Found section 401: Punishment for belonging to gang of thieves.
2025-05-09 13:03:51,280 - INFO - Found section 402: Assembling for purpose of committing dacoity.
2025-05-09 13:03:51,280 - INFO - Found section 403: Dishonest misappropriation of property.
2025-05-09 13:03:51,280 - INFO - Found section 404: Dishonest misappropriation of property possessed by deceased person at the time of his death.
2025-05-09 13:03:51,280 - INFO - Found section 405: Criminal breach of trust.
2025-05-09 13:03:51,280 - INFO - Found section 406: Punishment for criminal breach of trust.
2025-05-09 13:03:51,280 - INFO - Found section 407: Criminal breach of trust by carrier, etc..
2025-05-09 13:03:51,280 - INFO - Found section 408: Criminal breach of trust by clerk or servant.
2025-05-09 13:03:51,280 - INFO - Found section 409: Criminal breach of trust by public servant, or by banker, merchant or agent.
2025-05-09 13:03:51,282 - INFO - Found section 410: Stolen property.
2025-05-09 13:03:51,282 - INFO - Found section 411: Dishonestly receiving stolen property.
2025-05-09 13:03:51,282 - INFO - Found section 412: Dishonestly receiving property stolen in the commission of a dacoity.
2025-05-09 13:03:51,282 - INFO - Found section 413: Habitually dealing in stolen property.
2025-05-09 13:03:51,282 - INFO - Found section 414: Assisting in concealment of stolen property.
2025-05-09 13:03:51,282 - INFO - Found section 415: Cheating.
2025-05-09 13:03:51,283 - INFO - Found section 416: Cheating by personation.
2025-05-09 13:03:51,283 - INFO - Found section 417: Punishment for cheating.
2025-05-09 13:03:51,283 - INFO - Found section 418: Cheating with knowledge that wrongful loss may ensue to person whose interest offender is bound to protect.
2025-05-09 13:03:51,283 - INFO - Found section 419: Punishment for cheating by personation.
2025-05-09 13:03:51,283 - INFO - Found section 420: Cheating and dishonestly inducing delivery of property.
2025-05-09 13:03:51,283 - INFO - Found section 421: Dishonest or fraudulent removal or concealment of property to prevent distribution among creditors.
2025-05-09 13:03:51,283 - INFO - Found section 422: Dishonestly or fraudulently preventing debt being available for creditors.
2025-05-09 13:03:51,283 - INFO - Found section 423: Dishonest or fraudulent execution of deed of transfer containing false statement of consideration.
2025-05-09 13:03:51,283 - INFO - Found section 424: Dishonest or fraudulent removal or concealment of property.
2025-05-09 13:03:51,283 - INFO - Found section 425: Mischief.
2025-05-09 13:03:51,283 - INFO - Found section 426: Punishment for mischief.
2025-05-09 13:03:51,283 - INFO - Found section 427: Mischief causing damage to the amount of fifty rupees.
2025-05-09 13:03:51,283 - INFO - Found section 428: Mischief by killing or maiming animal of the value of ten rupees.
2025-05-09 13:03:51,286 - INFO - Found section 429: Mischief by killing or maiming cattle, etc., of any value or any animal of the value of fifty rupees.
2025-05-09 13:03:51,286 - INFO - Found section 430: Mischief by injury to works of irrigation or by wrongfully diverting water.
2025-05-09 13:03:51,286 - INFO - Found section 431: Mischief by injury to public road, bridge, river or channel.
2025-05-09 13:03:51,286 - INFO - Found section 432: Mischief by causing inundation or obstruction to public drainage attended with damage.
2025-05-09 13:03:51,286 - INFO - Found section 433: Mischief by destroying, moving or rendering less useful a light-house or sea-mark.
2025-05-09 13:03:51,286 - INFO - Found section 434: Mischief by destroying or moving, etc., a land-mark fixed by public authority.
2025-05-09 13:03:51,286 - INFO - Found section 435: Mischief by fire or explosive substance with intent to cause damage to amount of one hundred or (in case of agricultural produce) ten rupees.
2025-05-09 13:03:51,286 - INFO - Found section 436: Mischief by fire or explosive substance with intent destroy house, etc..
2025-05-09 13:03:51,286 - INFO - Found section 437: Mischief with intent to destroy or make unsafe a decked vessel or one of twenty tons burden.
2025-05-09 13:03:51,286 - INFO - Found section 438: Punishment for the mischief described in section 437 committed by fire or explosive substance.
2025-05-09 13:03:51,286 - INFO - Found section 439: Punishment for intentionally running vessel aground or ashore with intent to commit theft, etc..
2025-05-09 13:03:51,288 - INFO - Found section 440: Mischief committed after preparation made for causing death or hurt.
2025-05-09 13:03:51,288 - INFO - Found section 441: Criminal trespass.
2025-05-09 13:03:51,288 - INFO - Found section 442: House-trespass.
2025-05-09 13:03:51,288 - INFO - Found section 443: Lurking house-trespass.
2025-05-09 13:03:51,288 - INFO - Found section 444: Lurking house-trespass by night.
2025-05-09 13:03:51,288 - INFO - Found section 445: House-breaking.
2025-05-09 13:03:51,288 - INFO - Found section 446: House-breaking by night.
2025-05-09 13:03:51,288 - INFO - Found section 447: Punishment for criminal trespass.
2025-05-09 13:03:51,290 - INFO - Found section 448: Punishment for house-trespass.
2025-05-09 13:03:51,290 - INFO - Found section 449: House-trespass in order to commit offence punishable with death.
2025-05-09 13:03:51,290 - INFO - Found section 450: House-trespass in order to commit offence punishable with imprisonment for life.
2025-05-09 13:03:51,290 - INFO - Found section 451: House-trespass in order to commit offence punishable with imprisonment.
2025-05-09 13:03:51,290 - INFO - Found section 452: House-trespass after preparation for hurt, assault or wrongful restraint.
2025-05-09 13:03:51,290 - INFO - Found section 453: Punishment for lurking house-trespass or house-breaking.
2025-05-09 13:03:51,290 - INFO - Found section 454: Lurking house-trespass or house-breaking in order to commit offence punishable with imprisonment.
2025-05-09 13:03:51,290 - INFO - Found section 455: Lurking house-trespass or house-breaking after preparation for hurt, assault or wrongful restraint.
2025-05-09 13:03:51,290 - INFO - Found section 456: Punishment for lurking house-trespass or house-breaking by night.
2025-05-09 13:03:51,290 - INFO - Found section 457: Lurking house-trespass or house-breaking by night in order to commit offence punishable with imprisonment.
2025-05-09 13:03:51,290 - INFO - Found section 458: Lurking house-trespass or house-breaking by night after preparation for hurt, assault, or wrongful restraint.
2025-05-09 13:03:51,290 - INFO - Found section 459: Grievous hurt caused whilst committing lurking house-trespass or house-breaking.
2025-05-09 13:03:51,290 - INFO - Found section 460: All persons jointly concerned in lurking house-trespass or house-breaking by night punishable where death or grievous hurt caused by one of them.
2025-05-09 13:03:51,290 - INFO - Found section 461: Dishonestly breaking open receptacle containing property.
2025-05-09 13:03:51,290 - INFO - Found section 462: Punishment for same offence when committed by person entrusted with custody.
2025-05-09 13:03:51,290 - INFO - Found section 463: Forgery.
2025-05-09 13:03:51,290 - INFO - Found section 464: Making a false document.
2025-05-09 13:03:51,290 - INFO - Found section 465: Punishment for forgery.
2025-05-09 13:03:51,290 - INFO - Found section 466: Forgery of record of Court or of public register, etc..
2025-05-09 13:03:51,290 - INFO - Found section 467: Forgery of valuable security, will, etc..
2025-05-09 13:03:51,290 - INFO - Found section 468: Forgery for purpose of cheating.
2025-05-09 13:03:51,290 - INFO - Found section 469: Forgery for purpose of harming reputation.
2025-05-09 13:03:51,290 - INFO - Found section 470: Forged document.
2025-05-09 13:03:51,290 - INFO - Found section 471: Using as genuine a forged document.
2025-05-09 13:03:51,290 - INFO - Found section 472: Making or possessing counterfeit seal, etc., with intent to commit forgery punishable under section 467.
2025-05-09 13:03:51,290 - INFO - Found section 473: Making or possessing counterfeit seal, etc., with intent to commit forgery punishable otherwise.
2025-05-09 13:03:51,290 - INFO - Found section 474: Having possession of document described in section 466 or 467, knowing it to be forged and intending to use it genuine.
2025-05-09 13:03:51,290 - INFO - Found section 475: Counterfeiting device or mark used for authenticating documents described in section 467, or possessing counterfeit marked material.
2025-05-09 13:03:51,290 - INFO - Found section 476: Counterfeiting device or mark used for authenticating documents other than those described in section 467, or possessing counterfeit marked material.
2025-05-09 13:03:51,290 - INFO - Found section 477: Fraudulent cancellation, destruction, etc., of will, authority to adopt, or valuable security.
2025-05-09 13:03:51,290 - INFO - Found section 478: Trade Mark. .
2025-05-09 13:03:51,290 - INFO - Found section 479: Property mark.
2025-05-09 13:03:51,290 - INFO - Found section 480: Using a false trade mark. .
2025-05-09 13:03:51,290 - INFO - Found section 481: Using a false property mark.
2025-05-09 13:03:51,290 - INFO - Found section 482: Punishment for using a false property mark.
2025-05-09 13:03:51,290 - INFO - Found section 483: Counterfeiting a property mark used by another.
2025-05-09 13:03:51,290 - INFO - Found section 484: Counterfeiting a mark used by a public servant.
2025-05-09 13:03:51,290 - INFO - Found section 485: Making or possession of any instrument for counterfeiting a property mark.
2025-05-09 13:03:51,290 - INFO - Found section 486: Selling goods marked with a counterfeit property mark.
2025-05-09 13:03:51,290 - INFO - Found section 487: Making a false mark upon any receptacle containing goods.
2025-05-09 13:03:51,290 - INFO - Found section 488: Punishment for making use of any such false mark.
2025-05-09 13:03:51,290 - INFO - Found section 489: Tampering with property mark with intent to cause injury.
2025-05-09 13:03:51,290 - INFO - Found section 490: Breach of contract of service during voyage or journey..
2025-05-09 13:03:51,297 - INFO - Found section 491: Breach of contract to attend on and supply wants of helpless persons.
2025-05-09 13:03:51,297 - INFO - Found section 492: Breach of contract to serve at distant place to which servant is conveyed at master.
2025-05-09 13:03:51,297 - INFO - Found section 493: Cohabitation caused by a man deceitfully inducing a belief of lawful marriage.
2025-05-09 13:03:51,297 - INFO - Found section 494: Marrying again during lifetime of husband or wife.
2025-05-09 13:03:51,297 - INFO - Found section 495: Same offence with concealment of former marriage from person with whom subsequent marriage is contracted.
2025-05-09 13:03:51,297 - INFO - Found section 496: Marriage ceremony fraudulently gone through without lawful marriage.
2025-05-09 13:03:51,297 - INFO - Found section 497: Adultery.
2025-05-09 13:03:51,297 - INFO - Found section 498: Enticing or taking away or detaining with criminal intent a married woman.
2025-05-09 13:03:51,297 - INFO - Found section 499: Defamation.
2025-05-09 13:03:51,299 - INFO - Found section 500: Punishment for defamation.
2025-05-09 13:03:51,299 - INFO - Found section 501: Printing or engraving matter known to be defamatory.
2025-05-09 13:03:51,299 - INFO - Found section 502: Sale of printed or engraved substance containing defamatory matter.
2025-05-09 13:03:51,299 - INFO - Found section 503: Criminal intimidation.
2025-05-09 13:03:51,299 - INFO - Found section 504: Intentional insult with intent to provoke breach of the peace.
2025-05-09 13:03:51,300 - INFO - Found section 505: Statements conducing public mischief.
2025-05-09 13:03:51,300 - INFO - Found section 506: Punishment for criminal intimidation.
2025-05-09 13:03:51,300 - INFO - Found section 507: Criminal intimidation by an anonymous communication.
2025-05-09 13:03:51,300 - INFO - Found section 508: Act caused by inducing person to believe that he will be rendered an object of the Divine displeasure.
2025-05-09 13:03:51,300 - INFO - Found section 509: Word, gesture or act intended to insult the modesty of a woman.
2025-05-09 13:03:51,300 - INFO - Found section 510: Misconduct in public by a drunken person.
2025-05-09 13:03:51,300 - INFO - Found section 511: Punishment for attempting to commit offences punishable with imprisonment for life or other imprisonment.
2025-05-09 13:03:51,301 - INFO - Successfully extracted 511 sections from main page
2025-05-09 13:03:51,301 - INFO - 
Processing details for Section 1
2025-05-09 13:03:51,301 - INFO - Attempting to fetch section 1 details (Attempt 1/3)
2025-05-09 13:03:52,582 - ERROR - Error processing section 1: Could not find content div
2025-05-09 13:03:57,583 - INFO - Attempting to fetch section 1 details (Attempt 2/3)
2025-05-09 13:03:58,911 - ERROR - Error processing section 1: Could not find content div
2025-05-09 13:04:03,920 - INFO - Attempting to fetch section 1 details (Attempt 3/3)
2025-05-09 13:04:05,162 - ERROR - Error processing section 1: Could not find content div
2025-05-09 13:04:05,162 - ERROR - Could not fetch details for section 1
2025-05-09 13:04:07,173 - INFO - 
Processing details for Section 2
2025-05-09 13:04:07,173 - INFO - Attempting to fetch section 2 details (Attempt 1/3)
2025-05-09 13:04:08,551 - ERROR - Error processing section 2: Could not find content div
2025-05-09 13:04:13,559 - INFO - Attempting to fetch section 2 details (Attempt 2/3)
2025-05-09 13:04:14,895 - ERROR - Error processing section 2: Could not find content div
2025-05-09 13:04:19,904 - INFO - Attempting to fetch section 2 details (Attempt 3/3)
2025-05-09 13:04:21,243 - ERROR - Error processing section 2: Could not find content div
2025-05-09 13:04:21,243 - ERROR - Could not fetch details for section 2
2025-05-09 13:04:23,252 - INFO - 
Processing details for Section 3
2025-05-09 13:04:23,252 - INFO - Attempting to fetch section 3 details (Attempt 1/3)
2025-05-09 13:04:24,567 - INFO - Starting IPC sections scraping...
2025-05-09 13:04:24,567 - INFO - Fetching main sections page...
2025-05-09 13:04:24,657 - ERROR - Error processing section 3: Could not find content div
2025-05-09 13:04:26,176 - INFO - Found section 1: Title and extent of operation of the Code.
2025-05-09 13:04:26,176 - INFO - Found section 2: Punishment of offences committed within India.
2025-05-09 13:04:26,176 - INFO - Found section 3: Punishment of offences committed beyond, but which by law may be tried within, India.
2025-05-09 13:04:26,178 - INFO - Found section 4: Extension of Code to extra-territorial offences.
2025-05-09 13:04:26,178 - INFO - Found section 5: Certain laws not to be affected by this Act.
2025-05-09 13:04:26,178 - INFO - Found section 6: Definitions in the Code to be understood subject to exceptions.
2025-05-09 13:04:26,178 - INFO - Found section 7: Sense of expression once explained.
2025-05-09 13:04:26,178 - INFO - Found section 8: Gender.
2025-05-09 13:04:26,178 - INFO - Found section 9: Number.
2025-05-09 13:04:26,178 - INFO - Found section 10: "Man" "Woman".
2025-05-09 13:04:26,178 - INFO - Found section 11: "Person".
2025-05-09 13:04:26,178 - INFO - Found section 12: "Public".
2025-05-09 13:04:26,178 - INFO - Found section 13: "Queen".
2025-05-09 13:04:26,180 - INFO - Found section 14: "Servant of Government".
2025-05-09 13:04:26,180 - INFO - Found section 15: "British India".
2025-05-09 13:04:26,180 - INFO - Found section 16: "Government of India".
2025-05-09 13:04:26,180 - INFO - Found section 17: "Government".
2025-05-09 13:04:26,180 - INFO - Found section 18: "India".
2025-05-09 13:04:26,180 - INFO - Found section 19: "Judge".
2025-05-09 13:04:26,180 - INFO - Found section 20: "Court of Justice".
2025-05-09 13:04:26,180 - INFO - Found section 21: "Public servant".
2025-05-09 13:04:26,180 - INFO - Found section 22: "Movable property".
2025-05-09 13:04:26,180 - INFO - Found section 23: "Wrongful gain".
2025-05-09 13:04:26,180 - INFO - Found section 24: "Dishonestly".
2025-05-09 13:04:26,180 - INFO - Found section 25: "Fraudulently".
2025-05-09 13:04:26,182 - INFO - Found section 26: "Reason to believe".
2025-05-09 13:04:26,182 - INFO - Found section 27: Property in possession of wife, clerk or servant.
2025-05-09 13:04:26,182 - INFO - Found section 28: "Counterfeit".
2025-05-09 13:04:26,182 - INFO - Found section 29: "Document".
2025-05-09 13:04:26,182 - INFO - Found section 30: "Valuable security".
2025-05-09 13:04:26,182 - INFO - Found section 31: "A will".
2025-05-09 13:04:26,182 - INFO - Found section 32: Words referring to acts include illegal omissions.
2025-05-09 13:04:26,182 - INFO - Found section 33: "Act". "Omission".
2025-05-09 13:04:26,182 - INFO - Found section 34: Acts done by several persons in furtherance of common intention -.
2025-05-09 13:04:26,182 - INFO - Found section 35: When such an act is criminal by reason of its being done with a criminal knowledge or intention.
2025-05-09 13:04:26,182 - INFO - Found section 36: Effect caused partly by act and partly by omission.
2025-05-09 13:04:26,182 - INFO - Found section 37: Co-operation by doing one of several acts constituting an offence.
2025-05-09 13:04:26,184 - INFO - Found section 38: Persons concerned in criminal Act may be guilty of different offences.
2025-05-09 13:04:26,184 - INFO - Found section 39: "Voluntarily".
2025-05-09 13:04:26,184 - INFO - Found section 40: "Offence".
2025-05-09 13:04:26,184 - INFO - Found section 41: "Special law".
2025-05-09 13:04:26,184 - INFO - Found section 42: "Local law".
2025-05-09 13:04:26,184 - INFO - Found section 43: "Illegal". "Legally bound to do".
2025-05-09 13:04:26,184 - INFO - Found section 44: "Injury".
2025-05-09 13:04:26,184 - INFO - Found section 45: "Life".
2025-05-09 13:04:26,184 - INFO - Found section 46: "Death".
2025-05-09 13:04:26,184 - INFO - Found section 47: "Animal".
2025-05-09 13:04:26,184 - INFO - Found section 48: "Vessel".
2025-05-09 13:04:26,184 - INFO - Found section 49: "Year". "Month".
2025-05-09 13:04:26,184 - INFO - Found section 50: "Section".
2025-05-09 13:04:26,184 - INFO - Found section 51: "Oath".
2025-05-09 13:04:26,184 - INFO - Found section 52: "Good faith".
2025-05-09 13:04:26,184 - INFO - Found section 53: Punishments.
2025-05-09 13:04:26,184 - INFO - Found section 54: Commutation of sentence of death.
2025-05-09 13:04:26,184 - INFO - Found section 55: Commutation of sentence of imprisonment for life.
2025-05-09 13:04:26,184 - INFO - Found section 56: Sentence of Europeans and Americans to penal servitude..
2025-05-09 13:04:26,184 - INFO - Found section 57: Fractions of terms of punishment.
2025-05-09 13:04:26,184 - INFO - Found section 58: Offenders sentenced to transportation how dealt with until transported..
2025-05-09 13:04:26,184 - INFO - Found section 59: Transportation instead of imprisonment..
2025-05-09 13:04:26,184 - INFO - Found section 60: Sentence may be (in certain cases of imprisonment) wholly or partly rigorous or simple.
2025-05-09 13:04:26,184 - INFO - Found section 61: Sentence of forfeiture of property..
2025-05-09 13:04:26,184 - INFO - Found section 62: Forfeiture of property, in respect of offenders punishable with death, transportation or imprisonment..
2025-05-09 13:04:26,184 - INFO - Found section 63: Amount of fine.
2025-05-09 13:04:26,184 - INFO - Found section 64: Sentence of imprisonment for non-payment of fine.
2025-05-09 13:04:26,184 - INFO - Found section 65: Limit to imprisonment for non-payment of fine, when imprisonment and fine awardable.
2025-05-09 13:04:26,184 - INFO - Found section 66: Description of imprisonment for non-payment of fine.
2025-05-09 13:04:26,184 - INFO - Found section 67: Imprisonment for non-payment of fine, when offence punishable with fine only.
2025-05-09 13:04:26,184 - INFO - Found section 68: Imprisonment to terminate on payment of fine.
2025-05-09 13:04:26,184 - INFO - Found section 69: Termination of imprisonment on payment of proportional part of fine.
2025-05-09 13:04:26,184 - INFO - Found section 70: Fine leviable within six years, or during imprisonment. Death not to discharge property from liability.
2025-05-09 13:04:26,184 - INFO - Found section 71: Limit of punishment of offence made up of several offences.
2025-05-09 13:04:26,184 - INFO - Found section 72: Punishment of person guilty of one of several offences, the judgment stating that it is doubtful of which.
2025-05-09 13:04:26,184 - INFO - Found section 73: Solitary confinement.
2025-05-09 13:04:26,184 - INFO - Found section 74: Limit of solitary confinement.
2025-05-09 13:04:26,184 - INFO - Found section 75: Enhanced punishment for certain offences under Chapter XII or Chapter XVII after previous conviction.
2025-05-09 13:04:26,184 - INFO - Found section 76: Act done by a person bound, or by mistake of fact believing himself bound, by law.
2025-05-09 13:04:26,184 - INFO - Found section 77: Act of Judge when acting judicially.
2025-05-09 13:04:26,184 - INFO - Found section 78: Act done pursuant to the judgment or order of Court.
2025-05-09 13:04:26,184 - INFO - Found section 79: Act done by a person justified, or by mistake of fact believing himself, justified, by law.
2025-05-09 13:04:26,184 - INFO - Found section 80: Accident in doing a lawful act.
2025-05-09 13:04:26,184 - INFO - Found section 81: Act likely to cause harm, but done without criminal intent, and to prevent other harm.
2025-05-09 13:04:26,192 - INFO - Found section 82: Act of a child under seven years of age.
2025-05-09 13:04:26,192 - INFO - Found section 83: Act of a child above seven and under twelve of immature understanding.
2025-05-09 13:04:26,192 - INFO - Found section 84: Act of a person of unsound mind.
2025-05-09 13:04:26,192 - INFO - Found section 85: Act of a person incapable of judgment by reason of intoxication caused against his will.
2025-05-09 13:04:26,192 - INFO - Found section 86: Offence requiring a particular intent or knowledge committed by one who is intoxicated.
2025-05-09 13:04:26,192 - INFO - Found section 87: Act not intended and not known to be likely to cause death or grievous hurt, done by consent.
2025-05-09 13:04:26,192 - INFO - Found section 88: Act not intended to cause death, done by consent in good faith for persons benefit.
2025-05-09 13:04:26,192 - INFO - Found section 89: Act done in good faith for benefit of child or insane person, by or by consent of guardian.
2025-05-09 13:04:26,192 - INFO - Found section 90: Consent known to be given under fear or misconception.
2025-05-09 13:04:26,192 - INFO - Found section 91: Exclusion of acts which are offences independently of harm cause.
2025-05-09 13:04:26,192 - INFO - Found section 92: Act done in good faith for benefit of a person without consent.
2025-05-09 13:04:26,192 - INFO - Found section 93: Communication made in good faith.
2025-05-09 13:04:26,192 - INFO - Found section 94: Act to which a person is compelled by threats.
2025-05-09 13:04:26,192 - INFO - Found section 95: Act causing slight harm.
2025-05-09 13:04:26,192 - INFO - Found section 96: Things done in private defence.
2025-05-09 13:04:26,192 - INFO - Found section 97: Right of private defence of the body and of property.
2025-05-09 13:04:26,192 - INFO - Found section 98: Right of private defence against the act of a person of unsound mind, etc..
2025-05-09 13:04:26,192 - INFO - Found section 99: Acts against which there is no right of private defence.
2025-05-09 13:04:26,192 - INFO - Found section 100: When the right of private defence of the body extends to causing death.
2025-05-09 13:04:26,192 - INFO - Found section 101: When such right extends to causing any harm other than death.
2025-05-09 13:04:26,192 - INFO - Found section 102: Commencement and continuance of the right of private defence of the body.
2025-05-09 13:04:26,192 - INFO - Found section 103: When the right of private defence of property extends to causing death.
2025-05-09 13:04:26,192 - INFO - Found section 104: When such right to causing any harm other than death.
2025-05-09 13:04:26,192 - INFO - Found section 105: Commencement and continuance of the right of private defence of property.
2025-05-09 13:04:26,192 - INFO - Found section 106: Right of private defence against deadly assault when there is risk of harm to innocent person.
2025-05-09 13:04:26,192 - INFO - Found section 107: Abetment of a thing.
2025-05-09 13:04:26,192 - INFO - Found section 108: Abettor.
2025-05-09 13:04:26,192 - INFO - Found section 109: Punishment of abetment if the act abetted is committed in consequence and where no express provision is made for its punishment.
2025-05-09 13:04:26,192 - INFO - Found section 110: Punishment of abetment if person abetted does act with different intention from that of abettor.
2025-05-09 13:04:26,192 - INFO - Found section 111: Liability of abettor when one act abetted and different act done.
2025-05-09 13:04:26,192 - INFO - Found section 112: Abettor when liable to cumulative punishment for act abetted and for act done.
2025-05-09 13:04:26,192 - INFO - Found section 113: Liability of abettor for an effect caused by the act abetted different from that intended by the abettor.
2025-05-09 13:04:26,192 - INFO - Found section 114: Abettor present when offence is committed.
2025-05-09 13:04:26,192 - INFO - Found section 115: Abetment of offence punishable with death or imprisonment for life if offence not committed.
2025-05-09 13:04:26,192 - INFO - Found section 116: Abetment of offence punishable with imprisonment -- if offence be not committed.
2025-05-09 13:04:26,192 - INFO - Found section 117: Abetting commission of offence by the public or by more than ten persons.
2025-05-09 13:04:26,192 - INFO - Found section 118: Concealing design to commit offence punishable with death or imprisonment for life.
2025-05-09 13:04:26,192 - INFO - Found section 119: Public servant concealing design to commit offence which it is his duty to prevent.
2025-05-09 13:04:26,192 - INFO - Found section 120: Concealing design to commit offence punishable with imprisonment.
2025-05-09 13:04:26,192 - INFO - Found section 121: Waging, or attempting to wage war, or abetting waging of war, against the Government of India.
2025-05-09 13:04:26,192 - INFO - Found section 122: Collecting arms, etc., with intention of waging war against the Government of India.
2025-05-09 13:04:26,192 - INFO - Found section 123: Concealing with intent to facilitate design to wage war.
2025-05-09 13:04:26,192 - INFO - Found section 124: Assaulting President, Governor, etc., with intent to compel or restrain the exercise of any lawful power.
2025-05-09 13:04:26,192 - INFO - Found section 125: Waging war against any Asiatic Power in alliance with the Government of India.
2025-05-09 13:04:26,201 - INFO - Found section 126: Committing depredation on territories of Power at peace with the Government of India.
2025-05-09 13:04:26,201 - INFO - Found section 127: Receiving property taken by war or depredation mentioned in sections 125 and 126.
2025-05-09 13:04:26,201 - INFO - Found section 128: Public servant voluntarily allowing prisoner of state or war to escape.
2025-05-09 13:04:26,201 - INFO - Found section 129: Public servant negligently suffering such prisoner to escape.
2025-05-09 13:04:26,201 - INFO - Found section 130: Aiding escape of, rescuing or harbouring such prisoner.
2025-05-09 13:04:26,201 - INFO - Found section 131: Abetting mutiny, or attempting to seduce a soldier, sailor or airman from his duty.
2025-05-09 13:04:26,201 - INFO - Found section 132: Abetment of mutiny, if mutiny is committed in consequence thereof.
2025-05-09 13:04:26,201 - INFO - Found section 133: Abetment of assault by soldier, sailor or airman on his superior officer, when in execution of his office.
2025-05-09 13:04:26,201 - INFO - Found section 134: Abetment of such assault, if the assault committed.
2025-05-09 13:04:26,201 - INFO - Found section 135: Abetment of desertion of soldier, sailor or airman.
2025-05-09 13:04:26,201 - INFO - Found section 136: Harbouring deserter.
2025-05-09 13:04:26,201 - INFO - Found section 137: Deserter concealed on board merchant vessel through negligence of master.
2025-05-09 13:04:26,201 - INFO - Found section 138: Abetment of act of insubordination by soldier, sailor or airman.
2025-05-09 13:04:26,201 - INFO - Found section 139: Persons subject to certain Acts.
2025-05-09 13:04:26,201 - INFO - Found section 140: Wearing garb or carrying token used by soldier, sailor or airman.
2025-05-09 13:04:26,201 - INFO - Found section 141: Unlawful assembly.
2025-05-09 13:04:26,201 - INFO - Found section 142: Being member of unlawful assembly.
2025-05-09 13:04:26,201 - INFO - Found section 143: Punishment.
2025-05-09 13:04:26,201 - INFO - Found section 144: Joining unlawful assembly armed with deadly weapon.
2025-05-09 13:04:26,201 - INFO - Found section 145: Joining or continuing in unlawful assembly, knowing it has been commanded to disperse.
2025-05-09 13:04:26,201 - INFO - Found section 146: Rioting.
2025-05-09 13:04:26,201 - INFO - Found section 147: Punishment for rioting.
2025-05-09 13:04:26,201 - INFO - Found section 148: Rioting, armed with deadly weapon.
2025-05-09 13:04:26,201 - INFO - Found section 149: Every member of unlawful assembly guilty of offence committed in prosecution of common object.
2025-05-09 13:04:26,201 - INFO - Found section 150: Hiring, or conniving at hiring, of persons to join unlawful assembly.
2025-05-09 13:04:26,201 - INFO - Found section 151: Knowingly joining or continuing in assembly of five or more persons after it has been commanded to disperse.
2025-05-09 13:04:26,201 - INFO - Found section 152: Assaulting or obstructing public servant when suppressing riot, etc..
2025-05-09 13:04:26,201 - INFO - Found section 153: Wantonly giving provocation with intent to cause riot.
2025-05-09 13:04:26,201 - INFO - Found section 154: Owner or occupier of land on which an unlawful assembly is held.
2025-05-09 13:04:26,201 - INFO - Found section 155: Liability of person for whose benefit riot is committed.
2025-05-09 13:04:26,201 - INFO - Found section 156: Liability of agent of owner or occupier for whose benefit riot is committed.
2025-05-09 13:04:26,201 - INFO - Found section 157: Harbouring persons hired for an unlawful assembly.
2025-05-09 13:04:26,201 - INFO - Found section 158: Being hired to take part in an unlawful assembly or riot.
2025-05-09 13:04:26,201 - INFO - Found section 159: Affray.
2025-05-09 13:04:26,208 - INFO - Found section 160: Punishment for committing affray.
2025-05-09 13:04:26,208 - INFO - Found section 161: Rep. by the Prevention of Corruption Act, 1988.
2025-05-09 13:04:26,208 - INFO - Found section 162: Rep. by the Prevention of Corruption Act, 1988.
2025-05-09 13:04:26,208 - INFO - Found section 163: Rep. by the Prevention of Corruption Act, 1988.
2025-05-09 13:04:26,208 - INFO - Found section 164: Rep. by the Prevention of Corruption Act, 1988.
2025-05-09 13:04:26,209 - INFO - Found section 165: Rep. by the Prevention of Corruption Act, 1988.
2025-05-09 13:04:26,209 - INFO - Found section 166: Public servant disobeying law, with intent to cause injury to any person.
2025-05-09 13:04:26,209 - INFO - Found section 167: Public servant framing an incorrect document with intent to cause injury.
2025-05-09 13:04:26,209 - INFO - Found section 168: Public servant unlawfully engaging in trade.
2025-05-09 13:04:26,209 - INFO - Found section 169: Public servant unlawfully buying or bidding for property.
2025-05-09 13:04:26,209 - INFO - Found section 170: Personating a public servant.
2025-05-09 13:04:26,209 - INFO - Found section 171: Wearing garb or carrying token used by public servant with fraudulent intent.
2025-05-09 13:04:26,209 - INFO - Found section 172: Absconding to avoid service of summons or other proceeding.
2025-05-09 13:04:26,209 - INFO - Found section 173: Preventing service of summons or other proceeding, or preventing publication thereof.
2025-05-09 13:04:26,209 - INFO - Found section 174: Non-attendance in obedience to an order from public servant.
2025-05-09 13:04:26,209 - INFO - Found section 175: Omission to produce document to public servant by person legally bound to produce it.
2025-05-09 13:04:26,209 - INFO - Found section 176: Omission to give notice or information to public servant by person legally bound to give it.
2025-05-09 13:04:26,211 - INFO - Found section 177: Furnishing false information.
2025-05-09 13:04:26,211 - INFO - Found section 178: Refusing oath or affirmation when duly required by public servant to make it.
2025-05-09 13:04:26,211 - INFO - Found section 179: Refusing to answer public servant authorized to question.
2025-05-09 13:04:26,211 - INFO - Found section 180: Refusing to sign statement.
2025-05-09 13:04:26,211 - INFO - Found section 181: False statement on oath or affirmation to public servant or person authorized to administer an oath or affirmation.
2025-05-09 13:04:26,211 - INFO - Found section 182: False information, with intent to cause public servant to use his lawful power to the injury of another person.
2025-05-09 13:04:26,211 - INFO - Found section 183: Resistance to the taking of property by the lawful authority of a public servant.
2025-05-09 13:04:26,211 - INFO - Found section 184: Obstructing sale of property offered for sale by authority of public servant.
2025-05-09 13:04:26,211 - INFO - Found section 185: Illegal purchase or bid for property offered for sale by authority of public servant.
2025-05-09 13:04:26,211 - INFO - Found section 186: Obstructing public servant in discharge of public functions.
2025-05-09 13:04:26,211 - INFO - Found section 187: Omission to assist public servant when bound by law to give assistance.
2025-05-09 13:04:26,211 - INFO - Found section 188: Disobedience to order duly promulgated by public servant.
2025-05-09 13:04:26,211 - INFO - Found section 189: Threat of injury to public servant.
2025-05-09 13:04:26,211 - INFO - Found section 190: Threat of injury to induce person to refrain from applying for protection to public servant.
2025-05-09 13:04:26,211 - INFO - Found section 191: Giving false evidence.
2025-05-09 13:04:26,211 - INFO - Found section 192: Fabricating false evidence.
2025-05-09 13:04:26,211 - INFO - Found section 193: Punishment for false evidence.
2025-05-09 13:04:26,211 - INFO - Found section 194: Giving or fabricating false evidence with intent to procure conviction of capital offence.
2025-05-09 13:04:26,211 - INFO - Found section 195: Giving or fabricating false evidence with intent to procure conviction of an offence punishable with imprisonment for life or with imprisonment for 7 Years or upwards.
2025-05-09 13:04:26,211 - INFO - Found section 196: Using evidence known to be false.
2025-05-09 13:04:26,211 - INFO - Found section 197: Issuing or signing false certificate.
2025-05-09 13:04:26,211 - INFO - Found section 198: Using as true a certificate known to be false.
2025-05-09 13:04:26,211 - INFO - Found section 199: False statement made in declaration which is by law receivable as evidence.
2025-05-09 13:04:26,215 - INFO - Found section 200: Using as true such declaration knowing it to be false.
2025-05-09 13:04:26,215 - INFO - Found section 201: Causing disappearance of evidence of offence, or giving false information to screen offender.
2025-05-09 13:04:26,215 - INFO - Found section 202: Intentional omission to give information of offence by person bound to inform.
2025-05-09 13:04:26,215 - INFO - Found section 203: Giving false information respecting an offence committed.
2025-05-09 13:04:26,215 - INFO - Found section 204: Destruction of document to prevent its production as evidence.
2025-05-09 13:04:26,215 - INFO - Found section 205: False personation for purpose of act or proceeding in suit or prosecution.
2025-05-09 13:04:26,215 - INFO - Found section 206: Fraudulent removal or concealment of property to prevent its seizure as forfeited or in execution.
2025-05-09 13:04:26,215 - INFO - Found section 207: Fraudulent claim to property to prevent its seizure as forfeited or in execution.
2025-05-09 13:04:26,215 - INFO - Found section 208: Fraudulently suffering decree for sum not due.
2025-05-09 13:04:26,215 - INFO - Found section 209: Dishonesty making false claim in Court.
2025-05-09 13:04:26,215 - INFO - Found section 210: Fraudulently obtaining decree for sum not due.
2025-05-09 13:04:26,215 - INFO - Found section 211: False charge of offence made with intent to injure.
2025-05-09 13:04:26,217 - INFO - Found section 212: Harbouring offender.
2025-05-09 13:04:26,217 - INFO - Found section 213: Taking gift, etc., to screen an offender from punishment.
2025-05-09 13:04:26,217 - INFO - Found section 214: Offering gift or restoration of property in consideration of screening offender.
2025-05-09 13:04:26,217 - INFO - Found section 215: Taking gift to help to recover stolen property, etc.
2025-05-09 13:04:26,217 - INFO - Found section 216: Harbouring offender who has escaped from custody or whose apprehension has been ordered.
2025-05-09 13:04:26,217 - INFO - Found section 217: Public servant disobeying direction of law with intent to save person from punishment or property from forfeiture.
2025-05-09 13:04:26,217 - INFO - Found section 218: Public servant framing incorrect record or writing with intent to save person from punishment or property from forfeiture.
2025-05-09 13:04:26,217 - INFO - Found section 219: Public servant in judicial proceeding corruptly making report, etc., contrary to law.
2025-05-09 13:04:26,217 - INFO - Found section 220: Commitment for trial or confinement by person having authority who knows that he is acting contrary to law.
2025-05-09 13:04:26,217 - INFO - Found section 221: Intentional omission to apprehend on the part of public servant bound to apprehend.
2025-05-09 13:04:26,217 - INFO - Found section 222: Intentional omission to apprehend on the part of public servant bound to apprehend person under sentence or lawfully committed.
2025-05-09 13:04:26,217 - INFO - Found section 223: Escape from confinement or custody negligently suffered by public servant.
2025-05-09 13:04:26,217 - INFO - Found section 224: Resistance or obstruction by a person to his lawful apprehension.
2025-05-09 13:04:26,217 - INFO - Found section 225: Resistance or obstruction to lawful apprehension of another person.
2025-05-09 13:04:26,217 - INFO - Found section 226: Unlawful return from transportation. .
2025-05-09 13:04:26,217 - INFO - Found section 227: Violation of condition of remission of punishment.
2025-05-09 13:04:26,217 - INFO - Found section 228: Intentional insult or interruption to public servant sitting in judicial proceeding.
2025-05-09 13:04:26,217 - INFO - Found section 229: Personation of a juror or assessor.
2025-05-09 13:04:26,217 - INFO - Found section 230: "Coin" defined.
2025-05-09 13:04:26,217 - INFO - Found section 231: Counterfeiting coin.
2025-05-09 13:04:26,217 - INFO - Found section 232: Counterfeiting Indian coin.
2025-05-09 13:04:26,217 - INFO - Found section 233: Making or selling instrument for counterfeiting coin.
2025-05-09 13:04:26,217 - INFO - Found section 234: Making or selling instrument for counterfeiting Indian coin.
2025-05-09 13:04:26,217 - INFO - Found section 235: Possession of instrument or material for the purpose of using the same for counterfeiting coin.
2025-05-09 13:04:26,217 - INFO - Found section 236: Abetting in India the counterfeiting out of India of coin.
2025-05-09 13:04:26,217 - INFO - Found section 237: Import or export of counterfeit coin.
2025-05-09 13:04:26,217 - INFO - Found section 238: Import or export of counterfeits of the Indian coin.
2025-05-09 13:04:26,217 - INFO - Found section 239: Delivery of coin possessed with knowledge that it is counterfeit.
2025-05-09 13:04:26,217 - INFO - Found section 240: Delivery of Indian coin, possessed with knowledge that it is counterfeit.
2025-05-09 13:04:26,217 - INFO - Found section 241: Delivery of coin as genuine, which, when first possessed, the deliverer did not know to be counterfeit.
2025-05-09 13:04:26,217 - INFO - Found section 242: Possession of counterfeit coin by person who knew it to be counterfeit when he became possessed thereof.
2025-05-09 13:04:26,217 - INFO - Found section 243: Possession of Indian coin by person who knew it to be counterfeit when he became possessed thereof.
2025-05-09 13:04:26,217 - INFO - Found section 244: Person employed in mint causing coin to be of different weight or composition from that fixed by law.
2025-05-09 13:04:26,217 - INFO - Found section 245: Unlawfully taking coining instrument from mint.
2025-05-09 13:04:26,217 - INFO - Found section 246: Fraudulently or dishonestly diminishing weight or altering composition of coin.
2025-05-09 13:04:26,217 - INFO - Found section 247: Fraudulently or dishonestly diminishing weight or altering composition of Indian coin.
2025-05-09 13:04:26,217 - INFO - Found section 248: Altering appearance of coin with intent that it shall pass as coin of different description.
2025-05-09 13:04:26,217 - INFO - Found section 249: Altering appearance of Indian coin with intent that it shall pass as coin of different description.
2025-05-09 13:04:26,217 - INFO - Found section 250: Delivery of coin possessed with knowledge that it is altered.
2025-05-09 13:04:26,217 - INFO - Found section 251: Delivery of Indian coin, possessed with knowledge that it is altered.
2025-05-09 13:04:26,217 - INFO - Found section 252: Possession of coin by person who knew it to be altered when he became possessed thereof.
2025-05-09 13:04:26,217 - INFO - Found section 253: Possession of Indian coin by person who knew it to be altered when he became possessed thereof.
2025-05-09 13:04:26,217 - INFO - Found section 254: Delivery of coin as genuine which, when first possessed, the deliverer did not know to be altered.
2025-05-09 13:04:26,217 - INFO - Found section 255: Counterfeiting Government stamp.
2025-05-09 13:04:26,217 - INFO - Found section 256: Having possession of instrument or material for counterfeiting Government stamp.
2025-05-09 13:04:26,226 - INFO - Found section 257: Making or selling instrument for counterfeiting Government stamp.
2025-05-09 13:04:26,226 - INFO - Found section 258: Sale of counterfeit Government stamp.
2025-05-09 13:04:26,226 - INFO - Found section 259: Having possession of counterfeit Government stamp.
2025-05-09 13:04:26,226 - INFO - Found section 260: Using as genuine a Government stamp known to be counterfeit.
2025-05-09 13:04:26,226 - INFO - Found section 261: Effacing writing from substance bearing Government stamp, or removing from document a stamp used for it, with intent to cause loss to Government.
2025-05-09 13:04:26,226 - INFO - Found section 262: Using Government stamp known to have been before used.
2025-05-09 13:04:26,226 - INFO - Found section 263: Erasure of mark denoting that stamp has been used.
2025-05-09 13:04:26,226 - INFO - Found section 264: Fraudulent use of false instrument for weighing.
2025-05-09 13:04:26,226 - INFO - Found section 265: Fraudulent use of false weight or measure.
2025-05-09 13:04:26,226 - INFO - Found section 266: Being in possession of false weight or measure.
2025-05-09 13:04:26,226 - INFO - Found section 267: Making or selling false weight or measure.
2025-05-09 13:04:26,226 - INFO - Found section 268: Public nuisance.
2025-05-09 13:04:26,226 - INFO - Found section 269: Negligent act likely to spread infection of disease dangerous to life.
2025-05-09 13:04:26,226 - INFO - Found section 270: Malignant act likely to spread infection of disease dangerous to life.
2025-05-09 13:04:26,226 - INFO - Found section 271: Disobedience to quarantine rule.
2025-05-09 13:04:26,229 - INFO - Found section 272: Adulteration of food or drink intended for sale.
2025-05-09 13:04:26,229 - INFO - Found section 273: Sale of noxious food or drink.
2025-05-09 13:04:26,229 - INFO - Found section 274: Adulteration of drugs.
2025-05-09 13:04:26,229 - INFO - Found section 275: Sale of adulterated drugs.
2025-05-09 13:04:26,230 - INFO - Found section 276: Sale of drug as a different drug or preparation.
2025-05-09 13:04:26,230 - INFO - Found section 277: Fouling water of public spring or reservoir.
2025-05-09 13:04:26,230 - INFO - Found section 278: Making atmosphere noxious to health.
2025-05-09 13:04:26,230 - INFO - Found section 279: Rash driving or riding on a public way.
2025-05-09 13:04:26,230 - INFO - Found section 280: Rash navigation of vessel.
2025-05-09 13:04:26,230 - INFO - Found section 281: Exhibition of false light, mark or buoy.
2025-05-09 13:04:26,230 - INFO - Found section 282: Conveying person by water for hire in unsafe or overloaded vessel.
2025-05-09 13:04:26,230 - INFO - Found section 283: Danger or obstruction in public way or line of navigation.
2025-05-09 13:04:26,230 - INFO - Found section 284: Negligent conduct with respect to poisonous substance.
2025-05-09 13:04:26,232 - INFO - Found section 285: Negligent conduct with respect to fire or combustible matter.
2025-05-09 13:04:26,232 - INFO - Found section 286: Negligent conduct with respect to explosive substance.
2025-05-09 13:04:26,232 - INFO - Found section 287: Negligent conduct with respect to machinery.
2025-05-09 13:04:26,232 - INFO - Found section 288: Negligent conduct with respect to pulling down or repairing buildings.
2025-05-09 13:04:26,232 - INFO - Found section 289: Negligent conduct with respect to animal.
2025-05-09 13:04:26,232 - INFO - Found section 290: Punishment for public nuisance in cases not otherwise provided for.
2025-05-09 13:04:26,232 - INFO - Found section 291: Continuance of nuisance after injunction to discontinue.
2025-05-09 13:04:26,232 - INFO - Found section 292: Sale, etc., of obscene books, etc..
2025-05-09 13:04:26,232 - INFO - Found section 293: Sale, etc., of obscene objects to young person.
2025-05-09 13:04:26,234 - INFO - Found section 294: Obscene acts and songs.
2025-05-09 13:04:26,234 - INFO - Found section 295: Injuring or defiling place of worship, with intent to insult the religion of any class.
2025-05-09 13:04:26,234 - INFO - Found section 296: Disturbing religious assembly.
2025-05-09 13:04:26,234 - INFO - Found section 297: Trespassing on burial places, etc.
2025-05-09 13:04:26,234 - INFO - Found section 298: Uttering words, etc., with deliberate intent to wound religious feelings.
2025-05-09 13:04:26,234 - INFO - Found section 299: Culpable homicide.
2025-05-09 13:04:26,234 - INFO - Found section 300: Murder.
2025-05-09 13:04:26,234 - INFO - Found section 301: Culpable homicide by causing death of person other than person whose death was intended.
2025-05-09 13:04:26,234 - INFO - Found section 302: Punishment for murder.
2025-05-09 13:04:26,234 - INFO - Found section 303: Punishment for murder by life-convict.
2025-05-09 13:04:26,234 - INFO - Found section 304: Punishment for culpable homicide not amounting to murder.
2025-05-09 13:04:26,234 - INFO - Found section 305: Abetment of suicide of child or insane person.
2025-05-09 13:04:26,234 - INFO - Found section 306: Abetment of suicide.
2025-05-09 13:04:26,234 - INFO - Found section 307: Attempt to murder.
2025-05-09 13:04:26,234 - INFO - Found section 308: Attempt to commit culpable homicide.
2025-05-09 13:04:26,234 - INFO - Found section 309: Attempt to commit suicide.
2025-05-09 13:04:26,237 - INFO - Found section 310: Thug.
2025-05-09 13:04:26,237 - INFO - Found section 311: Punishment.
2025-05-09 13:04:26,237 - INFO - Found section 312: Causing miscarraige.
2025-05-09 13:04:26,237 - INFO - Found section 313: Causing miscarriage without womans consent.
2025-05-09 13:04:26,237 - INFO - Found section 314: Death caused by act done with intent to cause miscarriage.
2025-05-09 13:04:26,237 - INFO - Found section 315: Act done with intent to prevent child being born alive or to cause it to die after birth.
2025-05-09 13:04:26,237 - INFO - Found section 316: Causing death of quick unborn child by act amounting to culpable homicide-.
2025-05-09 13:04:26,237 - INFO - Found section 317: Exposure and abandonment of child under twelve years, by parent or person having care of it.
2025-05-09 13:04:26,237 - INFO - Found section 318: Concealment of birth by secret disposal of dead body.
2025-05-09 13:04:26,237 - INFO - Found section 319: Hurt.
2025-05-09 13:04:26,237 - INFO - Found section 320: Grievous hurt.
2025-05-09 13:04:26,237 - INFO - Found section 321: Voluntarily causing hurt.
2025-05-09 13:04:26,237 - INFO - Found section 322: Voluntarily causing grievous hurt.
2025-05-09 13:04:26,237 - INFO - Found section 323: Punishment for voluntarily causing hurt.
2025-05-09 13:04:26,237 - INFO - Found section 324: Voluntarily causing hurt by dangerous weapons or means.
2025-05-09 13:04:26,237 - INFO - Found section 325: Punishment for voluntarily causing grievous hurt.
2025-05-09 13:04:26,237 - INFO - Found section 326: Voluntarily causing grievous hurt by dangerous weapons or means.
2025-05-09 13:04:26,237 - INFO - Found section 327: Voluntarily causing hurt to extort property, or to constrain to an illegal to an act.
2025-05-09 13:04:26,237 - INFO - Found section 328: Causing hurt by means of poison, etc., with intent to commit and offence.
2025-05-09 13:04:26,237 - INFO - Found section 329: Voluntarily causing grievous hurt to extort property, or to constrain to an illegal act.
2025-05-09 13:04:26,237 - INFO - Found section 330: Voluntarily causing hurt to extort confession or to compel restoration of property.
2025-05-09 13:04:26,237 - INFO - Found section 331: Voluntarily causing grievous hurt to extort confession, or to compel restoration of property.
2025-05-09 13:04:26,237 - INFO - Found section 332: Voluntarily causing hurt to deter public servant from his duty.
2025-05-09 13:04:26,242 - INFO - Found section 333: Voluntarily causing grievous hurt to deter public servant from his duty.
2025-05-09 13:04:26,242 - INFO - Found section 334: Voluntarily causing hurt on provocation.
2025-05-09 13:04:26,242 - INFO - Found section 335: Voluntarily causing grievous hurt on provocation.
2025-05-09 13:04:26,242 - INFO - Found section 336: Act endangering life or personal safety of others.
2025-05-09 13:04:26,242 - INFO - Found section 337: Causing hurt by act endangering life or personal safety of others.
2025-05-09 13:04:26,242 - INFO - Found section 338: Causing grievous hurt by act endangering life or personal safety of others.
2025-05-09 13:04:26,242 - INFO - Found section 339: Wrongful restraint.
2025-05-09 13:04:26,242 - INFO - Found section 340: Wrongful confinement.
2025-05-09 13:04:26,242 - INFO - Found section 341: Punishment for wrongful restraint.
2025-05-09 13:04:26,242 - INFO - Found section 342: Punishment for wrongful confinement.
2025-05-09 13:04:26,242 - INFO - Found section 343: Wrongful confinement for three or more days.
2025-05-09 13:04:26,242 - INFO - Found section 344: Wrongful confinement for ten or more days.
2025-05-09 13:04:26,242 - INFO - Found section 345: Wrongful confinement of person for whose liberation writ has been issued.
2025-05-09 13:04:26,242 - INFO - Found section 346: Wrongful confinement in secret.
2025-05-09 13:04:26,242 - INFO - Found section 347: Wrongful confinement to extort property, or constrain to illegal act.
2025-05-09 13:04:26,242 - INFO - Found section 348: Wrongful confinement to extort confession, or compel restoration of property.
2025-05-09 13:04:26,242 - INFO - Found section 349: Force.
2025-05-09 13:04:26,242 - INFO - Found section 350: Criminal force.
2025-05-09 13:04:26,242 - INFO - Found section 351: Assault.
2025-05-09 13:04:26,242 - INFO - Found section 352: Punishment for assault or criminal force otherwise than on grave provocation.
2025-05-09 13:04:26,242 - INFO - Found section 353: Assault or criminal force to deter public servant from discharge of his duty.
2025-05-09 13:04:26,242 - INFO - Found section 354: Assault or criminal force to woman with intent to outrage her modesty.
2025-05-09 13:04:26,242 - INFO - Found section 355: Assault or criminal force with intent to dishonour person, otherwise than on grave provocation.
2025-05-09 13:04:26,242 - INFO - Found section 356: Assault or criminal force in attempt to commit theft of property carried by a person.
2025-05-09 13:04:26,242 - INFO - Found section 357: Assault or criminal force in attempt wrongfully to confine a person.
2025-05-09 13:04:26,242 - INFO - Found section 358: Assault or criminal force on grave provocation.
2025-05-09 13:04:26,242 - INFO - Found section 359: Kidnapping.
2025-05-09 13:04:26,242 - INFO - Found section 360: Kidnapping from India.
2025-05-09 13:04:26,242 - INFO - Found section 361: Kidnapping from lawful guardianship.
2025-05-09 13:04:26,242 - INFO - Found section 362: Abduction.
2025-05-09 13:04:26,242 - INFO - Found section 363: Punishment for kidnapping.
2025-05-09 13:04:26,242 - INFO - Found section 364: Kidnapping or abducting in order to murder.
2025-05-09 13:04:26,242 - INFO - Found section 365: Kidnapping or abducting with intent secretly and wrongfully to confine person.
2025-05-09 13:04:26,242 - INFO - Found section 366: Kidnapping, abducting or inducing woman to compel her marriage, etc..
2025-05-09 13:04:26,242 - INFO - Found section 367: Kidnapping or abducting in order to subject person to grievous hurt, slavery, etc..
2025-05-09 13:04:26,242 - INFO - Found section 368: Wrongfully concealing or keeping in confinement, kidnapped or abducted person.
2025-05-09 13:04:26,242 - INFO - Found section 369: Kidnapping or abducting child under ten years with intent to steal from its person.
2025-05-09 13:04:26,242 - INFO - Found section 370: Trafficking of persons.
2025-05-09 13:04:26,242 - INFO - Found section 371: Habitual dealing in slaves.
2025-05-09 13:04:26,242 - INFO - Found section 372: Selling minor for purposes of prostitution, etc..
2025-05-09 13:04:26,242 - INFO - Found section 373: Buying minor for purposes of prostitution, etc..
2025-05-09 13:04:26,242 - INFO - Found section 374: Unlawful compulsory labour.
2025-05-09 13:04:26,251 - INFO - Found section 375: Rape.
2025-05-09 13:04:26,251 - INFO - Found section 376: Punishment for rape.
2025-05-09 13:04:26,251 - INFO - Found section 377: Unnatural offences.
2025-05-09 13:04:26,251 - INFO - Found section 378: Theft.
2025-05-09 13:04:26,251 - INFO - Found section 379: Punishment for theft.
2025-05-09 13:04:26,251 - INFO - Found section 380: Theft in dwelling house, etc..
2025-05-09 13:04:26,251 - INFO - Found section 381: Theft by clerk or servant of property in possession of master.
2025-05-09 13:04:26,251 - INFO - Found section 382: Theft after preparation made for causing death, hurt or restraint in order to the committing of the theft.
2025-05-09 13:04:26,251 - INFO - Found section 383: Extortion.
2025-05-09 13:04:26,251 - INFO - Found section 384: Punishment for extortion.
2025-05-09 13:04:26,251 - INFO - Found section 385: Putting person in fear of injury in order to commit extortion.
2025-05-09 13:04:26,251 - INFO - Found section 386: Extortion by putting a person in fear of death or grievous hurt.
2025-05-09 13:04:26,251 - INFO - Found section 387: Putting person in fear of death or of grievous hurt, in order to commit extortion.
2025-05-09 13:04:26,251 - INFO - Found section 388: Extortion by threat of accusation of an offence punishable with death or imprisonment for life, etc.
2025-05-09 13:04:26,251 - INFO - Found section 389: Putting person in fear or accusation of offence, in order to commit extortion.
2025-05-09 13:04:26,251 - INFO - Found section 390: Robbery.
2025-05-09 13:04:26,251 - INFO - Found section 391: Dacoity.
2025-05-09 13:04:26,251 - INFO - Found section 392: Punishment for robbery.
2025-05-09 13:04:26,251 - INFO - Found section 393: Attempt to commit robbery.
2025-05-09 13:04:26,251 - INFO - Found section 394: Voluntarily causing hurt in committing robbery.
2025-05-09 13:04:26,251 - INFO - Found section 395: Punishment for dacoity.
2025-05-09 13:04:26,251 - INFO - Found section 396: Dacoity with murder.
2025-05-09 13:04:26,251 - INFO - Found section 397: Robbery or dacoity, with attempt to cause death or grievous hurt.
2025-05-09 13:04:26,251 - INFO - Found section 398: Attempt to commit robbery or dacoity when armed with deadly weapon.
2025-05-09 13:04:26,251 - INFO - Found section 399: Making preparation to commit dacoity.
2025-05-09 13:04:26,251 - INFO - Found section 400: Punishment for belonging to gang of dacoits.
2025-05-09 13:04:26,251 - INFO - Found section 401: Punishment for belonging to gang of thieves.
2025-05-09 13:04:26,251 - INFO - Found section 402: Assembling for purpose of committing dacoity.
2025-05-09 13:04:26,251 - INFO - Found section 403: Dishonest misappropriation of property.
2025-05-09 13:04:26,251 - INFO - Found section 404: Dishonest misappropriation of property possessed by deceased person at the time of his death.
2025-05-09 13:04:26,251 - INFO - Found section 405: Criminal breach of trust.
2025-05-09 13:04:26,251 - INFO - Found section 406: Punishment for criminal breach of trust.
2025-05-09 13:04:26,251 - INFO - Found section 407: Criminal breach of trust by carrier, etc..
2025-05-09 13:04:26,251 - INFO - Found section 408: Criminal breach of trust by clerk or servant.
2025-05-09 13:04:26,251 - INFO - Found section 409: Criminal breach of trust by public servant, or by banker, merchant or agent.
2025-05-09 13:04:26,251 - INFO - Found section 410: Stolen property.
2025-05-09 13:04:26,251 - INFO - Found section 411: Dishonestly receiving stolen property.
2025-05-09 13:04:26,251 - INFO - Found section 412: Dishonestly receiving property stolen in the commission of a dacoity.
2025-05-09 13:04:26,251 - INFO - Found section 413: Habitually dealing in stolen property.
2025-05-09 13:04:26,251 - INFO - Found section 414: Assisting in concealment of stolen property.
2025-05-09 13:04:26,259 - INFO - Found section 415: Cheating.
2025-05-09 13:04:26,260 - INFO - Found section 416: Cheating by personation.
2025-05-09 13:04:26,260 - INFO - Found section 417: Punishment for cheating.
2025-05-09 13:04:26,260 - INFO - Found section 418: Cheating with knowledge that wrongful loss may ensue to person whose interest offender is bound to protect.
2025-05-09 13:04:26,260 - INFO - Found section 419: Punishment for cheating by personation.
2025-05-09 13:04:26,260 - INFO - Found section 420: Cheating and dishonestly inducing delivery of property.
2025-05-09 13:04:26,260 - INFO - Found section 421: Dishonest or fraudulent removal or concealment of property to prevent distribution among creditors.
2025-05-09 13:04:26,260 - INFO - Found section 422: Dishonestly or fraudulently preventing debt being available for creditors.
2025-05-09 13:04:26,260 - INFO - Found section 423: Dishonest or fraudulent execution of deed of transfer containing false statement of consideration.
2025-05-09 13:04:26,260 - INFO - Found section 424: Dishonest or fraudulent removal or concealment of property.
2025-05-09 13:04:26,260 - INFO - Found section 425: Mischief.
2025-05-09 13:04:26,260 - INFO - Found section 426: Punishment for mischief.
2025-05-09 13:04:26,260 - INFO - Found section 427: Mischief causing damage to the amount of fifty rupees.
2025-05-09 13:04:26,260 - INFO - Found section 428: Mischief by killing or maiming animal of the value of ten rupees.
2025-05-09 13:04:26,260 - INFO - Found section 429: Mischief by killing or maiming cattle, etc., of any value or any animal of the value of fifty rupees.
2025-05-09 13:04:26,260 - INFO - Found section 430: Mischief by injury to works of irrigation or by wrongfully diverting water.
2025-05-09 13:04:26,260 - INFO - Found section 431: Mischief by injury to public road, bridge, river or channel.
2025-05-09 13:04:26,260 - INFO - Found section 432: Mischief by causing inundation or obstruction to public drainage attended with damage.
2025-05-09 13:04:26,260 - INFO - Found section 433: Mischief by destroying, moving or rendering less useful a light-house or sea-mark.
2025-05-09 13:04:26,260 - INFO - Found section 434: Mischief by destroying or moving, etc., a land-mark fixed by public authority.
2025-05-09 13:04:26,260 - INFO - Found section 435: Mischief by fire or explosive substance with intent to cause damage to amount of one hundred or (in case of agricultural produce) ten rupees.
2025-05-09 13:04:26,260 - INFO - Found section 436: Mischief by fire or explosive substance with intent destroy house, etc..
2025-05-09 13:04:26,260 - INFO - Found section 437: Mischief with intent to destroy or make unsafe a decked vessel or one of twenty tons burden.
2025-05-09 13:04:26,260 - INFO - Found section 438: Punishment for the mischief described in section 437 committed by fire or explosive substance.
2025-05-09 13:04:26,260 - INFO - Found section 439: Punishment for intentionally running vessel aground or ashore with intent to commit theft, etc..
2025-05-09 13:04:26,260 - INFO - Found section 440: Mischief committed after preparation made for causing death or hurt.
2025-05-09 13:04:26,260 - INFO - Found section 441: Criminal trespass.
2025-05-09 13:04:26,260 - INFO - Found section 442: House-trespass.
2025-05-09 13:04:26,260 - INFO - Found section 443: Lurking house-trespass.
2025-05-09 13:04:26,260 - INFO - Found section 444: Lurking house-trespass by night.
2025-05-09 13:04:26,260 - INFO - Found section 445: House-breaking.
2025-05-09 13:04:26,260 - INFO - Found section 446: House-breaking by night.
2025-05-09 13:04:26,260 - INFO - Found section 447: Punishment for criminal trespass.
2025-05-09 13:04:26,260 - INFO - Found section 448: Punishment for house-trespass.
2025-05-09 13:04:26,260 - INFO - Found section 449: House-trespass in order to commit offence punishable with death.
2025-05-09 13:04:26,260 - INFO - Found section 450: House-trespass in order to commit offence punishable with imprisonment for life.
2025-05-09 13:04:26,268 - INFO - Found section 451: House-trespass in order to commit offence punishable with imprisonment.
2025-05-09 13:04:26,268 - INFO - Found section 452: House-trespass after preparation for hurt, assault or wrongful restraint.
2025-05-09 13:04:26,268 - INFO - Found section 453: Punishment for lurking house-trespass or house-breaking.
2025-05-09 13:04:26,268 - INFO - Found section 454: Lurking house-trespass or house-breaking in order to commit offence punishable with imprisonment.
2025-05-09 13:04:26,268 - INFO - Found section 455: Lurking house-trespass or house-breaking after preparation for hurt, assault or wrongful restraint.
2025-05-09 13:04:26,269 - INFO - Found section 456: Punishment for lurking house-trespass or house-breaking by night.
2025-05-09 13:04:26,269 - INFO - Found section 457: Lurking house-trespass or house-breaking by night in order to commit offence punishable with imprisonment.
2025-05-09 13:04:26,269 - INFO - Found section 458: Lurking house-trespass or house-breaking by night after preparation for hurt, assault, or wrongful restraint.
2025-05-09 13:04:26,269 - INFO - Found section 459: Grievous hurt caused whilst committing lurking house-trespass or house-breaking.
2025-05-09 13:04:26,269 - INFO - Found section 460: All persons jointly concerned in lurking house-trespass or house-breaking by night punishable where death or grievous hurt caused by one of them.
2025-05-09 13:04:26,269 - INFO - Found section 461: Dishonestly breaking open receptacle containing property.
2025-05-09 13:04:26,269 - INFO - Found section 462: Punishment for same offence when committed by person entrusted with custody.
2025-05-09 13:04:26,269 - INFO - Found section 463: Forgery.
2025-05-09 13:04:26,271 - INFO - Found section 464: Making a false document.
2025-05-09 13:04:26,271 - INFO - Found section 465: Punishment for forgery.
2025-05-09 13:04:26,271 - INFO - Found section 466: Forgery of record of Court or of public register, etc..
2025-05-09 13:04:26,271 - INFO - Found section 467: Forgery of valuable security, will, etc..
2025-05-09 13:04:26,271 - INFO - Found section 468: Forgery for purpose of cheating.
2025-05-09 13:04:26,271 - INFO - Found section 469: Forgery for purpose of harming reputation.
2025-05-09 13:04:26,271 - INFO - Found section 470: Forged document.
2025-05-09 13:04:26,271 - INFO - Found section 471: Using as genuine a forged document.
2025-05-09 13:04:26,271 - INFO - Found section 472: Making or possessing counterfeit seal, etc., with intent to commit forgery punishable under section 467.
2025-05-09 13:04:26,271 - INFO - Found section 473: Making or possessing counterfeit seal, etc., with intent to commit forgery punishable otherwise.
2025-05-09 13:04:26,271 - INFO - Found section 474: Having possession of document described in section 466 or 467, knowing it to be forged and intending to use it genuine.
2025-05-09 13:04:26,271 - INFO - Found section 475: Counterfeiting device or mark used for authenticating documents described in section 467, or possessing counterfeit marked material.
2025-05-09 13:04:26,271 - INFO - Found section 476: Counterfeiting device or mark used for authenticating documents other than those described in section 467, or possessing counterfeit marked material.
2025-05-09 13:04:26,271 - INFO - Found section 477: Fraudulent cancellation, destruction, etc., of will, authority to adopt, or valuable security.
2025-05-09 13:04:26,271 - INFO - Found section 478: Trade Mark. .
2025-05-09 13:04:26,271 - INFO - Found section 479: Property mark.
2025-05-09 13:04:26,271 - INFO - Found section 480: Using a false trade mark. .
2025-05-09 13:04:26,271 - INFO - Found section 481: Using a false property mark.
2025-05-09 13:04:26,271 - INFO - Found section 482: Punishment for using a false property mark.
2025-05-09 13:04:26,271 - INFO - Found section 483: Counterfeiting a property mark used by another.
2025-05-09 13:04:26,271 - INFO - Found section 484: Counterfeiting a mark used by a public servant.
2025-05-09 13:04:26,271 - INFO - Found section 485: Making or possession of any instrument for counterfeiting a property mark.
2025-05-09 13:04:26,271 - INFO - Found section 486: Selling goods marked with a counterfeit property mark.
2025-05-09 13:04:26,271 - INFO - Found section 487: Making a false mark upon any receptacle containing goods.
2025-05-09 13:04:26,276 - INFO - Found section 488: Punishment for making use of any such false mark.
2025-05-09 13:04:26,276 - INFO - Found section 489: Tampering with property mark with intent to cause injury.
2025-05-09 13:04:26,276 - INFO - Found section 490: Breach of contract of service during voyage or journey..
2025-05-09 13:04:26,276 - INFO - Found section 491: Breach of contract to attend on and supply wants of helpless persons.
2025-05-09 13:04:26,277 - INFO - Found section 492: Breach of contract to serve at distant place to which servant is conveyed at master.
2025-05-09 13:04:26,277 - INFO - Found section 493: Cohabitation caused by a man deceitfully inducing a belief of lawful marriage.
2025-05-09 13:04:26,277 - INFO - Found section 494: Marrying again during lifetime of husband or wife.
2025-05-09 13:04:26,277 - INFO - Found section 495: Same offence with concealment of former marriage from person with whom subsequent marriage is contracted.
2025-05-09 13:04:26,277 - INFO - Found section 496: Marriage ceremony fraudulently gone through without lawful marriage.
2025-05-09 13:04:26,277 - INFO - Found section 497: Adultery.
2025-05-09 13:04:26,277 - INFO - Found section 498: Enticing or taking away or detaining with criminal intent a married woman.
2025-05-09 13:04:26,278 - INFO - Found section 499: Defamation.
2025-05-09 13:04:26,278 - INFO - Found section 500: Punishment for defamation.
2025-05-09 13:04:26,278 - INFO - Found section 501: Printing or engraving matter known to be defamatory.
2025-05-09 13:04:26,278 - INFO - Found section 502: Sale of printed or engraved substance containing defamatory matter.
2025-05-09 13:04:26,278 - INFO - Found section 503: Criminal intimidation.
2025-05-09 13:04:26,278 - INFO - Found section 504: Intentional insult with intent to provoke breach of the peace.
2025-05-09 13:04:26,280 - INFO - Found section 505: Statements conducing public mischief.
2025-05-09 13:04:26,280 - INFO - Found section 506: Punishment for criminal intimidation.
2025-05-09 13:04:26,280 - INFO - Found section 507: Criminal intimidation by an anonymous communication.
2025-05-09 13:04:26,280 - INFO - Found section 508: Act caused by inducing person to believe that he will be rendered an object of the Divine displeasure.
2025-05-09 13:04:26,280 - INFO - Found section 509: Word, gesture or act intended to insult the modesty of a woman.
2025-05-09 13:04:26,280 - INFO - Found section 510: Misconduct in public by a drunken person.
2025-05-09 13:04:26,280 - INFO - Found section 511: Punishment for attempting to commit offences punishable with imprisonment for life or other imprisonment.
2025-05-09 13:04:26,281 - INFO - Successfully extracted 511 sections from main page
2025-05-09 13:04:26,281 - INFO - 
Processing details for Section 1
2025-05-09 13:04:26,281 - INFO - Attempting to fetch section 1 details (Attempt 1/3)
2025-05-09 13:04:27,456 - ERROR - Error processing section 1: Could not find content div
2025-05-09 13:04:29,669 - INFO - Attempting to fetch section 3 details (Attempt 2/3)
2025-05-09 13:04:30,961 - ERROR - Error processing section 3: Could not find content div
2025-05-09 13:04:32,467 - INFO - Attempting to fetch section 1 details (Attempt 2/3)
2025-05-09 13:04:33,673 - ERROR - Error processing section 1: Could not find content div
2025-05-09 13:04:35,962 - INFO - Attempting to fetch section 3 details (Attempt 3/3)
2025-05-09 13:04:37,345 - ERROR - Error processing section 3: Could not find content div
2025-05-09 13:04:37,345 - ERROR - Could not fetch details for section 3
2025-05-09 13:04:38,677 - INFO - Attempting to fetch section 1 details (Attempt 3/3)
2025-05-09 13:04:39,348 - INFO - 
Processing details for Section 4
2025-05-09 13:04:39,348 - INFO - Attempting to fetch section 4 details (Attempt 1/3)
2025-05-09 13:04:40,041 - ERROR - Error processing section 1: Could not find content div
2025-05-09 13:04:40,046 - ERROR - Could not fetch details for section 1
2025-05-09 13:04:40,689 - ERROR - Error processing section 4: Could not find content div
2025-05-09 13:04:42,053 - INFO - 
Processing details for Section 2
2025-05-09 13:04:42,053 - INFO - Attempting to fetch section 2 details (Attempt 1/3)
2025-05-09 13:04:43,454 - ERROR - Error processing section 2: Could not find content div
2025-05-09 13:04:45,704 - INFO - Attempting to fetch section 4 details (Attempt 2/3)
2025-05-09 13:04:47,047 - ERROR - Error processing section 4: Could not find content div
2025-05-09 13:04:48,462 - INFO - Attempting to fetch section 2 details (Attempt 2/3)
2025-05-09 13:04:49,713 - ERROR - Error processing section 2: Could not find content div
2025-05-09 13:04:52,048 - INFO - Attempting to fetch section 4 details (Attempt 3/3)
2025-05-09 13:04:53,325 - ERROR - Error processing section 4: Could not find content div
2025-05-09 13:04:53,325 - ERROR - Could not fetch details for section 4
2025-05-09 13:04:55,330 - INFO - 
Processing details for Section 5
2025-05-09 13:04:55,330 - INFO - Attempting to fetch section 5 details (Attempt 1/3)
2025-05-09 13:04:56,746 - ERROR - Error processing section 5: Could not find content div
2025-05-09 13:06:20,154 - INFO - Starting IPC sections scraping...
2025-05-09 13:06:20,154 - INFO - Fetching main sections page...
2025-05-09 13:06:21,752 - INFO - Found section 1: Title and extent of operation of the Code.
2025-05-09 13:06:21,752 - INFO - Found section 2: Punishment of offences committed within India.
2025-05-09 13:06:21,752 - INFO - Found section 3: Punishment of offences committed beyond, but which by law may be tried within, India.
2025-05-09 13:06:21,752 - INFO - Found section 4: Extension of Code to extra-territorial offences.
2025-05-09 13:06:21,752 - INFO - Found section 5: Certain laws not to be affected by this Act.
2025-05-09 13:06:21,752 - INFO - Found section 6: Definitions in the Code to be understood subject to exceptions.
2025-05-09 13:06:21,752 - INFO - Found section 7: Sense of expression once explained.
2025-05-09 13:06:21,752 - INFO - Found section 8: Gender.
2025-05-09 13:06:21,752 - INFO - Found section 9: Number.
2025-05-09 13:06:21,752 - INFO - Found section 10: "Man" "Woman".
2025-05-09 13:06:21,752 - INFO - Found section 11: "Person".
2025-05-09 13:06:21,753 - INFO - Found section 12: "Public".
2025-05-09 13:06:21,753 - INFO - Found section 13: "Queen".
2025-05-09 13:06:21,753 - INFO - Found section 14: "Servant of Government".
2025-05-09 13:06:21,753 - INFO - Found section 15: "British India".
2025-05-09 13:06:21,753 - INFO - Found section 16: "Government of India".
2025-05-09 13:06:21,753 - INFO - Found section 17: "Government".
2025-05-09 13:06:21,753 - INFO - Found section 18: "India".
2025-05-09 13:06:21,753 - INFO - Found section 19: "Judge".
2025-05-09 13:06:21,753 - INFO - Found section 20: "Court of Justice".
2025-05-09 13:06:21,753 - INFO - Found section 21: "Public servant".
2025-05-09 13:06:21,753 - INFO - Found section 22: "Movable property".
2025-05-09 13:06:21,753 - INFO - Found section 23: "Wrongful gain".
2025-05-09 13:06:21,753 - INFO - Found section 24: "Dishonestly".
2025-05-09 13:06:21,753 - INFO - Found section 25: "Fraudulently".
2025-05-09 13:06:21,753 - INFO - Found section 26: "Reason to believe".
2025-05-09 13:06:21,753 - INFO - Found section 27: Property in possession of wife, clerk or servant.
2025-05-09 13:06:21,753 - INFO - Found section 28: "Counterfeit".
2025-05-09 13:06:21,753 - INFO - Found section 29: "Document".
2025-05-09 13:06:21,753 - INFO - Found section 30: "Valuable security".
2025-05-09 13:06:21,757 - INFO - Found section 31: "A will".
2025-05-09 13:06:21,757 - INFO - Found section 32: Words referring to acts include illegal omissions.
2025-05-09 13:06:21,757 - INFO - Found section 33: "Act". "Omission".
2025-05-09 13:06:21,757 - INFO - Found section 34: Acts done by several persons in furtherance of common intention -.
2025-05-09 13:06:21,757 - INFO - Found section 35: When such an act is criminal by reason of its being done with a criminal knowledge or intention.
2025-05-09 13:06:21,757 - INFO - Found section 36: Effect caused partly by act and partly by omission.
2025-05-09 13:06:21,757 - INFO - Found section 37: Co-operation by doing one of several acts constituting an offence.
2025-05-09 13:06:21,757 - INFO - Found section 38: Persons concerned in criminal Act may be guilty of different offences.
2025-05-09 13:06:21,759 - INFO - Found section 39: "Voluntarily".
2025-05-09 13:06:21,759 - INFO - Found section 40: "Offence".
2025-05-09 13:06:21,759 - INFO - Found section 41: "Special law".
2025-05-09 13:06:21,759 - INFO - Found section 42: "Local law".
2025-05-09 13:06:21,759 - INFO - Found section 43: "Illegal". "Legally bound to do".
2025-05-09 13:06:21,759 - INFO - Found section 44: "Injury".
2025-05-09 13:06:21,759 - INFO - Found section 45: "Life".
2025-05-09 13:06:21,761 - INFO - Found section 46: "Death".
2025-05-09 13:06:21,761 - INFO - Found section 47: "Animal".
2025-05-09 13:06:21,761 - INFO - Found section 48: "Vessel".
2025-05-09 13:06:21,761 - INFO - Found section 49: "Year". "Month".
2025-05-09 13:06:21,761 - INFO - Found section 50: "Section".
2025-05-09 13:06:21,761 - INFO - Found section 51: "Oath".
2025-05-09 13:06:21,761 - INFO - Found section 52: "Good faith".
2025-05-09 13:06:21,761 - INFO - Found section 53: Punishments.
2025-05-09 13:06:21,761 - INFO - Found section 54: Commutation of sentence of death.
2025-05-09 13:06:21,761 - INFO - Found section 55: Commutation of sentence of imprisonment for life.
2025-05-09 13:06:21,761 - INFO - Found section 56: Sentence of Europeans and Americans to penal servitude..
2025-05-09 13:06:21,761 - INFO - Found section 57: Fractions of terms of punishment.
2025-05-09 13:06:21,763 - INFO - Found section 58: Offenders sentenced to transportation how dealt with until transported..
2025-05-09 13:06:21,763 - INFO - Found section 59: Transportation instead of imprisonment..
2025-05-09 13:06:21,763 - INFO - Found section 60: Sentence may be (in certain cases of imprisonment) wholly or partly rigorous or simple.
2025-05-09 13:06:21,763 - INFO - Found section 61: Sentence of forfeiture of property..
2025-05-09 13:06:21,764 - INFO - Found section 62: Forfeiture of property, in respect of offenders punishable with death, transportation or imprisonment..
2025-05-09 13:06:21,764 - INFO - Found section 63: Amount of fine.
2025-05-09 13:06:21,764 - INFO - Found section 64: Sentence of imprisonment for non-payment of fine.
2025-05-09 13:06:21,764 - INFO - Found section 65: Limit to imprisonment for non-payment of fine, when imprisonment and fine awardable.
2025-05-09 13:06:21,764 - INFO - Found section 66: Description of imprisonment for non-payment of fine.
2025-05-09 13:06:21,764 - INFO - Found section 67: Imprisonment for non-payment of fine, when offence punishable with fine only.
2025-05-09 13:06:21,764 - INFO - Found section 68: Imprisonment to terminate on payment of fine.
2025-05-09 13:06:21,764 - INFO - Found section 69: Termination of imprisonment on payment of proportional part of fine.
2025-05-09 13:06:21,764 - INFO - Found section 70: Fine leviable within six years, or during imprisonment. Death not to discharge property from liability.
2025-05-09 13:06:21,764 - INFO - Found section 71: Limit of punishment of offence made up of several offences.
2025-05-09 13:06:21,764 - INFO - Found section 72: Punishment of person guilty of one of several offences, the judgment stating that it is doubtful of which.
2025-05-09 13:06:21,764 - INFO - Found section 73: Solitary confinement.
2025-05-09 13:06:21,764 - INFO - Found section 74: Limit of solitary confinement.
2025-05-09 13:06:21,764 - INFO - Found section 75: Enhanced punishment for certain offences under Chapter XII or Chapter XVII after previous conviction.
2025-05-09 13:06:21,764 - INFO - Found section 76: Act done by a person bound, or by mistake of fact believing himself bound, by law.
2025-05-09 13:06:21,764 - INFO - Found section 77: Act of Judge when acting judicially.
2025-05-09 13:06:21,764 - INFO - Found section 78: Act done pursuant to the judgment or order of Court.
2025-05-09 13:06:21,764 - INFO - Found section 79: Act done by a person justified, or by mistake of fact believing himself, justified, by law.
2025-05-09 13:06:21,770 - INFO - Found section 80: Accident in doing a lawful act.
2025-05-09 13:06:21,770 - INFO - Found section 81: Act likely to cause harm, but done without criminal intent, and to prevent other harm.
2025-05-09 13:06:21,770 - INFO - Found section 82: Act of a child under seven years of age.
2025-05-09 13:06:21,770 - INFO - Found section 83: Act of a child above seven and under twelve of immature understanding.
2025-05-09 13:06:21,770 - INFO - Found section 84: Act of a person of unsound mind.
2025-05-09 13:06:21,770 - INFO - Found section 85: Act of a person incapable of judgment by reason of intoxication caused against his will.
2025-05-09 13:06:21,770 - INFO - Found section 86: Offence requiring a particular intent or knowledge committed by one who is intoxicated.
2025-05-09 13:06:21,770 - INFO - Found section 87: Act not intended and not known to be likely to cause death or grievous hurt, done by consent.
2025-05-09 13:06:21,770 - INFO - Found section 88: Act not intended to cause death, done by consent in good faith for persons benefit.
2025-05-09 13:06:21,770 - INFO - Found section 89: Act done in good faith for benefit of child or insane person, by or by consent of guardian.
2025-05-09 13:06:21,770 - INFO - Found section 90: Consent known to be given under fear or misconception.
2025-05-09 13:06:21,770 - INFO - Found section 91: Exclusion of acts which are offences independently of harm cause.
2025-05-09 13:06:21,770 - INFO - Found section 92: Act done in good faith for benefit of a person without consent.
2025-05-09 13:06:21,770 - INFO - Found section 93: Communication made in good faith.
2025-05-09 13:06:21,770 - INFO - Found section 94: Act to which a person is compelled by threats.
2025-05-09 13:06:21,770 - INFO - Found section 95: Act causing slight harm.
2025-05-09 13:06:21,773 - INFO - Found section 96: Things done in private defence.
2025-05-09 13:06:21,773 - INFO - Found section 97: Right of private defence of the body and of property.
2025-05-09 13:06:21,773 - INFO - Found section 98: Right of private defence against the act of a person of unsound mind, etc..
2025-05-09 13:06:21,773 - INFO - Found section 99: Acts against which there is no right of private defence.
2025-05-09 13:06:21,773 - INFO - Found section 100: When the right of private defence of the body extends to causing death.
2025-05-09 13:06:21,773 - INFO - Found section 101: When such right extends to causing any harm other than death.
2025-05-09 13:06:21,773 - INFO - Found section 102: Commencement and continuance of the right of private defence of the body.
2025-05-09 13:06:21,773 - INFO - Found section 103: When the right of private defence of property extends to causing death.
2025-05-09 13:06:21,773 - INFO - Found section 104: When such right to causing any harm other than death.
2025-05-09 13:06:21,773 - INFO - Found section 105: Commencement and continuance of the right of private defence of property.
2025-05-09 13:06:21,773 - INFO - Found section 106: Right of private defence against deadly assault when there is risk of harm to innocent person.
2025-05-09 13:06:21,773 - INFO - Found section 107: Abetment of a thing.
2025-05-09 13:06:21,773 - INFO - Found section 108: Abettor.
2025-05-09 13:06:21,773 - INFO - Found section 109: Punishment of abetment if the act abetted is committed in consequence and where no express provision is made for its punishment.
2025-05-09 13:06:21,773 - INFO - Found section 110: Punishment of abetment if person abetted does act with different intention from that of abettor.
2025-05-09 13:06:21,773 - INFO - Found section 111: Liability of abettor when one act abetted and different act done.
2025-05-09 13:06:21,773 - INFO - Found section 112: Abettor when liable to cumulative punishment for act abetted and for act done.
2025-05-09 13:06:21,773 - INFO - Found section 113: Liability of abettor for an effect caused by the act abetted different from that intended by the abettor.
2025-05-09 13:06:21,773 - INFO - Found section 114: Abettor present when offence is committed.
2025-05-09 13:06:21,773 - INFO - Found section 115: Abetment of offence punishable with death or imprisonment for life if offence not committed.
2025-05-09 13:06:21,773 - INFO - Found section 116: Abetment of offence punishable with imprisonment -- if offence be not committed.
2025-05-09 13:06:21,773 - INFO - Found section 117: Abetting commission of offence by the public or by more than ten persons.
2025-05-09 13:06:21,773 - INFO - Found section 118: Concealing design to commit offence punishable with death or imprisonment for life.
2025-05-09 13:06:21,773 - INFO - Found section 119: Public servant concealing design to commit offence which it is his duty to prevent.
2025-05-09 13:06:21,773 - INFO - Found section 120: Concealing design to commit offence punishable with imprisonment.
2025-05-09 13:06:21,773 - INFO - Found section 121: Waging, or attempting to wage war, or abetting waging of war, against the Government of India.
2025-05-09 13:06:21,773 - INFO - Found section 122: Collecting arms, etc., with intention of waging war against the Government of India.
2025-05-09 13:06:21,773 - INFO - Found section 123: Concealing with intent to facilitate design to wage war.
2025-05-09 13:06:21,773 - INFO - Found section 124: Assaulting President, Governor, etc., with intent to compel or restrain the exercise of any lawful power.
2025-05-09 13:06:21,773 - INFO - Found section 125: Waging war against any Asiatic Power in alliance with the Government of India.
2025-05-09 13:06:21,780 - INFO - Found section 126: Committing depredation on territories of Power at peace with the Government of India.
2025-05-09 13:06:21,780 - INFO - Found section 127: Receiving property taken by war or depredation mentioned in sections 125 and 126.
2025-05-09 13:06:21,780 - INFO - Found section 128: Public servant voluntarily allowing prisoner of state or war to escape.
2025-05-09 13:06:21,780 - INFO - Found section 129: Public servant negligently suffering such prisoner to escape.
2025-05-09 13:06:21,780 - INFO - Found section 130: Aiding escape of, rescuing or harbouring such prisoner.
2025-05-09 13:06:21,780 - INFO - Found section 131: Abetting mutiny, or attempting to seduce a soldier, sailor or airman from his duty.
2025-05-09 13:06:21,781 - INFO - Found section 132: Abetment of mutiny, if mutiny is committed in consequence thereof.
2025-05-09 13:06:21,781 - INFO - Found section 133: Abetment of assault by soldier, sailor or airman on his superior officer, when in execution of his office.
2025-05-09 13:06:21,781 - INFO - Found section 134: Abetment of such assault, if the assault committed.
2025-05-09 13:06:21,781 - INFO - Found section 135: Abetment of desertion of soldier, sailor or airman.
2025-05-09 13:06:21,781 - INFO - Found section 136: Harbouring deserter.
2025-05-09 13:06:21,781 - INFO - Found section 137: Deserter concealed on board merchant vessel through negligence of master.
2025-05-09 13:06:21,781 - INFO - Found section 138: Abetment of act of insubordination by soldier, sailor or airman.
2025-05-09 13:06:21,781 - INFO - Found section 139: Persons subject to certain Acts.
2025-05-09 13:06:21,781 - INFO - Found section 140: Wearing garb or carrying token used by soldier, sailor or airman.
2025-05-09 13:06:21,783 - INFO - Found section 141: Unlawful assembly.
2025-05-09 13:06:21,783 - INFO - Found section 142: Being member of unlawful assembly.
2025-05-09 13:06:21,783 - INFO - Found section 143: Punishment.
2025-05-09 13:06:21,783 - INFO - Found section 144: Joining unlawful assembly armed with deadly weapon.
2025-05-09 13:06:21,783 - INFO - Found section 145: Joining or continuing in unlawful assembly, knowing it has been commanded to disperse.
2025-05-09 13:06:21,783 - INFO - Found section 146: Rioting.
2025-05-09 13:06:21,783 - INFO - Found section 147: Punishment for rioting.
2025-05-09 13:06:21,783 - INFO - Found section 148: Rioting, armed with deadly weapon.
2025-05-09 13:06:21,783 - INFO - Found section 149: Every member of unlawful assembly guilty of offence committed in prosecution of common object.
2025-05-09 13:06:21,783 - INFO - Found section 150: Hiring, or conniving at hiring, of persons to join unlawful assembly.
2025-05-09 13:06:21,783 - INFO - Found section 151: Knowingly joining or continuing in assembly of five or more persons after it has been commanded to disperse.
2025-05-09 13:06:21,783 - INFO - Found section 152: Assaulting or obstructing public servant when suppressing riot, etc..
2025-05-09 13:06:21,783 - INFO - Found section 153: Wantonly giving provocation with intent to cause riot.
2025-05-09 13:06:21,783 - INFO - Found section 154: Owner or occupier of land on which an unlawful assembly is held.
2025-05-09 13:06:21,783 - INFO - Found section 155: Liability of person for whose benefit riot is committed.
2025-05-09 13:06:21,783 - INFO - Found section 156: Liability of agent of owner or occupier for whose benefit riot is committed.
2025-05-09 13:06:21,783 - INFO - Found section 157: Harbouring persons hired for an unlawful assembly.
2025-05-09 13:06:21,783 - INFO - Found section 158: Being hired to take part in an unlawful assembly or riot.
2025-05-09 13:06:21,783 - INFO - Found section 159: Affray.
2025-05-09 13:06:21,789 - INFO - Found section 160: Punishment for committing affray.
2025-05-09 13:06:21,789 - INFO - Found section 161: Rep. by the Prevention of Corruption Act, 1988.
2025-05-09 13:06:21,789 - INFO - Found section 162: Rep. by the Prevention of Corruption Act, 1988.
2025-05-09 13:06:21,789 - INFO - Found section 163: Rep. by the Prevention of Corruption Act, 1988.
2025-05-09 13:06:21,789 - INFO - Found section 164: Rep. by the Prevention of Corruption Act, 1988.
2025-05-09 13:06:21,789 - INFO - Found section 165: Rep. by the Prevention of Corruption Act, 1988.
2025-05-09 13:06:21,789 - INFO - Found section 166: Public servant disobeying law, with intent to cause injury to any person.
2025-05-09 13:06:21,789 - INFO - Found section 167: Public servant framing an incorrect document with intent to cause injury.
2025-05-09 13:06:21,789 - INFO - Found section 168: Public servant unlawfully engaging in trade.
2025-05-09 13:06:21,789 - INFO - Found section 169: Public servant unlawfully buying or bidding for property.
2025-05-09 13:06:21,789 - INFO - Found section 170: Personating a public servant.
2025-05-09 13:06:21,789 - INFO - Found section 171: Wearing garb or carrying token used by public servant with fraudulent intent.
2025-05-09 13:06:21,789 - INFO - Found section 172: Absconding to avoid service of summons or other proceeding.
2025-05-09 13:06:21,789 - INFO - Found section 173: Preventing service of summons or other proceeding, or preventing publication thereof.
2025-05-09 13:06:21,789 - INFO - Found section 174: Non-attendance in obedience to an order from public servant.
2025-05-09 13:06:21,789 - INFO - Found section 175: Omission to produce document to public servant by person legally bound to produce it.
2025-05-09 13:06:21,789 - INFO - Found section 176: Omission to give notice or information to public servant by person legally bound to give it.
2025-05-09 13:06:21,789 - INFO - Found section 177: Furnishing false information.
2025-05-09 13:06:21,789 - INFO - Found section 178: Refusing oath or affirmation when duly required by public servant to make it.
2025-05-09 13:06:21,789 - INFO - Found section 179: Refusing to answer public servant authorized to question.
2025-05-09 13:06:21,789 - INFO - Found section 180: Refusing to sign statement.
2025-05-09 13:06:21,789 - INFO - Found section 181: False statement on oath or affirmation to public servant or person authorized to administer an oath or affirmation.
2025-05-09 13:06:21,789 - INFO - Found section 182: False information, with intent to cause public servant to use his lawful power to the injury of another person.
2025-05-09 13:06:21,789 - INFO - Found section 183: Resistance to the taking of property by the lawful authority of a public servant.
2025-05-09 13:06:21,789 - INFO - Found section 184: Obstructing sale of property offered for sale by authority of public servant.
2025-05-09 13:06:21,789 - INFO - Found section 185: Illegal purchase or bid for property offered for sale by authority of public servant.
2025-05-09 13:06:21,789 - INFO - Found section 186: Obstructing public servant in discharge of public functions.
2025-05-09 13:06:21,789 - INFO - Found section 187: Omission to assist public servant when bound by law to give assistance.
2025-05-09 13:06:21,789 - INFO - Found section 188: Disobedience to order duly promulgated by public servant.
2025-05-09 13:06:21,789 - INFO - Found section 189: Threat of injury to public servant.
2025-05-09 13:06:21,789 - INFO - Found section 190: Threat of injury to induce person to refrain from applying for protection to public servant.
2025-05-09 13:06:21,789 - INFO - Found section 191: Giving false evidence.
2025-05-09 13:06:21,789 - INFO - Found section 192: Fabricating false evidence.
2025-05-09 13:06:21,789 - INFO - Found section 193: Punishment for false evidence.
2025-05-09 13:06:21,789 - INFO - Found section 194: Giving or fabricating false evidence with intent to procure conviction of capital offence.
2025-05-09 13:06:21,789 - INFO - Found section 195: Giving or fabricating false evidence with intent to procure conviction of an offence punishable with imprisonment for life or with imprisonment for 7 Years or upwards.
2025-05-09 13:06:21,789 - INFO - Found section 196: Using evidence known to be false.
2025-05-09 13:06:21,789 - INFO - Found section 197: Issuing or signing false certificate.
2025-05-09 13:06:21,789 - INFO - Found section 198: Using as true a certificate known to be false.
2025-05-09 13:06:21,789 - INFO - Found section 199: False statement made in declaration which is by law receivable as evidence.
2025-05-09 13:06:21,789 - INFO - Found section 200: Using as true such declaration knowing it to be false.
2025-05-09 13:06:21,789 - INFO - Found section 201: Causing disappearance of evidence of offence, or giving false information to screen offender.
2025-05-09 13:06:21,789 - INFO - Found section 202: Intentional omission to give information of offence by person bound to inform.
2025-05-09 13:06:21,789 - INFO - Found section 203: Giving false information respecting an offence committed.
2025-05-09 13:06:21,789 - INFO - Found section 204: Destruction of document to prevent its production as evidence.
2025-05-09 13:06:21,800 - INFO - Found section 205: False personation for purpose of act or proceeding in suit or prosecution.
2025-05-09 13:06:21,800 - INFO - Found section 206: Fraudulent removal or concealment of property to prevent its seizure as forfeited or in execution.
2025-05-09 13:06:21,800 - INFO - Found section 207: Fraudulent claim to property to prevent its seizure as forfeited or in execution.
2025-05-09 13:06:21,800 - INFO - Found section 208: Fraudulently suffering decree for sum not due.
2025-05-09 13:06:21,800 - INFO - Found section 209: Dishonesty making false claim in Court.
2025-05-09 13:06:21,800 - INFO - Found section 210: Fraudulently obtaining decree for sum not due.
2025-05-09 13:06:21,800 - INFO - Found section 211: False charge of offence made with intent to injure.
2025-05-09 13:06:21,802 - INFO - Found section 212: Harbouring offender.
2025-05-09 13:06:21,802 - INFO - Found section 213: Taking gift, etc., to screen an offender from punishment.
2025-05-09 13:06:21,802 - INFO - Found section 214: Offering gift or restoration of property in consideration of screening offender.
2025-05-09 13:06:21,802 - INFO - Found section 215: Taking gift to help to recover stolen property, etc.
2025-05-09 13:06:21,802 - INFO - Found section 216: Harbouring offender who has escaped from custody or whose apprehension has been ordered.
2025-05-09 13:06:21,802 - INFO - Found section 217: Public servant disobeying direction of law with intent to save person from punishment or property from forfeiture.
2025-05-09 13:06:21,802 - INFO - Found section 218: Public servant framing incorrect record or writing with intent to save person from punishment or property from forfeiture.
2025-05-09 13:06:21,802 - INFO - Found section 219: Public servant in judicial proceeding corruptly making report, etc., contrary to law.
2025-05-09 13:06:21,802 - INFO - Found section 220: Commitment for trial or confinement by person having authority who knows that he is acting contrary to law.
2025-05-09 13:06:21,802 - INFO - Found section 221: Intentional omission to apprehend on the part of public servant bound to apprehend.
2025-05-09 13:06:21,802 - INFO - Found section 222: Intentional omission to apprehend on the part of public servant bound to apprehend person under sentence or lawfully committed.
2025-05-09 13:06:21,802 - INFO - Found section 223: Escape from confinement or custody negligently suffered by public servant.
2025-05-09 13:06:21,802 - INFO - Found section 224: Resistance or obstruction by a person to his lawful apprehension.
2025-05-09 13:06:21,802 - INFO - Found section 225: Resistance or obstruction to lawful apprehension of another person.
2025-05-09 13:06:21,805 - INFO - Found section 226: Unlawful return from transportation. .
2025-05-09 13:06:21,805 - INFO - Found section 227: Violation of condition of remission of punishment.
2025-05-09 13:06:21,805 - INFO - Found section 228: Intentional insult or interruption to public servant sitting in judicial proceeding.
2025-05-09 13:06:21,805 - INFO - Found section 229: Personation of a juror or assessor.
2025-05-09 13:06:21,805 - INFO - Found section 230: "Coin" defined.
2025-05-09 13:06:21,805 - INFO - Found section 231: Counterfeiting coin.
2025-05-09 13:06:21,805 - INFO - Found section 232: Counterfeiting Indian coin.
2025-05-09 13:06:21,805 - INFO - Found section 233: Making or selling instrument for counterfeiting coin.
2025-05-09 13:06:21,805 - INFO - Found section 234: Making or selling instrument for counterfeiting Indian coin.
2025-05-09 13:06:21,805 - INFO - Found section 235: Possession of instrument or material for the purpose of using the same for counterfeiting coin.
2025-05-09 13:06:21,805 - INFO - Found section 236: Abetting in India the counterfeiting out of India of coin.
2025-05-09 13:06:21,805 - INFO - Found section 237: Import or export of counterfeit coin.
2025-05-09 13:06:21,805 - INFO - Found section 238: Import or export of counterfeits of the Indian coin.
2025-05-09 13:06:21,805 - INFO - Found section 239: Delivery of coin possessed with knowledge that it is counterfeit.
2025-05-09 13:06:21,805 - INFO - Found section 240: Delivery of Indian coin, possessed with knowledge that it is counterfeit.
2025-05-09 13:06:21,805 - INFO - Found section 241: Delivery of coin as genuine, which, when first possessed, the deliverer did not know to be counterfeit.
2025-05-09 13:06:21,805 - INFO - Found section 242: Possession of counterfeit coin by person who knew it to be counterfeit when he became possessed thereof.
2025-05-09 13:06:21,805 - INFO - Found section 243: Possession of Indian coin by person who knew it to be counterfeit when he became possessed thereof.
2025-05-09 13:06:21,805 - INFO - Found section 244: Person employed in mint causing coin to be of different weight or composition from that fixed by law.
2025-05-09 13:06:21,805 - INFO - Found section 245: Unlawfully taking coining instrument from mint.
2025-05-09 13:06:21,805 - INFO - Found section 246: Fraudulently or dishonestly diminishing weight or altering composition of coin.
2025-05-09 13:06:21,809 - INFO - Found section 247: Fraudulently or dishonestly diminishing weight or altering composition of Indian coin.
2025-05-09 13:06:21,809 - INFO - Found section 248: Altering appearance of coin with intent that it shall pass as coin of different description.
2025-05-09 13:06:21,809 - INFO - Found section 249: Altering appearance of Indian coin with intent that it shall pass as coin of different description.
2025-05-09 13:06:21,809 - INFO - Found section 250: Delivery of coin possessed with knowledge that it is altered.
2025-05-09 13:06:21,809 - INFO - Found section 251: Delivery of Indian coin, possessed with knowledge that it is altered.
2025-05-09 13:06:21,809 - INFO - Found section 252: Possession of coin by person who knew it to be altered when he became possessed thereof.
2025-05-09 13:06:21,809 - INFO - Found section 253: Possession of Indian coin by person who knew it to be altered when he became possessed thereof.
2025-05-09 13:06:21,809 - INFO - Found section 254: Delivery of coin as genuine which, when first possessed, the deliverer did not know to be altered.
2025-05-09 13:06:21,809 - INFO - Found section 255: Counterfeiting Government stamp.
2025-05-09 13:06:21,809 - INFO - Found section 256: Having possession of instrument or material for counterfeiting Government stamp.
2025-05-09 13:06:21,809 - INFO - Found section 257: Making or selling instrument for counterfeiting Government stamp.
2025-05-09 13:06:21,809 - INFO - Found section 258: Sale of counterfeit Government stamp.
2025-05-09 13:06:21,809 - INFO - Found section 259: Having possession of counterfeit Government stamp.
2025-05-09 13:06:21,809 - INFO - Found section 260: Using as genuine a Government stamp known to be counterfeit.
2025-05-09 13:06:21,809 - INFO - Found section 261: Effacing writing from substance bearing Government stamp, or removing from document a stamp used for it, with intent to cause loss to Government.
2025-05-09 13:06:21,809 - INFO - Found section 262: Using Government stamp known to have been before used.
2025-05-09 13:06:21,809 - INFO - Found section 263: Erasure of mark denoting that stamp has been used.
2025-05-09 13:06:21,809 - INFO - Found section 264: Fraudulent use of false instrument for weighing.
2025-05-09 13:06:21,809 - INFO - Found section 265: Fraudulent use of false weight or measure.
2025-05-09 13:06:21,809 - INFO - Found section 266: Being in possession of false weight or measure.
2025-05-09 13:06:21,809 - INFO - Found section 267: Making or selling false weight or measure.
2025-05-09 13:06:21,809 - INFO - Found section 268: Public nuisance.
2025-05-09 13:06:21,809 - INFO - Found section 269: Negligent act likely to spread infection of disease dangerous to life.
2025-05-09 13:06:21,809 - INFO - Found section 270: Malignant act likely to spread infection of disease dangerous to life.
2025-05-09 13:06:21,809 - INFO - Found section 271: Disobedience to quarantine rule.
2025-05-09 13:06:21,809 - INFO - Found section 272: Adulteration of food or drink intended for sale.
2025-05-09 13:06:21,809 - INFO - Found section 273: Sale of noxious food or drink.
2025-05-09 13:06:21,809 - INFO - Found section 274: Adulteration of drugs.
2025-05-09 13:06:21,809 - INFO - Found section 275: Sale of adulterated drugs.
2025-05-09 13:06:21,809 - INFO - Found section 276: Sale of drug as a different drug or preparation.
2025-05-09 13:06:21,809 - INFO - Found section 277: Fouling water of public spring or reservoir.
2025-05-09 13:06:21,809 - INFO - Found section 278: Making atmosphere noxious to health.
2025-05-09 13:06:21,809 - INFO - Found section 279: Rash driving or riding on a public way.
2025-05-09 13:06:21,809 - INFO - Found section 280: Rash navigation of vessel.
2025-05-09 13:06:21,809 - INFO - Found section 281: Exhibition of false light, mark or buoy.
2025-05-09 13:06:21,809 - INFO - Found section 282: Conveying person by water for hire in unsafe or overloaded vessel.
2025-05-09 13:06:21,809 - INFO - Found section 283: Danger or obstruction in public way or line of navigation.
2025-05-09 13:06:21,809 - INFO - Found section 284: Negligent conduct with respect to poisonous substance.
2025-05-09 13:06:21,809 - INFO - Found section 285: Negligent conduct with respect to fire or combustible matter.
2025-05-09 13:06:21,820 - INFO - Found section 286: Negligent conduct with respect to explosive substance.
2025-05-09 13:06:21,820 - INFO - Found section 287: Negligent conduct with respect to machinery.
2025-05-09 13:06:21,820 - INFO - Found section 288: Negligent conduct with respect to pulling down or repairing buildings.
2025-05-09 13:06:21,820 - INFO - Found section 289: Negligent conduct with respect to animal.
2025-05-09 13:06:21,821 - INFO - Found section 290: Punishment for public nuisance in cases not otherwise provided for.
2025-05-09 13:06:21,821 - INFO - Found section 291: Continuance of nuisance after injunction to discontinue.
2025-05-09 13:06:21,821 - INFO - Found section 292: Sale, etc., of obscene books, etc..
2025-05-09 13:06:21,821 - INFO - Found section 293: Sale, etc., of obscene objects to young person.
2025-05-09 13:06:21,821 - INFO - Found section 294: Obscene acts and songs.
2025-05-09 13:06:21,821 - INFO - Found section 295: Injuring or defiling place of worship, with intent to insult the religion of any class.
2025-05-09 13:06:21,821 - INFO - Found section 296: Disturbing religious assembly.
2025-05-09 13:06:21,821 - INFO - Found section 297: Trespassing on burial places, etc.
2025-05-09 13:06:21,821 - INFO - Found section 298: Uttering words, etc., with deliberate intent to wound religious feelings.
2025-05-09 13:06:21,821 - INFO - Found section 299: Culpable homicide.
2025-05-09 13:06:21,821 - INFO - Found section 300: Murder.
2025-05-09 13:06:21,821 - INFO - Found section 301: Culpable homicide by causing death of person other than person whose death was intended.
2025-05-09 13:06:21,821 - INFO - Found section 302: Punishment for murder.
2025-05-09 13:06:21,821 - INFO - Found section 303: Punishment for murder by life-convict.
2025-05-09 13:06:21,821 - INFO - Found section 304: Punishment for culpable homicide not amounting to murder.
2025-05-09 13:06:21,821 - INFO - Found section 305: Abetment of suicide of child or insane person.
2025-05-09 13:06:21,821 - INFO - Found section 306: Abetment of suicide.
2025-05-09 13:06:21,821 - INFO - Found section 307: Attempt to murder.
2025-05-09 13:06:21,821 - INFO - Found section 308: Attempt to commit culpable homicide.
2025-05-09 13:06:21,821 - INFO - Found section 309: Attempt to commit suicide.
2025-05-09 13:06:21,821 - INFO - Found section 310: Thug.
2025-05-09 13:06:21,821 - INFO - Found section 311: Punishment.
2025-05-09 13:06:21,821 - INFO - Found section 312: Causing miscarraige.
2025-05-09 13:06:21,821 - INFO - Found section 313: Causing miscarriage without womans consent.
2025-05-09 13:06:21,821 - INFO - Found section 314: Death caused by act done with intent to cause miscarriage.
2025-05-09 13:06:21,821 - INFO - Found section 315: Act done with intent to prevent child being born alive or to cause it to die after birth.
2025-05-09 13:06:21,821 - INFO - Found section 316: Causing death of quick unborn child by act amounting to culpable homicide-.
2025-05-09 13:06:21,821 - INFO - Found section 317: Exposure and abandonment of child under twelve years, by parent or person having care of it.
2025-05-09 13:06:21,821 - INFO - Found section 318: Concealment of birth by secret disposal of dead body.
2025-05-09 13:06:21,821 - INFO - Found section 319: Hurt.
2025-05-09 13:06:21,821 - INFO - Found section 320: Grievous hurt.
2025-05-09 13:06:21,821 - INFO - Found section 321: Voluntarily causing hurt.
2025-05-09 13:06:21,821 - INFO - Found section 322: Voluntarily causing grievous hurt.
2025-05-09 13:06:21,821 - INFO - Found section 323: Punishment for voluntarily causing hurt.
2025-05-09 13:06:21,821 - INFO - Found section 324: Voluntarily causing hurt by dangerous weapons or means.
2025-05-09 13:06:21,821 - INFO - Found section 325: Punishment for voluntarily causing grievous hurt.
2025-05-09 13:06:21,821 - INFO - Found section 326: Voluntarily causing grievous hurt by dangerous weapons or means.
2025-05-09 13:06:21,821 - INFO - Found section 327: Voluntarily causing hurt to extort property, or to constrain to an illegal to an act.
2025-05-09 13:06:21,821 - INFO - Found section 328: Causing hurt by means of poison, etc., with intent to commit and offence.
2025-05-09 13:06:21,821 - INFO - Found section 329: Voluntarily causing grievous hurt to extort property, or to constrain to an illegal act.
2025-05-09 13:06:21,829 - INFO - Found section 330: Voluntarily causing hurt to extort confession or to compel restoration of property.
2025-05-09 13:06:21,829 - INFO - Found section 331: Voluntarily causing grievous hurt to extort confession, or to compel restoration of property.
2025-05-09 13:06:21,829 - INFO - Found section 332: Voluntarily causing hurt to deter public servant from his duty.
2025-05-09 13:06:21,829 - INFO - Found section 333: Voluntarily causing grievous hurt to deter public servant from his duty.
2025-05-09 13:06:21,829 - INFO - Found section 334: Voluntarily causing hurt on provocation.
2025-05-09 13:06:21,829 - INFO - Found section 335: Voluntarily causing grievous hurt on provocation.
2025-05-09 13:06:21,829 - INFO - Found section 336: Act endangering life or personal safety of others.
2025-05-09 13:06:21,829 - INFO - Found section 337: Causing hurt by act endangering life or personal safety of others.
2025-05-09 13:06:21,829 - INFO - Found section 338: Causing grievous hurt by act endangering life or personal safety of others.
2025-05-09 13:06:21,831 - INFO - Found section 339: Wrongful restraint.
2025-05-09 13:06:21,831 - INFO - Found section 340: Wrongful confinement.
2025-05-09 13:06:21,831 - INFO - Found section 341: Punishment for wrongful restraint.
2025-05-09 13:06:21,831 - INFO - Found section 342: Punishment for wrongful confinement.
2025-05-09 13:06:21,831 - INFO - Found section 343: Wrongful confinement for three or more days.
2025-05-09 13:06:21,831 - INFO - Found section 344: Wrongful confinement for ten or more days.
2025-05-09 13:06:21,831 - INFO - Found section 345: Wrongful confinement of person for whose liberation writ has been issued.
2025-05-09 13:06:21,833 - INFO - Found section 346: Wrongful confinement in secret.
2025-05-09 13:06:21,833 - INFO - Found section 347: Wrongful confinement to extort property, or constrain to illegal act.
2025-05-09 13:06:21,833 - INFO - Found section 348: Wrongful confinement to extort confession, or compel restoration of property.
2025-05-09 13:06:21,833 - INFO - Found section 349: Force.
2025-05-09 13:06:21,833 - INFO - Found section 350: Criminal force.
2025-05-09 13:06:21,833 - INFO - Found section 351: Assault.
2025-05-09 13:06:21,833 - INFO - Found section 352: Punishment for assault or criminal force otherwise than on grave provocation.
2025-05-09 13:06:21,833 - INFO - Found section 353: Assault or criminal force to deter public servant from discharge of his duty.
2025-05-09 13:06:21,833 - INFO - Found section 354: Assault or criminal force to woman with intent to outrage her modesty.
2025-05-09 13:06:21,833 - INFO - Found section 355: Assault or criminal force with intent to dishonour person, otherwise than on grave provocation.
2025-05-09 13:06:21,836 - INFO - Found section 356: Assault or criminal force in attempt to commit theft of property carried by a person.
2025-05-09 13:06:21,836 - INFO - Found section 357: Assault or criminal force in attempt wrongfully to confine a person.
2025-05-09 13:06:21,836 - INFO - Found section 358: Assault or criminal force on grave provocation.
2025-05-09 13:06:21,836 - INFO - Found section 359: Kidnapping.
2025-05-09 13:06:21,836 - INFO - Found section 360: Kidnapping from India.
2025-05-09 13:06:21,836 - INFO - Found section 361: Kidnapping from lawful guardianship.
2025-05-09 13:06:21,836 - INFO - Found section 362: Abduction.
2025-05-09 13:06:21,836 - INFO - Found section 363: Punishment for kidnapping.
2025-05-09 13:06:21,836 - INFO - Found section 364: Kidnapping or abducting in order to murder.
2025-05-09 13:06:21,836 - INFO - Found section 365: Kidnapping or abducting with intent secretly and wrongfully to confine person.
2025-05-09 13:06:21,836 - INFO - Found section 366: Kidnapping, abducting or inducing woman to compel her marriage, etc..
2025-05-09 13:06:21,836 - INFO - Found section 367: Kidnapping or abducting in order to subject person to grievous hurt, slavery, etc..
2025-05-09 13:06:21,840 - INFO - Found section 368: Wrongfully concealing or keeping in confinement, kidnapped or abducted person.
2025-05-09 13:06:21,840 - INFO - Found section 369: Kidnapping or abducting child under ten years with intent to steal from its person.
2025-05-09 13:06:21,840 - INFO - Found section 370: Trafficking of persons.
2025-05-09 13:06:21,840 - INFO - Found section 371: Habitual dealing in slaves.
2025-05-09 13:06:21,840 - INFO - Found section 372: Selling minor for purposes of prostitution, etc..
2025-05-09 13:06:21,840 - INFO - Found section 373: Buying minor for purposes of prostitution, etc..
2025-05-09 13:06:21,840 - INFO - Found section 374: Unlawful compulsory labour.
2025-05-09 13:06:21,840 - INFO - Found section 375: Rape.
2025-05-09 13:06:21,840 - INFO - Found section 376: Punishment for rape.
2025-05-09 13:06:21,840 - INFO - Found section 377: Unnatural offences.
2025-05-09 13:06:21,840 - INFO - Found section 378: Theft.
2025-05-09 13:06:21,840 - INFO - Found section 379: Punishment for theft.
2025-05-09 13:06:21,840 - INFO - Found section 380: Theft in dwelling house, etc..
2025-05-09 13:06:21,840 - INFO - Found section 381: Theft by clerk or servant of property in possession of master.
2025-05-09 13:06:21,840 - INFO - Found section 382: Theft after preparation made for causing death, hurt or restraint in order to the committing of the theft.
2025-05-09 13:06:21,840 - INFO - Found section 383: Extortion.
2025-05-09 13:06:21,840 - INFO - Found section 384: Punishment for extortion.
2025-05-09 13:06:21,840 - INFO - Found section 385: Putting person in fear of injury in order to commit extortion.
2025-05-09 13:06:21,840 - INFO - Found section 386: Extortion by putting a person in fear of death or grievous hurt.
2025-05-09 13:06:21,840 - INFO - Found section 387: Putting person in fear of death or of grievous hurt, in order to commit extortion.
2025-05-09 13:06:21,840 - INFO - Found section 388: Extortion by threat of accusation of an offence punishable with death or imprisonment for life, etc.
2025-05-09 13:06:21,840 - INFO - Found section 389: Putting person in fear or accusation of offence, in order to commit extortion.
2025-05-09 13:06:21,840 - INFO - Found section 390: Robbery.
2025-05-09 13:06:21,840 - INFO - Found section 391: Dacoity.
2025-05-09 13:06:21,840 - INFO - Found section 392: Punishment for robbery.
2025-05-09 13:06:21,840 - INFO - Found section 393: Attempt to commit robbery.
2025-05-09 13:06:21,840 - INFO - Found section 394: Voluntarily causing hurt in committing robbery.
2025-05-09 13:06:21,840 - INFO - Found section 395: Punishment for dacoity.
2025-05-09 13:06:21,840 - INFO - Found section 396: Dacoity with murder.
2025-05-09 13:06:21,840 - INFO - Found section 397: Robbery or dacoity, with attempt to cause death or grievous hurt.
2025-05-09 13:06:21,840 - INFO - Found section 398: Attempt to commit robbery or dacoity when armed with deadly weapon.
2025-05-09 13:06:21,840 - INFO - Found section 399: Making preparation to commit dacoity.
2025-05-09 13:06:21,840 - INFO - Found section 400: Punishment for belonging to gang of dacoits.
2025-05-09 13:06:21,840 - INFO - Found section 401: Punishment for belonging to gang of thieves.
2025-05-09 13:06:21,840 - INFO - Found section 402: Assembling for purpose of committing dacoity.
2025-05-09 13:06:21,840 - INFO - Found section 403: Dishonest misappropriation of property.
2025-05-09 13:06:21,840 - INFO - Found section 404: Dishonest misappropriation of property possessed by deceased person at the time of his death.
2025-05-09 13:06:21,849 - INFO - Found section 405: Criminal breach of trust.
2025-05-09 13:06:21,849 - INFO - Found section 406: Punishment for criminal breach of trust.
2025-05-09 13:06:21,849 - INFO - Found section 407: Criminal breach of trust by carrier, etc..
2025-05-09 13:06:21,849 - INFO - Found section 408: Criminal breach of trust by clerk or servant.
2025-05-09 13:06:21,851 - INFO - Found section 409: Criminal breach of trust by public servant, or by banker, merchant or agent.
2025-05-09 13:06:21,851 - INFO - Found section 410: Stolen property.
2025-05-09 13:06:21,851 - INFO - Found section 411: Dishonestly receiving stolen property.
2025-05-09 13:06:21,852 - INFO - Found section 412: Dishonestly receiving property stolen in the commission of a dacoity.
2025-05-09 13:06:21,852 - INFO - Found section 413: Habitually dealing in stolen property.
2025-05-09 13:06:21,852 - INFO - Found section 414: Assisting in concealment of stolen property.
2025-05-09 13:06:21,852 - INFO - Found section 415: Cheating.
2025-05-09 13:06:21,852 - INFO - Found section 416: Cheating by personation.
2025-05-09 13:06:21,852 - INFO - Found section 417: Punishment for cheating.
2025-05-09 13:06:21,852 - INFO - Found section 418: Cheating with knowledge that wrongful loss may ensue to person whose interest offender is bound to protect.
2025-05-09 13:06:21,854 - INFO - Found section 419: Punishment for cheating by personation.
2025-05-09 13:06:21,854 - INFO - Found section 420: Cheating and dishonestly inducing delivery of property.
2025-05-09 13:06:21,854 - INFO - Found section 421: Dishonest or fraudulent removal or concealment of property to prevent distribution among creditors.
2025-05-09 13:06:21,854 - INFO - Found section 422: Dishonestly or fraudulently preventing debt being available for creditors.
2025-05-09 13:06:21,854 - INFO - Found section 423: Dishonest or fraudulent execution of deed of transfer containing false statement of consideration.
2025-05-09 13:06:21,854 - INFO - Found section 424: Dishonest or fraudulent removal or concealment of property.
2025-05-09 13:06:21,854 - INFO - Found section 425: Mischief.
2025-05-09 13:06:21,854 - INFO - Found section 426: Punishment for mischief.
2025-05-09 13:06:21,854 - INFO - Found section 427: Mischief causing damage to the amount of fifty rupees.
2025-05-09 13:06:21,854 - INFO - Found section 428: Mischief by killing or maiming animal of the value of ten rupees.
2025-05-09 13:06:21,854 - INFO - Found section 429: Mischief by killing or maiming cattle, etc., of any value or any animal of the value of fifty rupees.
2025-05-09 13:06:21,854 - INFO - Found section 430: Mischief by injury to works of irrigation or by wrongfully diverting water.
2025-05-09 13:06:21,854 - INFO - Found section 431: Mischief by injury to public road, bridge, river or channel.
2025-05-09 13:06:21,854 - INFO - Found section 432: Mischief by causing inundation or obstruction to public drainage attended with damage.
2025-05-09 13:06:21,854 - INFO - Found section 433: Mischief by destroying, moving or rendering less useful a light-house or sea-mark.
2025-05-09 13:06:21,854 - INFO - Found section 434: Mischief by destroying or moving, etc., a land-mark fixed by public authority.
2025-05-09 13:06:21,854 - INFO - Found section 435: Mischief by fire or explosive substance with intent to cause damage to amount of one hundred or (in case of agricultural produce) ten rupees.
2025-05-09 13:06:21,854 - INFO - Found section 436: Mischief by fire or explosive substance with intent destroy house, etc..
2025-05-09 13:06:21,854 - INFO - Found section 437: Mischief with intent to destroy or make unsafe a decked vessel or one of twenty tons burden.
2025-05-09 13:06:21,854 - INFO - Found section 438: Punishment for the mischief described in section 437 committed by fire or explosive substance.
2025-05-09 13:06:21,860 - INFO - Found section 439: Punishment for intentionally running vessel aground or ashore with intent to commit theft, etc..
2025-05-09 13:06:21,860 - INFO - Found section 440: Mischief committed after preparation made for causing death or hurt.
2025-05-09 13:06:21,860 - INFO - Found section 441: Criminal trespass.
2025-05-09 13:06:21,860 - INFO - Found section 442: House-trespass.
2025-05-09 13:06:21,860 - INFO - Found section 443: Lurking house-trespass.
2025-05-09 13:06:21,860 - INFO - Found section 444: Lurking house-trespass by night.
2025-05-09 13:06:21,860 - INFO - Found section 445: House-breaking.
2025-05-09 13:06:21,860 - INFO - Found section 446: House-breaking by night.
2025-05-09 13:06:21,860 - INFO - Found section 447: Punishment for criminal trespass.
2025-05-09 13:06:21,860 - INFO - Found section 448: Punishment for house-trespass.
2025-05-09 13:06:21,860 - INFO - Found section 449: House-trespass in order to commit offence punishable with death.
2025-05-09 13:06:21,860 - INFO - Found section 450: House-trespass in order to commit offence punishable with imprisonment for life.
2025-05-09 13:06:21,860 - INFO - Found section 451: House-trespass in order to commit offence punishable with imprisonment.
2025-05-09 13:06:21,862 - INFO - Found section 452: House-trespass after preparation for hurt, assault or wrongful restraint.
2025-05-09 13:06:21,862 - INFO - Found section 453: Punishment for lurking house-trespass or house-breaking.
2025-05-09 13:06:21,862 - INFO - Found section 454: Lurking house-trespass or house-breaking in order to commit offence punishable with imprisonment.
2025-05-09 13:06:21,862 - INFO - Found section 455: Lurking house-trespass or house-breaking after preparation for hurt, assault or wrongful restraint.
2025-05-09 13:06:21,863 - INFO - Found section 456: Punishment for lurking house-trespass or house-breaking by night.
2025-05-09 13:06:21,863 - INFO - Found section 457: Lurking house-trespass or house-breaking by night in order to commit offence punishable with imprisonment.
2025-05-09 13:06:21,863 - INFO - Found section 458: Lurking house-trespass or house-breaking by night after preparation for hurt, assault, or wrongful restraint.
2025-05-09 13:06:21,863 - INFO - Found section 459: Grievous hurt caused whilst committing lurking house-trespass or house-breaking.
2025-05-09 13:06:21,864 - INFO - Found section 460: All persons jointly concerned in lurking house-trespass or house-breaking by night punishable where death or grievous hurt caused by one of them.
2025-05-09 13:06:21,864 - INFO - Found section 461: Dishonestly breaking open receptacle containing property.
2025-05-09 13:06:21,864 - INFO - Found section 462: Punishment for same offence when committed by person entrusted with custody.
2025-05-09 13:06:21,864 - INFO - Found section 463: Forgery.
2025-05-09 13:06:21,864 - INFO - Found section 464: Making a false document.
2025-05-09 13:06:21,864 - INFO - Found section 465: Punishment for forgery.
2025-05-09 13:06:21,864 - INFO - Found section 466: Forgery of record of Court or of public register, etc..
2025-05-09 13:06:21,864 - INFO - Found section 467: Forgery of valuable security, will, etc..
2025-05-09 13:06:21,864 - INFO - Found section 468: Forgery for purpose of cheating.
2025-05-09 13:06:21,864 - INFO - Found section 469: Forgery for purpose of harming reputation.
2025-05-09 13:06:21,864 - INFO - Found section 470: Forged document.
2025-05-09 13:06:21,864 - INFO - Found section 471: Using as genuine a forged document.
2025-05-09 13:06:21,864 - INFO - Found section 472: Making or possessing counterfeit seal, etc., with intent to commit forgery punishable under section 467.
2025-05-09 13:06:21,864 - INFO - Found section 473: Making or possessing counterfeit seal, etc., with intent to commit forgery punishable otherwise.
2025-05-09 13:06:21,864 - INFO - Found section 474: Having possession of document described in section 466 or 467, knowing it to be forged and intending to use it genuine.
2025-05-09 13:06:21,869 - INFO - Found section 475: Counterfeiting device or mark used for authenticating documents described in section 467, or possessing counterfeit marked material.
2025-05-09 13:06:21,869 - INFO - Found section 476: Counterfeiting device or mark used for authenticating documents other than those described in section 467, or possessing counterfeit marked material.
2025-05-09 13:06:21,869 - INFO - Found section 477: Fraudulent cancellation, destruction, etc., of will, authority to adopt, or valuable security.
2025-05-09 13:06:21,869 - INFO - Found section 478: Trade Mark. .
2025-05-09 13:06:21,870 - INFO - Found section 479: Property mark.
2025-05-09 13:06:21,870 - INFO - Found section 480: Using a false trade mark. .
2025-05-09 13:06:21,870 - INFO - Found section 481: Using a false property mark.
2025-05-09 13:06:21,870 - INFO - Found section 482: Punishment for using a false property mark.
2025-05-09 13:06:21,870 - INFO - Found section 483: Counterfeiting a property mark used by another.
2025-05-09 13:06:21,870 - INFO - Found section 484: Counterfeiting a mark used by a public servant.
2025-05-09 13:06:21,871 - INFO - Found section 485: Making or possession of any instrument for counterfeiting a property mark.
2025-05-09 13:06:21,871 - INFO - Found section 486: Selling goods marked with a counterfeit property mark.
2025-05-09 13:06:21,871 - INFO - Found section 487: Making a false mark upon any receptacle containing goods.
2025-05-09 13:06:21,871 - INFO - Found section 488: Punishment for making use of any such false mark.
2025-05-09 13:06:21,871 - INFO - Found section 489: Tampering with property mark with intent to cause injury.
2025-05-09 13:06:21,871 - INFO - Found section 490: Breach of contract of service during voyage or journey..
2025-05-09 13:06:21,871 - INFO - Found section 491: Breach of contract to attend on and supply wants of helpless persons.
2025-05-09 13:06:21,871 - INFO - Found section 492: Breach of contract to serve at distant place to which servant is conveyed at master.
2025-05-09 13:06:21,871 - INFO - Found section 493: Cohabitation caused by a man deceitfully inducing a belief of lawful marriage.
2025-05-09 13:06:21,871 - INFO - Found section 494: Marrying again during lifetime of husband or wife.
2025-05-09 13:06:21,873 - INFO - Found section 495: Same offence with concealment of former marriage from person with whom subsequent marriage is contracted.
2025-05-09 13:06:21,873 - INFO - Found section 496: Marriage ceremony fraudulently gone through without lawful marriage.
2025-05-09 13:06:21,873 - INFO - Found section 497: Adultery.
2025-05-09 13:06:21,873 - INFO - Found section 498: Enticing or taking away or detaining with criminal intent a married woman.
2025-05-09 13:06:21,873 - INFO - Found section 499: Defamation.
2025-05-09 13:06:21,873 - INFO - Found section 500: Punishment for defamation.
2025-05-09 13:06:21,873 - INFO - Found section 501: Printing or engraving matter known to be defamatory.
2025-05-09 13:06:21,873 - INFO - Found section 502: Sale of printed or engraved substance containing defamatory matter.
2025-05-09 13:06:21,875 - INFO - Found section 503: Criminal intimidation.
2025-05-09 13:06:21,875 - INFO - Found section 504: Intentional insult with intent to provoke breach of the peace.
2025-05-09 13:06:21,875 - INFO - Found section 505: Statements conducing public mischief.
2025-05-09 13:06:21,875 - INFO - Found section 506: Punishment for criminal intimidation.
2025-05-09 13:06:21,875 - INFO - Found section 507: Criminal intimidation by an anonymous communication.
2025-05-09 13:06:21,875 - INFO - Found section 508: Act caused by inducing person to believe that he will be rendered an object of the Divine displeasure.
2025-05-09 13:06:21,875 - INFO - Found section 509: Word, gesture or act intended to insult the modesty of a woman.
2025-05-09 13:06:21,875 - INFO - Found section 510: Misconduct in public by a drunken person.
2025-05-09 13:06:21,875 - INFO - Found section 511: Punishment for attempting to commit offences punishable with imprisonment for life or other imprisonment.
2025-05-09 13:06:21,875 - INFO - Successfully extracted 511 sections from main page
2025-05-09 13:06:21,875 - INFO - 
Processing details for Section 1
2025-05-09 13:06:21,880 - INFO - Attempting to fetch section 1 details (Attempt 1/3)
2025-05-09 13:06:23,213 - ERROR - Error processing section 1: Could not find content div
2025-05-09 13:06:28,224 - INFO - Attempting to fetch section 1 details (Attempt 2/3)
2025-05-09 13:06:29,607 - ERROR - Error processing section 1: Could not find content div
2025-05-09 13:06:34,611 - INFO - Attempting to fetch section 1 details (Attempt 3/3)
2025-05-09 13:06:35,814 - ERROR - Error processing section 1: Could not find content div
2025-05-09 13:06:35,816 - ERROR - Could not fetch details for section 1
2025-05-09 13:06:37,833 - INFO - 
Processing details for Section 2
2025-05-09 13:06:37,833 - INFO - Attempting to fetch section 2 details (Attempt 1/3)
2025-05-09 13:06:39,336 - ERROR - Error processing section 2: Could not find content div
2025-05-09 13:06:44,341 - INFO - Attempting to fetch section 2 details (Attempt 2/3)
2025-05-09 13:06:45,636 - ERROR - Error processing section 2: Could not find content div
2025-05-09 13:06:50,641 - INFO - Attempting to fetch section 2 details (Attempt 3/3)
2025-05-09 13:06:51,907 - ERROR - Error processing section 2: Could not find content div
2025-05-09 13:06:51,911 - ERROR - Could not fetch details for section 2
2025-05-09 13:06:53,919 - INFO - 
Processing details for Section 3
2025-05-09 13:06:53,919 - INFO - Attempting to fetch section 3 details (Attempt 1/3)
2025-05-09 13:06:55,116 - ERROR - Error processing section 3: Could not find content div
2025-05-09 13:07:00,126 - INFO - Attempting to fetch section 3 details (Attempt 2/3)
2025-05-09 13:07:01,568 - ERROR - Error processing section 3: Could not find content div
2025-05-09 13:07:06,571 - INFO - Attempting to fetch section 3 details (Attempt 3/3)
2025-05-09 13:07:08,026 - ERROR - Error processing section 3: Could not find content div
2025-05-09 13:07:08,042 - ERROR - Could not fetch details for section 3
2025-05-09 13:07:10,044 - INFO - 
Processing details for Section 4
2025-05-09 13:07:10,044 - INFO - Attempting to fetch section 4 details (Attempt 1/3)
2025-05-09 13:07:11,388 - ERROR - Error processing section 4: Could not find content div
2025-05-09 13:07:16,396 - INFO - Attempting to fetch section 4 details (Attempt 2/3)
2025-05-09 13:07:17,694 - ERROR - Error processing section 4: Could not find content div
2025-05-09 13:07:22,706 - INFO - Attempting to fetch section 4 details (Attempt 3/3)
2025-05-09 13:07:24,036 - ERROR - Error processing section 4: Could not find content div
2025-05-09 13:07:24,036 - ERROR - Could not fetch details for section 4
2025-05-09 13:07:26,053 - INFO - 
Processing details for Section 5
2025-05-09 13:07:26,053 - INFO - Attempting to fetch section 5 details (Attempt 1/3)
2025-05-09 13:07:27,308 - ERROR - Error processing section 5: Could not find content div
2025-05-09 13:07:32,321 - INFO - Attempting to fetch section 5 details (Attempt 2/3)
2025-05-09 13:07:33,603 - ERROR - Error processing section 5: Could not find content div
2025-05-09 13:07:38,618 - INFO - Attempting to fetch section 5 details (Attempt 3/3)
2025-05-09 13:07:39,890 - ERROR - Error processing section 5: Could not find content div
2025-05-09 13:07:39,890 - ERROR - Could not fetch details for section 5
2025-05-09 13:07:41,905 - INFO - 
Processing details for Section 6
2025-05-09 13:07:41,905 - INFO - Attempting to fetch section 6 details (Attempt 1/3)
2025-05-09 13:07:43,283 - ERROR - Error processing section 6: Could not find content div
2025-05-09 13:07:48,297 - INFO - Attempting to fetch section 6 details (Attempt 2/3)
2025-05-09 13:07:49,635 - ERROR - Error processing section 6: Could not find content div
2025-05-09 13:07:54,642 - INFO - Attempting to fetch section 6 details (Attempt 3/3)
2025-05-09 13:07:55,967 - ERROR - Error processing section 6: Could not find content div
2025-05-09 13:07:55,967 - ERROR - Could not fetch details for section 6
2025-05-09 13:07:57,990 - INFO - 
Processing details for Section 7
2025-05-09 13:07:57,990 - INFO - Attempting to fetch section 7 details (Attempt 1/3)
2025-05-09 13:07:59,354 - ERROR - Error processing section 7: Could not find content div
2025-05-09 13:08:04,363 - INFO - Attempting to fetch section 7 details (Attempt 2/3)
2025-05-09 13:08:05,705 - ERROR - Error processing section 7: Could not find content div
2025-05-09 13:08:10,721 - INFO - Attempting to fetch section 7 details (Attempt 3/3)
2025-05-09 13:08:12,050 - ERROR - Error processing section 7: Could not find content div
2025-05-09 13:08:12,051 - ERROR - Could not fetch details for section 7
2025-05-09 13:08:14,072 - INFO - 
Processing details for Section 8
2025-05-09 13:08:14,072 - INFO - Attempting to fetch section 8 details (Attempt 1/3)
2025-05-09 13:08:15,443 - ERROR - Error processing section 8: Could not find content div
2025-05-09 13:08:20,447 - INFO - Attempting to fetch section 8 details (Attempt 2/3)
2025-05-09 13:08:21,783 - ERROR - Error processing section 8: Could not find content div
2025-05-09 13:08:26,803 - INFO - Attempting to fetch section 8 details (Attempt 3/3)
2025-05-09 13:08:28,082 - ERROR - Error processing section 8: Could not find content div
2025-05-09 13:08:28,082 - ERROR - Could not fetch details for section 8
2025-05-09 13:08:30,098 - INFO - 
Processing details for Section 9
2025-05-09 13:08:30,100 - INFO - Attempting to fetch section 9 details (Attempt 1/3)
2025-05-09 13:08:31,321 - ERROR - Error processing section 9: Could not find content div
2025-05-09 13:08:36,321 - INFO - Attempting to fetch section 9 details (Attempt 2/3)
2025-05-09 13:08:37,664 - ERROR - Error processing section 9: Could not find content div
2025-05-09 13:08:42,664 - INFO - Attempting to fetch section 9 details (Attempt 3/3)
2025-05-09 13:08:44,094 - ERROR - Error processing section 9: Could not find content div
2025-05-09 13:08:44,094 - ERROR - Could not fetch details for section 9
2025-05-09 13:08:46,102 - INFO - 
Processing details for Section 10
2025-05-09 13:08:46,102 - INFO - Attempting to fetch section 10 details (Attempt 1/3)
2025-05-09 13:08:47,531 - ERROR - Error processing section 10: Could not find content div
2025-05-09 13:08:52,532 - INFO - Attempting to fetch section 10 details (Attempt 2/3)
2025-05-09 13:08:53,931 - ERROR - Error processing section 10: Could not find content div
2025-05-09 13:08:58,938 - INFO - Attempting to fetch section 10 details (Attempt 3/3)
2025-05-09 13:09:00,174 - ERROR - Error processing section 10: Could not find content div
2025-05-09 13:09:00,174 - ERROR - Could not fetch details for section 10
2025-05-09 13:09:02,181 - INFO - 
Processing details for Section 11
2025-05-09 13:09:02,181 - INFO - Attempting to fetch section 11 details (Attempt 1/3)
2025-05-09 13:09:03,458 - ERROR - Error processing section 11: Could not find content div
2025-05-09 13:09:08,459 - INFO - Attempting to fetch section 11 details (Attempt 2/3)
2025-05-09 13:09:09,798 - ERROR - Error processing section 11: Could not find content div
2025-05-09 13:09:14,800 - INFO - Attempting to fetch section 11 details (Attempt 3/3)
2025-05-09 13:09:16,047 - ERROR - Error processing section 11: Could not find content div
2025-05-09 13:09:16,048 - ERROR - Could not fetch details for section 11
2025-05-09 13:09:18,065 - INFO - 
Processing details for Section 12
2025-05-09 13:09:18,065 - INFO - Attempting to fetch section 12 details (Attempt 1/3)
2025-05-09 13:09:19,330 - ERROR - Error processing section 12: Could not find content div
2025-05-09 13:09:24,330 - INFO - Attempting to fetch section 12 details (Attempt 2/3)
2025-05-09 13:09:25,716 - ERROR - Error processing section 12: Could not find content div
2025-05-09 13:09:30,729 - INFO - Attempting to fetch section 12 details (Attempt 3/3)
2025-05-09 13:09:31,956 - ERROR - Error processing section 12: Could not find content div
2025-05-09 13:09:31,956 - ERROR - Could not fetch details for section 12
2025-05-09 13:09:33,964 - INFO - 
Processing details for Section 13
2025-05-09 13:09:33,964 - INFO - Attempting to fetch section 13 details (Attempt 1/3)
2025-05-09 13:09:35,565 - ERROR - Error processing section 13: Could not find content div
2025-05-09 13:09:40,569 - INFO - Attempting to fetch section 13 details (Attempt 2/3)
2025-05-09 13:09:41,852 - ERROR - Error processing section 13: Could not find content div
2025-05-09 13:09:46,855 - INFO - Attempting to fetch section 13 details (Attempt 3/3)
2025-05-09 13:09:48,251 - ERROR - Error processing section 13: Could not find content div
2025-05-09 13:09:48,251 - ERROR - Could not fetch details for section 13
2025-05-09 13:09:50,255 - INFO - 
Processing details for Section 14
2025-05-09 13:09:50,255 - INFO - Attempting to fetch section 14 details (Attempt 1/3)
2025-05-09 13:09:53,436 - ERROR - Error processing section 14: Could not find content div
2025-05-09 13:12:00,352 - INFO - Starting IPC sections scraping...
2025-05-09 13:12:07,994 - INFO - Fetching main sections page...
2025-05-09 13:12:11,046 - INFO - Found section 1: Section 1
2025-05-09 13:12:11,047 - INFO - Found section 2: Section 2
2025-05-09 13:12:11,048 - INFO - Found section 3: Section 3
2025-05-09 13:12:11,048 - INFO - Found section 4: Section 4
2025-05-09 13:12:11,048 - INFO - Found section 5: Section 5
2025-05-09 13:12:11,048 - INFO - Found section 6: Section 6
2025-05-09 13:12:11,048 - INFO - Found section 7: Section 7
2025-05-09 13:12:11,048 - INFO - Found section 8: Section 8
2025-05-09 13:12:11,048 - INFO - Found section 9: Section 9
2025-05-09 13:12:11,048 - INFO - Found section 10: Section 10
2025-05-09 13:12:11,050 - INFO - Found section 11: Section 11
2025-05-09 13:12:11,050 - INFO - Found section 12: Section 12
2025-05-09 13:12:11,050 - INFO - Found section 13: Section 13
2025-05-09 13:12:11,050 - INFO - Found section 14: Section 14
2025-05-09 13:12:11,050 - INFO - Found section 15: Section 15
2025-05-09 13:12:11,050 - INFO - Found section 16: Section 16
2025-05-09 13:12:11,050 - INFO - Found section 17: Section 17
2025-05-09 13:12:11,050 - INFO - Found section 18: Section 18
2025-05-09 13:12:11,050 - INFO - Found section 19: Section 19
2025-05-09 13:12:11,050 - INFO - Found section 20: Section 20
2025-05-09 13:12:11,050 - INFO - Found section 21: Section 21
2025-05-09 13:12:11,050 - INFO - Found section 22: Section 22
2025-05-09 13:12:11,050 - INFO - Found section 23: Section 23
2025-05-09 13:12:11,050 - INFO - Found section 24: Section 24
2025-05-09 13:12:11,050 - INFO - Found section 25: Section 25
2025-05-09 13:12:11,050 - INFO - Found section 26: Section 26
2025-05-09 13:12:11,050 - INFO - Found section 27: Section 27
2025-05-09 13:12:11,050 - INFO - Found section 28: Section 28
2025-05-09 13:12:11,050 - INFO - Found section 29: Section 29
2025-05-09 13:12:11,050 - INFO - Found section 30: Section 30
2025-05-09 13:12:11,055 - INFO - Found section 31: Section 31
2025-05-09 13:12:11,055 - INFO - Found section 32: Section 32
2025-05-09 13:12:11,055 - INFO - Found section 33: Section 33
2025-05-09 13:12:11,055 - INFO - Found section 34: Section 34
2025-05-09 13:12:11,055 - INFO - Found section 35: Section 35
2025-05-09 13:12:11,055 - INFO - Found section 36: Section 36
2025-05-09 13:12:11,055 - INFO - Found section 37: Section 37
2025-05-09 13:12:11,055 - INFO - Found section 38: Section 38
2025-05-09 13:12:11,055 - INFO - Found section 39: Section 39
2025-05-09 13:12:11,055 - INFO - Found section 40: Section 40
2025-05-09 13:12:11,055 - INFO - Found section 41: Section 41
2025-05-09 13:12:11,055 - INFO - Found section 42: Section 42
2025-05-09 13:12:11,055 - INFO - Found section 43: Section 43
2025-05-09 13:12:11,055 - INFO - Found section 44: Section 44
2025-05-09 13:12:11,055 - INFO - Found section 45: Section 45
2025-05-09 13:12:11,055 - INFO - Found section 46: Section 46
2025-05-09 13:12:11,055 - INFO - Found section 47: Section 47
2025-05-09 13:12:11,055 - INFO - Found section 48: Section 48
2025-05-09 13:12:11,055 - INFO - Found section 49: Section 49
2025-05-09 13:12:11,055 - INFO - Found section 50: Section 50
2025-05-09 13:12:11,055 - INFO - Found section 51: Section 51
2025-05-09 13:12:11,055 - INFO - Found section 52: Section 52
2025-05-09 13:12:11,055 - INFO - Found section 53: Section 53
2025-05-09 13:12:11,055 - INFO - Found section 54: Section 54
2025-05-09 13:12:11,055 - INFO - Found section 55: Section 55
2025-05-09 13:12:11,055 - INFO - Found section 56: Section 56
2025-05-09 13:12:11,055 - INFO - Found section 57: Section 57
2025-05-09 13:12:11,055 - INFO - Found section 58: Section 58
2025-05-09 13:12:11,055 - INFO - Found section 59: Section 59
2025-05-09 13:12:11,055 - INFO - Found section 60: Section 60
2025-05-09 13:12:11,055 - INFO - Found section 61: Section 61
2025-05-09 13:12:11,063 - INFO - Found section 62: Section 62
2025-05-09 13:12:11,063 - INFO - Found section 63: Section 63
2025-05-09 13:12:11,063 - INFO - Found section 64: Section 64
2025-05-09 13:12:11,063 - INFO - Found section 65: Section 65
2025-05-09 13:12:11,063 - INFO - Found section 66: Section 66
2025-05-09 13:12:11,063 - INFO - Found section 67: Section 67
2025-05-09 13:12:11,063 - INFO - Found section 68: Section 68
2025-05-09 13:12:11,063 - INFO - Found section 69: Section 69
2025-05-09 13:12:11,063 - INFO - Found section 70: Section 70
2025-05-09 13:12:11,063 - INFO - Found section 71: Section 71
2025-05-09 13:12:11,063 - INFO - Found section 72: Section 72
2025-05-09 13:12:11,063 - INFO - Found section 73: Section 73
2025-05-09 13:12:11,063 - INFO - Found section 74: Section 74
2025-05-09 13:12:11,063 - INFO - Found section 75: Section 75
2025-05-09 13:12:11,063 - INFO - Found section 76: Section 76
2025-05-09 13:12:11,063 - INFO - Found section 77: Section 77
2025-05-09 13:12:11,063 - INFO - Found section 78: Section 78
2025-05-09 13:12:11,063 - INFO - Found section 79: Section 79
2025-05-09 13:12:11,063 - INFO - Found section 80: Section 80
2025-05-09 13:12:11,063 - INFO - Found section 81: Section 81
2025-05-09 13:12:11,063 - INFO - Found section 82: Section 82
2025-05-09 13:12:11,063 - INFO - Found section 83: Section 83
2025-05-09 13:12:11,063 - INFO - Found section 84: Section 84
2025-05-09 13:12:11,063 - INFO - Found section 85: Section 85
2025-05-09 13:12:11,063 - INFO - Found section 86: Section 86
2025-05-09 13:12:11,069 - INFO - Found section 87: Section 87
2025-05-09 13:12:11,069 - INFO - Found section 88: Section 88
2025-05-09 13:12:11,069 - INFO - Found section 89: Section 89
2025-05-09 13:12:11,069 - INFO - Found section 90: Section 90
2025-05-09 13:12:11,069 - INFO - Found section 91: Section 91
2025-05-09 13:12:11,069 - INFO - Found section 92: Section 92
2025-05-09 13:12:11,069 - INFO - Found section 93: Section 93
2025-05-09 13:12:11,069 - INFO - Found section 94: Section 94
2025-05-09 13:12:11,069 - INFO - Found section 95: Section 95
2025-05-09 13:12:11,069 - INFO - Found section 96: Section 96
2025-05-09 13:12:11,069 - INFO - Found section 97: Section 97
2025-05-09 13:12:11,069 - INFO - Found section 98: Section 98
2025-05-09 13:12:11,071 - INFO - Found section 99: Section 99
2025-05-09 13:12:11,071 - INFO - Found section 100: Section 100
2025-05-09 13:12:11,071 - INFO - Found section 101: Section 101
2025-05-09 13:12:11,071 - INFO - Found section 102: Section 102
2025-05-09 13:12:11,071 - INFO - Found section 103: Section 103
2025-05-09 13:12:11,071 - INFO - Found section 104: Section 104
2025-05-09 13:12:11,071 - INFO - Found section 105: Section 105
2025-05-09 13:12:11,073 - INFO - Found section 106: Section 106
2025-05-09 13:12:11,073 - INFO - Found section 107: Section 107
2025-05-09 13:12:11,073 - INFO - Found section 108: Section 108
2025-05-09 13:12:11,073 - INFO - Found section 109: Section 109
2025-05-09 13:12:11,073 - INFO - Found section 110: Section 110
2025-05-09 13:12:11,073 - INFO - Found section 111: Section 111
2025-05-09 13:12:11,073 - INFO - Found section 112: Section 112
2025-05-09 13:12:11,076 - INFO - Found section 113: Section 113
2025-05-09 13:12:11,076 - INFO - Found section 114: Section 114
2025-05-09 13:12:11,076 - INFO - Found section 115: Section 115
2025-05-09 13:12:11,076 - INFO - Found section 116: Section 116
2025-05-09 13:12:11,076 - INFO - Found section 117: Section 117
2025-05-09 13:12:11,076 - INFO - Found section 118: Section 118
2025-05-09 13:12:11,076 - INFO - Found section 119: Section 119
2025-05-09 13:12:11,076 - INFO - Found section 120: Section 120
2025-05-09 13:12:11,076 - INFO - Found section 121: Section 121
2025-05-09 13:12:11,076 - INFO - Found section 122: Section 122
2025-05-09 13:12:11,076 - INFO - Found section 123: Section 123
2025-05-09 13:12:11,076 - INFO - Found section 124: Section 124
2025-05-09 13:12:11,076 - INFO - Found section 125: Section 125
2025-05-09 13:12:11,076 - INFO - Found section 126: Section 126
2025-05-09 13:12:11,076 - INFO - Found section 127: Section 127
2025-05-09 13:12:11,076 - INFO - Found section 128: Section 128
2025-05-09 13:12:11,080 - INFO - Found section 129: Section 129
2025-05-09 13:12:11,080 - INFO - Found section 130: Section 130
2025-05-09 13:12:11,080 - INFO - Found section 131: Section 131
2025-05-09 13:12:11,080 - INFO - Found section 132: Section 132
2025-05-09 13:12:11,080 - INFO - Found section 133: Section 133
2025-05-09 13:12:11,080 - INFO - Found section 134: Section 134
2025-05-09 13:12:11,080 - INFO - Found section 135: Section 135
2025-05-09 13:12:11,080 - INFO - Found section 136: Section 136
2025-05-09 13:12:11,080 - INFO - Found section 137: Section 137
2025-05-09 13:12:11,080 - INFO - Found section 138: Section 138
2025-05-09 13:12:11,080 - INFO - Found section 139: Section 139
2025-05-09 13:12:11,080 - INFO - Found section 140: Section 140
2025-05-09 13:12:11,080 - INFO - Found section 141: Section 141
2025-05-09 13:12:11,080 - INFO - Found section 142: Section 142
2025-05-09 13:12:11,080 - INFO - Found section 143: Section 143
2025-05-09 13:12:11,080 - INFO - Found section 144: Section 144
2025-05-09 13:12:11,080 - INFO - Found section 145: Section 145
2025-05-09 13:12:11,080 - INFO - Found section 146: Section 146
2025-05-09 13:12:11,084 - INFO - Found section 147: Section 147
2025-05-09 13:12:11,084 - INFO - Found section 148: Section 148
2025-05-09 13:12:11,084 - INFO - Found section 149: Section 149
2025-05-09 13:12:11,084 - INFO - Found section 150: Section 150
2025-05-09 13:12:11,084 - INFO - Found section 151: Section 151
2025-05-09 13:12:11,084 - INFO - Found section 152: Section 152
2025-05-09 13:12:11,084 - INFO - Found section 153: Section 153
2025-05-09 13:12:11,084 - INFO - Found section 154: Section 154
2025-05-09 13:12:11,084 - INFO - Found section 155: Section 155
2025-05-09 13:12:11,084 - INFO - Found section 156: Section 156
2025-05-09 13:12:11,084 - INFO - Found section 157: Section 157
2025-05-09 13:12:11,084 - INFO - Found section 158: Section 158
2025-05-09 13:12:11,084 - INFO - Found section 159: Section 159
2025-05-09 13:12:11,084 - INFO - Found section 160: Section 160
2025-05-09 13:12:11,084 - INFO - Found section 161: Section 161
2025-05-09 13:12:11,088 - INFO - Found section 162: Section 162
2025-05-09 13:12:11,088 - INFO - Found section 163: Section 163
2025-05-09 13:12:11,088 - INFO - Found section 164: Section 164
2025-05-09 13:12:11,088 - INFO - Found section 165: Section 165
2025-05-09 13:12:11,088 - INFO - Found section 166: Section 166
2025-05-09 13:12:11,088 - INFO - Found section 167: Section 167
2025-05-09 13:12:11,088 - INFO - Found section 168: Section 168
2025-05-09 13:12:11,088 - INFO - Found section 169: Section 169
2025-05-09 13:12:11,088 - INFO - Found section 170: Section 170
2025-05-09 13:12:11,088 - INFO - Found section 171: Section 171
2025-05-09 13:12:11,088 - INFO - Found section 172: Section 172
2025-05-09 13:12:11,091 - INFO - Found section 173: Section 173
2025-05-09 13:12:11,091 - INFO - Found section 174: Section 174
2025-05-09 13:12:11,091 - INFO - Found section 175: Section 175
2025-05-09 13:12:11,091 - INFO - Found section 176: Section 176
2025-05-09 13:12:11,091 - INFO - Found section 177: Section 177
2025-05-09 13:12:11,091 - INFO - Found section 178: Section 178
2025-05-09 13:12:11,091 - INFO - Found section 179: Section 179
2025-05-09 13:12:11,091 - INFO - Found section 180: Section 180
2025-05-09 13:12:11,091 - INFO - Found section 181: Section 181
2025-05-09 13:12:11,091 - INFO - Found section 182: Section 182
2025-05-09 13:12:11,091 - INFO - Found section 183: Section 183
2025-05-09 13:12:11,091 - INFO - Found section 184: Section 184
2025-05-09 13:12:11,091 - INFO - Found section 185: Section 185
2025-05-09 13:12:11,091 - INFO - Found section 186: Section 186
2025-05-09 13:12:11,091 - INFO - Found section 187: Section 187
2025-05-09 13:12:11,091 - INFO - Found section 188: Section 188
2025-05-09 13:12:11,091 - INFO - Found section 189: Section 189
2025-05-09 13:12:11,091 - INFO - Found section 190: Section 190
2025-05-09 13:12:11,091 - INFO - Found section 191: Section 191
2025-05-09 13:12:11,091 - INFO - Found section 192: Section 192
2025-05-09 13:12:11,096 - INFO - Found section 193: Section 193
2025-05-09 13:12:11,096 - INFO - Found section 194: Section 194
2025-05-09 13:12:11,096 - INFO - Found section 195: Section 195
2025-05-09 13:12:11,096 - INFO - Found section 196: Section 196
2025-05-09 13:12:11,096 - INFO - Found section 197: Section 197
2025-05-09 13:12:11,096 - INFO - Found section 198: Section 198
2025-05-09 13:12:11,098 - INFO - Found section 199: Section 199
2025-05-09 13:12:11,098 - INFO - Found section 200: Section 200
2025-05-09 13:12:11,098 - INFO - Found section 201: Section 201
2025-05-09 13:12:11,098 - INFO - Found section 202: Section 202
2025-05-09 13:12:11,099 - INFO - Found section 203: Section 203
2025-05-09 13:12:11,099 - INFO - Found section 204: Section 204
2025-05-09 13:12:11,099 - INFO - Found section 205: Section 205
2025-05-09 13:12:11,099 - INFO - Found section 206: Section 206
2025-05-09 13:12:11,099 - INFO - Found section 207: Section 207
2025-05-09 13:12:11,099 - INFO - Found section 208: Section 208
2025-05-09 13:12:11,099 - INFO - Found section 209: Section 209
2025-05-09 13:12:11,099 - INFO - Found section 210: Section 210
2025-05-09 13:12:11,099 - INFO - Found section 211: Section 211
2025-05-09 13:12:11,099 - INFO - Found section 212: Section 212
2025-05-09 13:12:11,099 - INFO - Found section 213: Section 213
2025-05-09 13:12:11,099 - INFO - Found section 214: Section 214
2025-05-09 13:12:11,099 - INFO - Found section 215: Section 215
2025-05-09 13:12:11,099 - INFO - Found section 216: Section 216
2025-05-09 13:12:11,099 - INFO - Found section 217: Section 217
2025-05-09 13:12:11,099 - INFO - Found section 218: Section 218
2025-05-09 13:12:11,099 - INFO - Found section 219: Section 219
2025-05-09 13:12:11,099 - INFO - Found section 220: Section 220
2025-05-09 13:12:11,099 - INFO - Found section 221: Section 221
2025-05-09 13:12:11,099 - INFO - Found section 222: Section 222
2025-05-09 13:12:11,099 - INFO - Found section 223: Section 223
2025-05-09 13:12:11,099 - INFO - Found section 224: Section 224
2025-05-09 13:12:11,099 - INFO - Found section 225: Section 225
2025-05-09 13:12:11,099 - INFO - Found section 226: Section 226
2025-05-09 13:12:11,099 - INFO - Found section 227: Section 227
2025-05-09 13:12:11,104 - INFO - Found section 228: Section 228
2025-05-09 13:12:11,104 - INFO - Found section 229: Section 229
2025-05-09 13:12:11,104 - INFO - Found section 230: Section 230
2025-05-09 13:12:11,104 - INFO - Found section 231: Section 231
2025-05-09 13:12:11,104 - INFO - Found section 232: Section 232
2025-05-09 13:12:11,104 - INFO - Found section 233: Section 233
2025-05-09 13:12:11,104 - INFO - Found section 234: Section 234
2025-05-09 13:12:11,104 - INFO - Found section 235: Section 235
2025-05-09 13:12:11,104 - INFO - Found section 236: Section 236
2025-05-09 13:12:11,104 - INFO - Found section 237: Section 237
2025-05-09 13:12:11,104 - INFO - Found section 238: Section 238
2025-05-09 13:12:11,104 - INFO - Found section 239: Section 239
2025-05-09 13:12:11,108 - INFO - Found section 240: Section 240
2025-05-09 13:12:11,108 - INFO - Found section 241: Section 241
2025-05-09 13:12:11,108 - INFO - Found section 242: Section 242
2025-05-09 13:12:11,108 - INFO - Found section 243: Section 243
2025-05-09 13:12:11,108 - INFO - Found section 244: Section 244
2025-05-09 13:12:11,108 - INFO - Found section 245: Section 245
2025-05-09 13:12:11,108 - INFO - Found section 246: Section 246
2025-05-09 13:12:11,108 - INFO - Found section 247: Section 247
2025-05-09 13:12:11,108 - INFO - Found section 248: Section 248
2025-05-09 13:12:11,108 - INFO - Found section 249: Section 249
2025-05-09 13:12:11,108 - INFO - Found section 250: Section 250
2025-05-09 13:12:11,108 - INFO - Found section 251: Section 251
2025-05-09 13:12:11,108 - INFO - Found section 252: Section 252
2025-05-09 13:12:11,108 - INFO - Found section 253: Section 253
2025-05-09 13:12:11,108 - INFO - Found section 254: Section 254
2025-05-09 13:12:11,108 - INFO - Found section 255: Section 255
2025-05-09 13:12:11,108 - INFO - Found section 256: Section 256
2025-05-09 13:12:11,108 - INFO - Found section 257: Section 257
2025-05-09 13:12:11,113 - INFO - Found section 258: Section 258
2025-05-09 13:12:11,113 - INFO - Found section 259: Section 259
2025-05-09 13:12:11,113 - INFO - Found section 260: Section 260
2025-05-09 13:12:11,113 - INFO - Found section 261: Section 261
2025-05-09 13:12:11,113 - INFO - Found section 262: Section 262
2025-05-09 13:12:11,113 - INFO - Found section 263: Section 263
2025-05-09 13:12:11,113 - INFO - Found section 264: Section 264
2025-05-09 13:12:11,113 - INFO - Found section 265: Section 265
2025-05-09 13:12:11,113 - INFO - Found section 266: Section 266
2025-05-09 13:12:11,113 - INFO - Found section 267: Section 267
2025-05-09 13:12:11,113 - INFO - Found section 268: Section 268
2025-05-09 13:12:11,113 - INFO - Found section 269: Section 269
2025-05-09 13:12:11,113 - INFO - Found section 270: Section 270
2025-05-09 13:12:11,113 - INFO - Found section 271: Section 271
2025-05-09 13:12:11,113 - INFO - Found section 272: Section 272
2025-05-09 13:12:11,113 - INFO - Found section 273: Section 273
2025-05-09 13:12:11,113 - INFO - Found section 274: Section 274
2025-05-09 13:12:11,113 - INFO - Found section 275: Section 275
2025-05-09 13:12:11,118 - INFO - Found section 276: Section 276
2025-05-09 13:12:11,118 - INFO - Found section 277: Section 277
2025-05-09 13:12:11,119 - INFO - Found section 278: Section 278
2025-05-09 13:12:11,119 - INFO - Found section 279: Section 279
2025-05-09 13:12:11,119 - INFO - Found section 280: Section 280
2025-05-09 13:12:11,119 - INFO - Found section 281: Section 281
2025-05-09 13:12:11,119 - INFO - Found section 282: Section 282
2025-05-09 13:12:11,119 - INFO - Found section 283: Section 283
2025-05-09 13:12:11,119 - INFO - Found section 284: Section 284
2025-05-09 13:12:11,119 - INFO - Found section 285: Section 285
2025-05-09 13:12:11,119 - INFO - Found section 286: Section 286
2025-05-09 13:12:11,119 - INFO - Found section 287: Section 287
2025-05-09 13:12:11,119 - INFO - Found section 288: Section 288
2025-05-09 13:12:11,121 - INFO - Found section 289: Section 289
2025-05-09 13:12:11,121 - INFO - Found section 290: Section 290
2025-05-09 13:12:11,121 - INFO - Found section 291: Section 291
2025-05-09 13:12:11,121 - INFO - Found section 292: Section 292
2025-05-09 13:12:11,121 - INFO - Found section 293: Section 293
2025-05-09 13:12:11,121 - INFO - Found section 294: Section 294
2025-05-09 13:12:11,121 - INFO - Found section 295: Section 295
2025-05-09 13:12:11,121 - INFO - Found section 296: Section 296
2025-05-09 13:12:11,121 - INFO - Found section 297: Section 297
2025-05-09 13:12:11,123 - INFO - Found section 298: Section 298
2025-05-09 13:12:11,123 - INFO - Found section 299: Section 299
2025-05-09 13:12:11,123 - INFO - Found section 300: Section 300
2025-05-09 13:12:11,123 - INFO - Found section 301: Section 301
2025-05-09 13:12:11,123 - INFO - Found section 302: Section 302
2025-05-09 13:12:11,123 - INFO - Found section 303: Section 303
2025-05-09 13:12:11,123 - INFO - Found section 304: Section 304
2025-05-09 13:12:11,123 - INFO - Found section 305: Section 305
2025-05-09 13:12:11,123 - INFO - Found section 306: Section 306
2025-05-09 13:12:11,123 - INFO - Found section 307: Section 307
2025-05-09 13:12:11,123 - INFO - Found section 308: Section 308
2025-05-09 13:12:11,123 - INFO - Found section 309: Section 309
2025-05-09 13:12:11,123 - INFO - Found section 310: Section 310
2025-05-09 13:12:11,123 - INFO - Found section 311: Section 311
2025-05-09 13:12:11,123 - INFO - Found section 312: Section 312
2025-05-09 13:12:11,123 - INFO - Found section 313: Section 313
2025-05-09 13:12:11,123 - INFO - Found section 314: Section 314
2025-05-09 13:12:11,123 - INFO - Found section 315: Section 315
2025-05-09 13:12:11,123 - INFO - Found section 316: Section 316
2025-05-09 13:12:11,123 - INFO - Found section 317: Section 317
2025-05-09 13:12:11,123 - INFO - Found section 318: Section 318
2025-05-09 13:12:11,123 - INFO - Found section 319: Section 319
2025-05-09 13:12:11,123 - INFO - Found section 320: Section 320
2025-05-09 13:12:11,123 - INFO - Found section 321: Section 321
2025-05-09 13:12:11,123 - INFO - Found section 322: Section 322
2025-05-09 13:12:11,123 - INFO - Found section 323: Section 323
2025-05-09 13:12:11,123 - INFO - Found section 324: Section 324
2025-05-09 13:12:11,130 - INFO - Found section 325: Section 325
2025-05-09 13:12:11,130 - INFO - Found section 326: Section 326
2025-05-09 13:12:11,130 - INFO - Found section 327: Section 327
2025-05-09 13:12:11,130 - INFO - Found section 328: Section 328
2025-05-09 13:12:11,130 - INFO - Found section 329: Section 329
2025-05-09 13:12:11,130 - INFO - Found section 330: Section 330
2025-05-09 13:12:11,130 - INFO - Found section 331: Section 331
2025-05-09 13:12:11,130 - INFO - Found section 332: Section 332
2025-05-09 13:12:11,130 - INFO - Found section 333: Section 333
2025-05-09 13:12:11,130 - INFO - Found section 334: Section 334
2025-05-09 13:12:11,130 - INFO - Found section 335: Section 335
2025-05-09 13:12:11,130 - INFO - Found section 336: Section 336
2025-05-09 13:12:11,130 - INFO - Found section 337: Section 337
2025-05-09 13:12:11,130 - INFO - Found section 338: Section 338
2025-05-09 13:12:11,130 - INFO - Found section 339: Section 339
2025-05-09 13:12:11,130 - INFO - Found section 340: Section 340
2025-05-09 13:12:11,130 - INFO - Found section 341: Section 341
2025-05-09 13:12:11,130 - INFO - Found section 342: Section 342
2025-05-09 13:12:11,130 - INFO - Found section 343: Section 343
2025-05-09 13:12:11,130 - INFO - Found section 344: Section 344
2025-05-09 13:12:11,130 - INFO - Found section 345: Section 345
2025-05-09 13:12:11,130 - INFO - Found section 346: Section 346
2025-05-09 13:12:11,130 - INFO - Found section 347: Section 347
2025-05-09 13:12:11,130 - INFO - Found section 348: Section 348
2025-05-09 13:12:11,130 - INFO - Found section 349: Section 349
2025-05-09 13:12:11,130 - INFO - Found section 350: Section 350
2025-05-09 13:12:11,130 - INFO - Found section 351: Section 351
2025-05-09 13:12:11,130 - INFO - Found section 352: Section 352
2025-05-09 13:12:11,130 - INFO - Found section 353: Section 353
2025-05-09 13:12:11,130 - INFO - Found section 354: Section 354
2025-05-09 13:12:11,130 - INFO - Found section 355: Section 355
2025-05-09 13:12:11,138 - INFO - Found section 356: Section 356
2025-05-09 13:12:11,138 - INFO - Found section 357: Section 357
2025-05-09 13:12:11,138 - INFO - Found section 358: Section 358
2025-05-09 13:12:11,138 - INFO - Found section 359: Section 359
2025-05-09 13:12:11,138 - INFO - Found section 360: Section 360
2025-05-09 13:12:11,138 - INFO - Found section 361: Section 361
2025-05-09 13:12:11,138 - INFO - Found section 362: Section 362
2025-05-09 13:12:11,138 - INFO - Found section 363: Section 363
2025-05-09 13:12:11,138 - INFO - Found section 364: Section 364
2025-05-09 13:12:11,141 - INFO - Found section 365: Section 365
2025-05-09 13:12:11,141 - INFO - Found section 366: Section 366
2025-05-09 13:12:11,141 - INFO - Found section 367: Section 367
2025-05-09 13:12:11,141 - INFO - Found section 368: Section 368
2025-05-09 13:12:11,141 - INFO - Found section 369: Section 369
2025-05-09 13:12:11,141 - INFO - Found section 370: Section 370
2025-05-09 13:12:11,141 - INFO - Found section 371: Section 371
2025-05-09 13:12:11,141 - INFO - Found section 372: Section 372
2025-05-09 13:12:11,141 - INFO - Found section 373: Section 373
2025-05-09 13:12:11,141 - INFO - Found section 374: Section 374
2025-05-09 13:12:11,141 - INFO - Found section 375: Section 375
2025-05-09 13:12:11,141 - INFO - Found section 376: Section 376
2025-05-09 13:12:11,141 - INFO - Found section 377: Section 377
2025-05-09 13:12:11,141 - INFO - Found section 378: Section 378
2025-05-09 13:12:11,141 - INFO - Found section 379: Section 379
2025-05-09 13:12:11,141 - INFO - Found section 380: Section 380
2025-05-09 13:12:11,141 - INFO - Found section 381: Section 381
2025-05-09 13:12:11,141 - INFO - Found section 382: Section 382
2025-05-09 13:12:11,141 - INFO - Found section 383: Section 383
2025-05-09 13:12:11,141 - INFO - Found section 384: Section 384
2025-05-09 13:12:11,141 - INFO - Found section 385: Section 385
2025-05-09 13:12:11,141 - INFO - Found section 386: Section 386
2025-05-09 13:12:11,146 - INFO - Found section 387: Section 387
2025-05-09 13:12:11,146 - INFO - Found section 388: Section 388
2025-05-09 13:12:11,147 - INFO - Found section 389: Section 389
2025-05-09 13:12:11,147 - INFO - Found section 390: Section 390
2025-05-09 13:12:11,147 - INFO - Found section 391: Section 391
2025-05-09 13:12:11,147 - INFO - Found section 392: Section 392
2025-05-09 13:12:11,147 - INFO - Found section 393: Section 393
2025-05-09 13:12:11,148 - INFO - Found section 394: Section 394
2025-05-09 13:12:11,148 - INFO - Found section 395: Section 395
2025-05-09 13:12:11,148 - INFO - Found section 396: Section 396
2025-05-09 13:12:11,148 - INFO - Found section 397: Section 397
2025-05-09 13:12:11,148 - INFO - Found section 398: Section 398
2025-05-09 13:12:11,148 - INFO - Found section 399: Section 399
2025-05-09 13:12:11,148 - INFO - Found section 400: Section 400
2025-05-09 13:12:11,148 - INFO - Found section 401: Section 401
2025-05-09 13:12:11,148 - INFO - Found section 402: Section 402
2025-05-09 13:12:11,148 - INFO - Found section 403: Section 403
2025-05-09 13:12:11,148 - INFO - Found section 404: Section 404
2025-05-09 13:12:11,148 - INFO - Found section 405: Section 405
2025-05-09 13:12:11,148 - INFO - Found section 406: Section 406
2025-05-09 13:12:11,148 - INFO - Found section 407: Section 407
2025-05-09 13:12:11,151 - INFO - Found section 408: Section 408
2025-05-09 13:12:11,151 - INFO - Found section 409: Section 409
2025-05-09 13:12:11,151 - INFO - Found section 410: Section 410
2025-05-09 13:12:11,151 - INFO - Found section 411: Section 411
2025-05-09 13:12:11,151 - INFO - Found section 412: Section 412
2025-05-09 13:12:11,151 - INFO - Found section 413: Section 413
2025-05-09 13:12:11,151 - INFO - Found section 414: Section 414
2025-05-09 13:12:11,151 - INFO - Found section 415: Section 415
2025-05-09 13:12:11,151 - INFO - Found section 416: Section 416
2025-05-09 13:12:11,151 - INFO - Found section 417: Section 417
2025-05-09 13:12:11,151 - INFO - Found section 418: Section 418
2025-05-09 13:12:11,151 - INFO - Found section 419: Section 419
2025-05-09 13:12:11,151 - INFO - Found section 420: Section 420
2025-05-09 13:12:11,155 - INFO - Found section 421: Section 421
2025-05-09 13:12:11,155 - INFO - Found section 422: Section 422
2025-05-09 13:12:11,161 - INFO - Found section 423: Section 423
2025-05-09 13:12:11,161 - INFO - Found section 424: Section 424
2025-05-09 13:12:11,161 - INFO - Found section 425: Section 425
2025-05-09 13:12:11,161 - INFO - Found section 426: Section 426
2025-05-09 13:12:11,163 - INFO - Found section 427: Section 427
2025-05-09 13:12:11,163 - INFO - Found section 428: Section 428
2025-05-09 13:12:11,163 - INFO - Found section 429: Section 429
2025-05-09 13:12:11,163 - INFO - Found section 430: Section 430
2025-05-09 13:12:11,163 - INFO - Found section 431: Section 431
2025-05-09 13:12:11,163 - INFO - Found section 432: Section 432
2025-05-09 13:12:11,163 - INFO - Found section 433: Section 433
2025-05-09 13:12:11,163 - INFO - Found section 434: Section 434
2025-05-09 13:12:11,163 - INFO - Found section 435: Section 435
2025-05-09 13:12:11,163 - INFO - Found section 436: Section 436
2025-05-09 13:12:11,163 - INFO - Found section 437: Section 437
2025-05-09 13:12:11,163 - INFO - Found section 438: Section 438
2025-05-09 13:12:11,163 - INFO - Found section 439: Section 439
2025-05-09 13:12:11,163 - INFO - Found section 440: Section 440
2025-05-09 13:12:11,163 - INFO - Found section 441: Section 441
2025-05-09 13:12:11,163 - INFO - Found section 442: Section 442
2025-05-09 13:12:11,163 - INFO - Found section 443: Section 443
2025-05-09 13:12:11,163 - INFO - Found section 444: Section 444
2025-05-09 13:12:11,163 - INFO - Found section 445: Section 445
2025-05-09 13:12:11,163 - INFO - Found section 446: Section 446
2025-05-09 13:12:11,163 - INFO - Found section 447: Section 447
2025-05-09 13:12:11,163 - INFO - Found section 448: Section 448
2025-05-09 13:12:11,163 - INFO - Found section 449: Section 449
2025-05-09 13:12:11,163 - INFO - Found section 450: Section 450
2025-05-09 13:12:11,163 - INFO - Found section 451: Section 451
2025-05-09 13:12:11,163 - INFO - Found section 452: Section 452
2025-05-09 13:12:11,163 - INFO - Found section 453: Section 453
2025-05-09 13:12:11,163 - INFO - Found section 454: Section 454
2025-05-09 13:12:11,163 - INFO - Found section 455: Section 455
2025-05-09 13:12:11,171 - INFO - Found section 456: Section 456
2025-05-09 13:12:11,172 - INFO - Found section 457: Section 457
2025-05-09 13:12:11,173 - INFO - Found section 458: Section 458
2025-05-09 13:12:11,173 - INFO - Found section 459: Section 459
2025-05-09 13:12:11,173 - INFO - Found section 460: Section 460
2025-05-09 13:12:11,173 - INFO - Found section 461: Section 461
2025-05-09 13:12:11,173 - INFO - Found section 462: Section 462
2025-05-09 13:12:11,176 - INFO - Found section 463: Section 463
2025-05-09 13:12:11,176 - INFO - Found section 464: Section 464
2025-05-09 13:12:11,176 - INFO - Found section 465: Section 465
2025-05-09 13:12:11,176 - INFO - Found section 466: Section 466
2025-05-09 13:12:11,176 - INFO - Found section 467: Section 467
2025-05-09 13:12:11,176 - INFO - Found section 468: Section 468
2025-05-09 13:12:11,176 - INFO - Found section 469: Section 469
2025-05-09 13:12:11,176 - INFO - Found section 470: Section 470
2025-05-09 13:12:11,176 - INFO - Found section 471: Section 471
2025-05-09 13:12:11,176 - INFO - Found section 472: Section 472
2025-05-09 13:12:11,176 - INFO - Found section 473: Section 473
2025-05-09 13:12:11,180 - INFO - Found section 474: Section 474
2025-05-09 13:12:11,180 - INFO - Found section 475: Section 475
2025-05-09 13:12:11,180 - INFO - Found section 476: Section 476
2025-05-09 13:12:11,180 - INFO - Found section 477: Section 477
2025-05-09 13:12:11,180 - INFO - Found section 478: Section 478
2025-05-09 13:12:11,180 - INFO - Found section 479: Section 479
2025-05-09 13:12:11,180 - INFO - Found section 480: Section 480
2025-05-09 13:12:11,180 - INFO - Found section 481: Section 481
2025-05-09 13:12:11,180 - INFO - Found section 482: Section 482
2025-05-09 13:12:11,180 - INFO - Found section 483: Section 483
2025-05-09 13:12:11,180 - INFO - Found section 484: Section 484
2025-05-09 13:12:11,180 - INFO - Found section 485: Section 485
2025-05-09 13:12:11,180 - INFO - Found section 486: Section 486
2025-05-09 13:12:11,180 - INFO - Found section 487: Section 487
2025-05-09 13:12:11,180 - INFO - Found section 488: Section 488
2025-05-09 13:12:11,180 - INFO - Found section 489: Section 489
2025-05-09 13:12:11,180 - INFO - Found section 490: Section 490
2025-05-09 13:12:11,180 - INFO - Found section 491: Section 491
2025-05-09 13:12:11,180 - INFO - Found section 492: Section 492
2025-05-09 13:12:11,180 - INFO - Found section 493: Section 493
2025-05-09 13:12:11,180 - INFO - Found section 494: Section 494
2025-05-09 13:12:11,180 - INFO - Found section 495: Section 495
2025-05-09 13:12:11,180 - INFO - Found section 496: Section 496
2025-05-09 13:12:11,180 - INFO - Found section 497: Section 497
2025-05-09 13:12:11,180 - INFO - Found section 498: Section 498
2025-05-09 13:12:11,180 - INFO - Found section 499: Section 499
2025-05-09 13:12:11,180 - INFO - Found section 500: Section 500
2025-05-09 13:12:11,180 - INFO - Found section 501: Section 501
2025-05-09 13:12:11,180 - INFO - Found section 502: Section 502
2025-05-09 13:12:11,180 - INFO - Found section 503: Section 503
2025-05-09 13:12:11,188 - INFO - Found section 504: Section 504
2025-05-09 13:12:11,188 - INFO - Found section 505: Section 505
2025-05-09 13:12:11,188 - INFO - Found section 506: Section 506
2025-05-09 13:12:11,188 - INFO - Found section 507: Section 507
2025-05-09 13:12:11,188 - INFO - Found section 508: Section 508
2025-05-09 13:12:11,188 - INFO - Found section 509: Section 509
2025-05-09 13:12:11,188 - INFO - Found section 510: Section 510
2025-05-09 13:12:11,188 - INFO - Found section 511: Section 511
2025-05-09 13:12:11,188 - INFO - Successfully extracted 511 sections from main page
2025-05-09 13:12:11,188 - INFO - 
Processing details for Section 1
2025-05-09 13:12:11,188 - INFO - Attempting to fetch section 1 details (Attempt 1/3)
2025-05-09 13:12:21,933 - ERROR - Error processing section 1: Message: 
Stacktrace:
	GetHandleVerifier [0x00007FF62E0BCF25+75717]
	GetHandleVerifier [0x00007FF62E0BCF80+75808]
	(No symbol) [0x00007FF62DE88F9A]
	(No symbol) [0x00007FF62DEDF4C6]
	(No symbol) [0x00007FF62DEDF77C]
	(No symbol) [0x00007FF62DF32577]
	(No symbol) [0x00007FF62DF073BF]
	(No symbol) [0x00007FF62DF2F39C]
	(No symbol) [0x00007FF62DF07153]
	(No symbol) [0x00007FF62DED0421]
	(No symbol) [0x00007FF62DED11B3]
	GetHandleVerifier [0x00007FF62E3BD6FD+3223453]
	GetHandleVerifier [0x00007FF62E3B7CA2+3200322]
	GetHandleVerifier [0x00007FF62E3D5AD3+3322739]
	GetHandleVerifier [0x00007FF62E0D69FA+180890]
	GetHandleVerifier [0x00007FF62E0DE0FF+211359]
	GetHandleVerifier [0x00007FF62E0C5274+109332]
	GetHandleVerifier [0x00007FF62E0C5422+109762]
	GetHandleVerifier [0x00007FF62E0ABA39+4825]
	BaseThreadInitThunk [0x00007FFEB441E8D7+23]
	RtlUserThreadStart [0x00007FFEB63914FC+44]

2025-05-09 13:12:26,940 - INFO - Attempting to fetch section 1 details (Attempt 2/3)
2025-05-09 13:12:37,671 - ERROR - Error processing section 1: Message: 
Stacktrace:
	GetHandleVerifier [0x00007FF62E0BCF25+75717]
	GetHandleVerifier [0x00007FF62E0BCF80+75808]
	(No symbol) [0x00007FF62DE88F9A]
	(No symbol) [0x00007FF62DEDF4C6]
	(No symbol) [0x00007FF62DEDF77C]
	(No symbol) [0x00007FF62DF32577]
	(No symbol) [0x00007FF62DF073BF]
	(No symbol) [0x00007FF62DF2F39C]
	(No symbol) [0x00007FF62DF07153]
	(No symbol) [0x00007FF62DED0421]
	(No symbol) [0x00007FF62DED11B3]
	GetHandleVerifier [0x00007FF62E3BD6FD+3223453]
	GetHandleVerifier [0x00007FF62E3B7CA2+3200322]
	GetHandleVerifier [0x00007FF62E3D5AD3+3322739]
	GetHandleVerifier [0x00007FF62E0D69FA+180890]
	GetHandleVerifier [0x00007FF62E0DE0FF+211359]
	GetHandleVerifier [0x00007FF62E0C5274+109332]
	GetHandleVerifier [0x00007FF62E0C5422+109762]
	GetHandleVerifier [0x00007FF62E0ABA39+4825]
	BaseThreadInitThunk [0x00007FFEB441E8D7+23]
	RtlUserThreadStart [0x00007FFEB63914FC+44]

2025-05-09 13:12:42,674 - INFO - Attempting to fetch section 1 details (Attempt 3/3)
2025-05-09 13:12:53,214 - ERROR - Error processing section 1: Message: 
Stacktrace:
	GetHandleVerifier [0x00007FF62E0BCF25+75717]
	GetHandleVerifier [0x00007FF62E0BCF80+75808]
	(No symbol) [0x00007FF62DE88F9A]
	(No symbol) [0x00007FF62DEDF4C6]
	(No symbol) [0x00007FF62DEDF77C]
	(No symbol) [0x00007FF62DF32577]
	(No symbol) [0x00007FF62DF073BF]
	(No symbol) [0x00007FF62DF2F39C]
	(No symbol) [0x00007FF62DF07153]
	(No symbol) [0x00007FF62DED0421]
	(No symbol) [0x00007FF62DED11B3]
	GetHandleVerifier [0x00007FF62E3BD6FD+3223453]
	GetHandleVerifier [0x00007FF62E3B7CA2+3200322]
	GetHandleVerifier [0x00007FF62E3D5AD3+3322739]
	GetHandleVerifier [0x00007FF62E0D69FA+180890]
	GetHandleVerifier [0x00007FF62E0DE0FF+211359]
	GetHandleVerifier [0x00007FF62E0C5274+109332]
	GetHandleVerifier [0x00007FF62E0C5422+109762]
	GetHandleVerifier [0x00007FF62E0ABA39+4825]
	BaseThreadInitThunk [0x00007FFEB441E8D7+23]
	RtlUserThreadStart [0x00007FFEB63914FC+44]

2025-05-09 13:12:53,216 - ERROR - Could not fetch details for section 1
2025-05-09 13:12:55,223 - INFO - 
Processing details for Section 2
2025-05-09 13:12:55,223 - INFO - Attempting to fetch section 2 details (Attempt 1/3)
2025-05-09 13:12:57,532 - INFO - Starting IPC sections scraping...
2025-05-09 13:12:58,951 - INFO - Fetching main sections page...
2025-05-09 13:13:01,077 - INFO - Found section 1: Section 1
2025-05-09 13:13:01,077 - INFO - Found section 2: Section 2
2025-05-09 13:13:01,085 - INFO - Found section 3: Section 3
2025-05-09 13:13:01,085 - INFO - Found section 4: Section 4
2025-05-09 13:13:01,085 - INFO - Found section 5: Section 5
2025-05-09 13:13:01,085 - INFO - Found section 6: Section 6
2025-05-09 13:13:01,085 - INFO - Found section 7: Section 7
2025-05-09 13:13:01,085 - INFO - Found section 8: Section 8
2025-05-09 13:13:01,085 - INFO - Found section 9: Section 9
2025-05-09 13:13:01,085 - INFO - Found section 10: Section 10
2025-05-09 13:13:01,085 - INFO - Found section 11: Section 11
2025-05-09 13:13:01,085 - INFO - Found section 12: Section 12
2025-05-09 13:13:01,085 - INFO - Found section 13: Section 13
2025-05-09 13:13:01,085 - INFO - Found section 14: Section 14
2025-05-09 13:13:01,085 - INFO - Found section 15: Section 15
2025-05-09 13:13:01,085 - INFO - Found section 16: Section 16
2025-05-09 13:13:01,085 - INFO - Found section 17: Section 17
2025-05-09 13:13:01,089 - INFO - Found section 18: Section 18
2025-05-09 13:13:01,089 - INFO - Found section 19: Section 19
2025-05-09 13:13:01,089 - INFO - Found section 20: Section 20
2025-05-09 13:13:01,089 - INFO - Found section 21: Section 21
2025-05-09 13:13:01,089 - INFO - Found section 22: Section 22
2025-05-09 13:13:01,089 - INFO - Found section 23: Section 23
2025-05-09 13:13:01,089 - INFO - Found section 24: Section 24
2025-05-09 13:13:01,089 - INFO - Found section 25: Section 25
2025-05-09 13:13:01,089 - INFO - Found section 26: Section 26
2025-05-09 13:13:01,089 - INFO - Found section 27: Section 27
2025-05-09 13:13:01,089 - INFO - Found section 28: Section 28
2025-05-09 13:13:01,089 - INFO - Found section 29: Section 29
2025-05-09 13:13:01,089 - INFO - Found section 30: Section 30
2025-05-09 13:13:01,089 - INFO - Found section 31: Section 31
2025-05-09 13:13:01,089 - INFO - Found section 32: Section 32
2025-05-09 13:13:01,089 - INFO - Found section 33: Section 33
2025-05-09 13:13:01,089 - INFO - Found section 34: Section 34
2025-05-09 13:13:01,089 - INFO - Found section 35: Section 35
2025-05-09 13:13:01,089 - INFO - Found section 36: Section 36
2025-05-09 13:13:01,089 - INFO - Found section 37: Section 37
2025-05-09 13:13:01,089 - INFO - Found section 38: Section 38
2025-05-09 13:13:01,094 - INFO - Found section 39: Section 39
2025-05-09 13:13:01,094 - INFO - Found section 40: Section 40
2025-05-09 13:13:01,094 - INFO - Found section 41: Section 41
2025-05-09 13:13:01,094 - INFO - Found section 42: Section 42
2025-05-09 13:13:01,094 - INFO - Found section 43: Section 43
2025-05-09 13:13:01,094 - INFO - Found section 44: Section 44
2025-05-09 13:13:01,094 - INFO - Found section 45: Section 45
2025-05-09 13:13:01,094 - INFO - Found section 46: Section 46
2025-05-09 13:13:01,094 - INFO - Found section 47: Section 47
2025-05-09 13:13:01,094 - INFO - Found section 48: Section 48
2025-05-09 13:13:01,094 - INFO - Found section 49: Section 49
2025-05-09 13:13:01,094 - INFO - Found section 50: Section 50
2025-05-09 13:13:01,094 - INFO - Found section 51: Section 51
2025-05-09 13:13:01,094 - INFO - Found section 52: Section 52
2025-05-09 13:13:01,094 - INFO - Found section 53: Section 53
2025-05-09 13:13:01,094 - INFO - Found section 54: Section 54
2025-05-09 13:13:01,094 - INFO - Found section 55: Section 55
2025-05-09 13:13:01,094 - INFO - Found section 56: Section 56
2025-05-09 13:13:01,094 - INFO - Found section 57: Section 57
2025-05-09 13:13:01,094 - INFO - Found section 58: Section 58
2025-05-09 13:13:01,094 - INFO - Found section 59: Section 59
2025-05-09 13:13:01,094 - INFO - Found section 60: Section 60
2025-05-09 13:13:01,094 - INFO - Found section 61: Section 61
2025-05-09 13:13:01,094 - INFO - Found section 62: Section 62
2025-05-09 13:13:01,094 - INFO - Found section 63: Section 63
2025-05-09 13:13:01,094 - INFO - Found section 64: Section 64
2025-05-09 13:13:01,094 - INFO - Found section 65: Section 65
2025-05-09 13:13:01,094 - INFO - Found section 66: Section 66
2025-05-09 13:13:01,094 - INFO - Found section 67: Section 67
2025-05-09 13:13:01,094 - INFO - Found section 68: Section 68
2025-05-09 13:13:01,094 - INFO - Found section 69: Section 69
2025-05-09 13:13:01,094 - INFO - Found section 70: Section 70
2025-05-09 13:13:01,100 - INFO - Found section 71: Section 71
2025-05-09 13:13:01,100 - INFO - Found section 72: Section 72
2025-05-09 13:13:01,100 - INFO - Found section 73: Section 73
2025-05-09 13:13:01,100 - INFO - Found section 74: Section 74
2025-05-09 13:13:01,100 - INFO - Found section 75: Section 75
2025-05-09 13:13:01,100 - INFO - Found section 76: Section 76
2025-05-09 13:13:01,100 - INFO - Found section 77: Section 77
2025-05-09 13:13:01,100 - INFO - Found section 78: Section 78
2025-05-09 13:13:01,100 - INFO - Found section 79: Section 79
2025-05-09 13:13:01,100 - INFO - Found section 80: Section 80
2025-05-09 13:13:01,102 - INFO - Found section 81: Section 81
2025-05-09 13:13:01,102 - INFO - Found section 82: Section 82
2025-05-09 13:13:01,102 - INFO - Found section 83: Section 83
2025-05-09 13:13:01,102 - INFO - Found section 84: Section 84
2025-05-09 13:13:01,102 - INFO - Found section 85: Section 85
2025-05-09 13:13:01,102 - INFO - Found section 86: Section 86
2025-05-09 13:13:01,102 - INFO - Found section 87: Section 87
2025-05-09 13:13:01,102 - INFO - Found section 88: Section 88
2025-05-09 13:13:01,102 - INFO - Found section 89: Section 89
2025-05-09 13:13:01,102 - INFO - Found section 90: Section 90
2025-05-09 13:13:01,102 - INFO - Found section 91: Section 91
2025-05-09 13:13:01,102 - INFO - Found section 92: Section 92
2025-05-09 13:13:01,102 - INFO - Found section 93: Section 93
2025-05-09 13:13:01,102 - INFO - Found section 94: Section 94
2025-05-09 13:13:01,102 - INFO - Found section 95: Section 95
2025-05-09 13:13:01,102 - INFO - Found section 96: Section 96
2025-05-09 13:13:01,102 - INFO - Found section 97: Section 97
2025-05-09 13:13:01,102 - INFO - Found section 98: Section 98
2025-05-09 13:13:01,102 - INFO - Found section 99: Section 99
2025-05-09 13:13:01,102 - INFO - Found section 100: Section 100
2025-05-09 13:13:01,102 - INFO - Found section 101: Section 101
2025-05-09 13:13:01,102 - INFO - Found section 102: Section 102
2025-05-09 13:13:01,102 - INFO - Found section 103: Section 103
2025-05-09 13:13:01,102 - INFO - Found section 104: Section 104
2025-05-09 13:13:01,102 - INFO - Found section 105: Section 105
2025-05-09 13:13:01,102 - INFO - Found section 106: Section 106
2025-05-09 13:13:01,102 - INFO - Found section 107: Section 107
2025-05-09 13:13:01,102 - INFO - Found section 108: Section 108
2025-05-09 13:13:01,102 - INFO - Found section 109: Section 109
2025-05-09 13:13:01,102 - INFO - Found section 110: Section 110
2025-05-09 13:13:01,102 - INFO - Found section 111: Section 111
2025-05-09 13:13:01,102 - INFO - Found section 112: Section 112
2025-05-09 13:13:01,102 - INFO - Found section 113: Section 113
2025-05-09 13:13:01,102 - INFO - Found section 114: Section 114
2025-05-09 13:13:01,102 - INFO - Found section 115: Section 115
2025-05-09 13:13:01,110 - INFO - Found section 116: Section 116
2025-05-09 13:13:01,110 - INFO - Found section 117: Section 117
2025-05-09 13:13:01,110 - INFO - Found section 118: Section 118
2025-05-09 13:13:01,110 - INFO - Found section 119: Section 119
2025-05-09 13:13:01,110 - INFO - Found section 120: Section 120
2025-05-09 13:13:01,110 - INFO - Found section 121: Section 121
2025-05-09 13:13:01,110 - INFO - Found section 122: Section 122
2025-05-09 13:13:01,110 - INFO - Found section 123: Section 123
2025-05-09 13:13:01,110 - INFO - Found section 124: Section 124
2025-05-09 13:13:01,110 - INFO - Found section 125: Section 125
2025-05-09 13:13:01,110 - INFO - Found section 126: Section 126
2025-05-09 13:13:01,110 - INFO - Found section 127: Section 127
2025-05-09 13:13:01,110 - INFO - Found section 128: Section 128
2025-05-09 13:13:01,110 - INFO - Found section 129: Section 129
2025-05-09 13:13:01,110 - INFO - Found section 130: Section 130
2025-05-09 13:13:01,110 - INFO - Found section 131: Section 131
2025-05-09 13:13:01,110 - INFO - Found section 132: Section 132
2025-05-09 13:13:01,110 - INFO - Found section 133: Section 133
2025-05-09 13:13:01,110 - INFO - Found section 134: Section 134
2025-05-09 13:13:01,110 - INFO - Found section 135: Section 135
2025-05-09 13:13:01,110 - INFO - Found section 136: Section 136
2025-05-09 13:13:01,110 - INFO - Found section 137: Section 137
2025-05-09 13:13:01,110 - INFO - Found section 138: Section 138
2025-05-09 13:13:01,110 - INFO - Found section 139: Section 139
2025-05-09 13:13:01,110 - INFO - Found section 140: Section 140
2025-05-09 13:13:01,110 - INFO - Found section 141: Section 141
2025-05-09 13:13:01,110 - INFO - Found section 142: Section 142
2025-05-09 13:13:01,110 - INFO - Found section 143: Section 143
2025-05-09 13:13:01,110 - INFO - Found section 144: Section 144
2025-05-09 13:13:01,110 - INFO - Found section 145: Section 145
2025-05-09 13:13:01,110 - INFO - Found section 146: Section 146
2025-05-09 13:13:01,110 - INFO - Found section 147: Section 147
2025-05-09 13:13:01,110 - INFO - Found section 148: Section 148
2025-05-09 13:13:01,110 - INFO - Found section 149: Section 149
2025-05-09 13:13:01,110 - INFO - Found section 150: Section 150
2025-05-09 13:13:01,110 - INFO - Found section 151: Section 151
2025-05-09 13:13:01,110 - INFO - Found section 152: Section 152
2025-05-09 13:13:01,110 - INFO - Found section 153: Section 153
2025-05-09 13:13:01,110 - INFO - Found section 154: Section 154
2025-05-09 13:13:01,118 - INFO - Found section 155: Section 155
2025-05-09 13:13:01,118 - INFO - Found section 156: Section 156
2025-05-09 13:13:01,119 - INFO - Found section 157: Section 157
2025-05-09 13:13:01,119 - INFO - Found section 158: Section 158
2025-05-09 13:13:01,119 - INFO - Found section 159: Section 159
2025-05-09 13:13:01,119 - INFO - Found section 160: Section 160
2025-05-09 13:13:01,119 - INFO - Found section 161: Section 161
2025-05-09 13:13:01,119 - INFO - Found section 162: Section 162
2025-05-09 13:13:01,119 - INFO - Found section 163: Section 163
2025-05-09 13:13:01,119 - INFO - Found section 164: Section 164
2025-05-09 13:13:01,119 - INFO - Found section 165: Section 165
2025-05-09 13:13:01,119 - INFO - Found section 166: Section 166
2025-05-09 13:13:01,119 - INFO - Found section 167: Section 167
2025-05-09 13:13:01,119 - INFO - Found section 168: Section 168
2025-05-09 13:13:01,119 - INFO - Found section 169: Section 169
2025-05-09 13:13:01,119 - INFO - Found section 170: Section 170
2025-05-09 13:13:01,119 - INFO - Found section 171: Section 171
2025-05-09 13:13:01,119 - INFO - Found section 172: Section 172
2025-05-09 13:13:01,119 - INFO - Found section 173: Section 173
2025-05-09 13:13:01,119 - INFO - Found section 174: Section 174
2025-05-09 13:13:01,119 - INFO - Found section 175: Section 175
2025-05-09 13:13:01,119 - INFO - Found section 176: Section 176
2025-05-09 13:13:01,124 - INFO - Found section 177: Section 177
2025-05-09 13:13:01,124 - INFO - Found section 178: Section 178
2025-05-09 13:13:01,124 - INFO - Found section 179: Section 179
2025-05-09 13:13:01,124 - INFO - Found section 180: Section 180
2025-05-09 13:13:01,124 - INFO - Found section 181: Section 181
2025-05-09 13:13:01,124 - INFO - Found section 182: Section 182
2025-05-09 13:13:01,124 - INFO - Found section 183: Section 183
2025-05-09 13:13:01,124 - INFO - Found section 184: Section 184
2025-05-09 13:13:01,124 - INFO - Found section 185: Section 185
2025-05-09 13:13:01,124 - INFO - Found section 186: Section 186
2025-05-09 13:13:01,124 - INFO - Found section 187: Section 187
2025-05-09 13:13:01,124 - INFO - Found section 188: Section 188
2025-05-09 13:13:01,124 - INFO - Found section 189: Section 189
2025-05-09 13:13:01,124 - INFO - Found section 190: Section 190
2025-05-09 13:13:01,124 - INFO - Found section 191: Section 191
2025-05-09 13:13:01,127 - INFO - Found section 192: Section 192
2025-05-09 13:13:01,127 - INFO - Found section 193: Section 193
2025-05-09 13:13:01,127 - INFO - Found section 194: Section 194
2025-05-09 13:13:01,127 - INFO - Found section 195: Section 195
2025-05-09 13:13:01,127 - INFO - Found section 196: Section 196
2025-05-09 13:13:01,127 - INFO - Found section 197: Section 197
2025-05-09 13:13:01,127 - INFO - Found section 198: Section 198
2025-05-09 13:13:01,127 - INFO - Found section 199: Section 199
2025-05-09 13:13:01,127 - INFO - Found section 200: Section 200
2025-05-09 13:13:01,127 - INFO - Found section 201: Section 201
2025-05-09 13:13:01,127 - INFO - Found section 202: Section 202
2025-05-09 13:13:01,127 - INFO - Found section 203: Section 203
2025-05-09 13:13:01,127 - INFO - Found section 204: Section 204
2025-05-09 13:13:01,127 - INFO - Found section 205: Section 205
2025-05-09 13:13:01,127 - INFO - Found section 206: Section 206
2025-05-09 13:13:01,127 - INFO - Found section 207: Section 207
2025-05-09 13:13:01,127 - INFO - Found section 208: Section 208
2025-05-09 13:13:01,127 - INFO - Found section 209: Section 209
2025-05-09 13:13:01,127 - INFO - Found section 210: Section 210
2025-05-09 13:13:01,127 - INFO - Found section 211: Section 211
2025-05-09 13:13:01,127 - INFO - Found section 212: Section 212
2025-05-09 13:13:01,127 - INFO - Found section 213: Section 213
2025-05-09 13:13:01,127 - INFO - Found section 214: Section 214
2025-05-09 13:13:01,127 - INFO - Found section 215: Section 215
2025-05-09 13:13:01,127 - INFO - Found section 216: Section 216
2025-05-09 13:13:01,127 - INFO - Found section 217: Section 217
2025-05-09 13:13:01,127 - INFO - Found section 218: Section 218
2025-05-09 13:13:01,127 - INFO - Found section 219: Section 219
2025-05-09 13:13:01,127 - INFO - Found section 220: Section 220
2025-05-09 13:13:01,127 - INFO - Found section 221: Section 221
2025-05-09 13:13:01,127 - INFO - Found section 222: Section 222
2025-05-09 13:13:01,127 - INFO - Found section 223: Section 223
2025-05-09 13:13:01,127 - INFO - Found section 224: Section 224
2025-05-09 13:13:01,127 - INFO - Found section 225: Section 225
2025-05-09 13:13:01,127 - INFO - Found section 226: Section 226
2025-05-09 13:13:01,127 - INFO - Found section 227: Section 227
2025-05-09 13:13:01,127 - INFO - Found section 228: Section 228
2025-05-09 13:13:01,127 - INFO - Found section 229: Section 229
2025-05-09 13:13:01,127 - INFO - Found section 230: Section 230
2025-05-09 13:13:01,127 - INFO - Found section 231: Section 231
2025-05-09 13:13:01,127 - INFO - Found section 232: Section 232
2025-05-09 13:13:01,135 - INFO - Found section 233: Section 233
2025-05-09 13:13:01,135 - INFO - Found section 234: Section 234
2025-05-09 13:13:01,135 - INFO - Found section 235: Section 235
2025-05-09 13:13:01,135 - INFO - Found section 236: Section 236
2025-05-09 13:13:01,135 - INFO - Found section 237: Section 237
2025-05-09 13:13:01,135 - INFO - Found section 238: Section 238
2025-05-09 13:13:01,135 - INFO - Found section 239: Section 239
2025-05-09 13:13:01,135 - INFO - Found section 240: Section 240
2025-05-09 13:13:01,135 - INFO - Found section 241: Section 241
2025-05-09 13:13:01,135 - INFO - Found section 242: Section 242
2025-05-09 13:13:01,135 - INFO - Found section 243: Section 243
2025-05-09 13:13:01,135 - INFO - Found section 244: Section 244
2025-05-09 13:13:01,135 - INFO - Found section 245: Section 245
2025-05-09 13:13:01,135 - INFO - Found section 246: Section 246
2025-05-09 13:13:01,135 - INFO - Found section 247: Section 247
2025-05-09 13:13:01,135 - INFO - Found section 248: Section 248
2025-05-09 13:13:01,135 - INFO - Found section 249: Section 249
2025-05-09 13:13:01,135 - INFO - Found section 250: Section 250
2025-05-09 13:13:01,135 - INFO - Found section 251: Section 251
2025-05-09 13:13:01,135 - INFO - Found section 252: Section 252
2025-05-09 13:13:01,135 - INFO - Found section 253: Section 253
2025-05-09 13:13:01,135 - INFO - Found section 254: Section 254
2025-05-09 13:13:01,135 - INFO - Found section 255: Section 255
2025-05-09 13:13:01,135 - INFO - Found section 256: Section 256
2025-05-09 13:13:01,141 - INFO - Found section 257: Section 257
2025-05-09 13:13:01,141 - INFO - Found section 258: Section 258
2025-05-09 13:13:01,141 - INFO - Found section 259: Section 259
2025-05-09 13:13:01,141 - INFO - Found section 260: Section 260
2025-05-09 13:13:01,141 - INFO - Found section 261: Section 261
2025-05-09 13:13:01,141 - INFO - Found section 262: Section 262
2025-05-09 13:13:01,141 - INFO - Found section 263: Section 263
2025-05-09 13:13:01,141 - INFO - Found section 264: Section 264
2025-05-09 13:13:01,141 - INFO - Found section 265: Section 265
2025-05-09 13:13:01,141 - INFO - Found section 266: Section 266
2025-05-09 13:13:01,141 - INFO - Found section 267: Section 267
2025-05-09 13:13:01,141 - INFO - Found section 268: Section 268
2025-05-09 13:13:01,141 - INFO - Found section 269: Section 269
2025-05-09 13:13:01,143 - INFO - Found section 270: Section 270
2025-05-09 13:13:01,143 - INFO - Found section 271: Section 271
2025-05-09 13:13:01,143 - INFO - Found section 272: Section 272
2025-05-09 13:13:01,143 - INFO - Found section 273: Section 273
2025-05-09 13:13:01,143 - INFO - Found section 274: Section 274
2025-05-09 13:13:01,143 - INFO - Found section 275: Section 275
2025-05-09 13:13:01,143 - INFO - Found section 276: Section 276
2025-05-09 13:13:01,143 - INFO - Found section 277: Section 277
2025-05-09 13:13:01,143 - INFO - Found section 278: Section 278
2025-05-09 13:13:01,143 - INFO - Found section 279: Section 279
2025-05-09 13:13:01,143 - INFO - Found section 280: Section 280
2025-05-09 13:13:01,143 - INFO - Found section 281: Section 281
2025-05-09 13:13:01,143 - INFO - Found section 282: Section 282
2025-05-09 13:13:01,143 - INFO - Found section 283: Section 283
2025-05-09 13:13:01,143 - INFO - Found section 284: Section 284
2025-05-09 13:13:01,143 - INFO - Found section 285: Section 285
2025-05-09 13:13:01,143 - INFO - Found section 286: Section 286
2025-05-09 13:13:01,143 - INFO - Found section 287: Section 287
2025-05-09 13:13:01,143 - INFO - Found section 288: Section 288
2025-05-09 13:13:01,143 - INFO - Found section 289: Section 289
2025-05-09 13:13:01,143 - INFO - Found section 290: Section 290
2025-05-09 13:13:01,143 - INFO - Found section 291: Section 291
2025-05-09 13:13:01,143 - INFO - Found section 292: Section 292
2025-05-09 13:13:01,143 - INFO - Found section 293: Section 293
2025-05-09 13:13:01,143 - INFO - Found section 294: Section 294
2025-05-09 13:13:01,143 - INFO - Found section 295: Section 295
2025-05-09 13:13:01,143 - INFO - Found section 296: Section 296
2025-05-09 13:13:01,143 - INFO - Found section 297: Section 297
2025-05-09 13:13:01,143 - INFO - Found section 298: Section 298
2025-05-09 13:13:01,143 - INFO - Found section 299: Section 299
2025-05-09 13:13:01,143 - INFO - Found section 300: Section 300
2025-05-09 13:13:01,143 - INFO - Found section 301: Section 301
2025-05-09 13:13:01,143 - INFO - Found section 302: Section 302
2025-05-09 13:13:01,143 - INFO - Found section 303: Section 303
2025-05-09 13:13:01,143 - INFO - Found section 304: Section 304
2025-05-09 13:13:01,143 - INFO - Found section 305: Section 305
2025-05-09 13:13:01,143 - INFO - Found section 306: Section 306
2025-05-09 13:13:01,143 - INFO - Found section 307: Section 307
2025-05-09 13:13:01,143 - INFO - Found section 308: Section 308
2025-05-09 13:13:01,143 - INFO - Found section 309: Section 309
2025-05-09 13:13:01,143 - INFO - Found section 310: Section 310
2025-05-09 13:13:01,143 - INFO - Found section 311: Section 311
2025-05-09 13:13:01,143 - INFO - Found section 312: Section 312
2025-05-09 13:13:01,152 - INFO - Found section 313: Section 313
2025-05-09 13:13:01,152 - INFO - Found section 314: Section 314
2025-05-09 13:13:01,152 - INFO - Found section 315: Section 315
2025-05-09 13:13:01,153 - INFO - Found section 316: Section 316
2025-05-09 13:13:01,153 - INFO - Found section 317: Section 317
2025-05-09 13:13:01,153 - INFO - Found section 318: Section 318
2025-05-09 13:13:01,153 - INFO - Found section 319: Section 319
2025-05-09 13:13:01,153 - INFO - Found section 320: Section 320
2025-05-09 13:13:01,153 - INFO - Found section 321: Section 321
2025-05-09 13:13:01,153 - INFO - Found section 322: Section 322
2025-05-09 13:13:01,153 - INFO - Found section 323: Section 323
2025-05-09 13:13:01,153 - INFO - Found section 324: Section 324
2025-05-09 13:13:01,153 - INFO - Found section 325: Section 325
2025-05-09 13:13:01,153 - INFO - Found section 326: Section 326
2025-05-09 13:13:01,153 - INFO - Found section 327: Section 327
2025-05-09 13:13:01,153 - INFO - Found section 328: Section 328
2025-05-09 13:13:01,153 - INFO - Found section 329: Section 329
2025-05-09 13:13:01,153 - INFO - Found section 330: Section 330
2025-05-09 13:13:01,153 - INFO - Found section 331: Section 331
2025-05-09 13:13:01,153 - INFO - Found section 332: Section 332
2025-05-09 13:13:01,153 - INFO - Found section 333: Section 333
2025-05-09 13:13:01,153 - INFO - Found section 334: Section 334
2025-05-09 13:13:01,153 - INFO - Found section 335: Section 335
2025-05-09 13:13:01,153 - INFO - Found section 336: Section 336
2025-05-09 13:13:01,153 - INFO - Found section 337: Section 337
2025-05-09 13:13:01,153 - INFO - Found section 338: Section 338
2025-05-09 13:13:01,153 - INFO - Found section 339: Section 339
2025-05-09 13:13:01,153 - INFO - Found section 340: Section 340
2025-05-09 13:13:01,153 - INFO - Found section 341: Section 341
2025-05-09 13:13:01,153 - INFO - Found section 342: Section 342
2025-05-09 13:13:01,153 - INFO - Found section 343: Section 343
2025-05-09 13:13:01,153 - INFO - Found section 344: Section 344
2025-05-09 13:13:01,153 - INFO - Found section 345: Section 345
2025-05-09 13:13:01,153 - INFO - Found section 346: Section 346
2025-05-09 13:13:01,153 - INFO - Found section 347: Section 347
2025-05-09 13:13:01,153 - INFO - Found section 348: Section 348
2025-05-09 13:13:01,153 - INFO - Found section 349: Section 349
2025-05-09 13:13:01,153 - INFO - Found section 350: Section 350
2025-05-09 13:13:01,153 - INFO - Found section 351: Section 351
2025-05-09 13:13:01,160 - INFO - Found section 352: Section 352
2025-05-09 13:13:01,160 - INFO - Found section 353: Section 353
2025-05-09 13:13:01,160 - INFO - Found section 354: Section 354
2025-05-09 13:13:01,160 - INFO - Found section 355: Section 355
2025-05-09 13:13:01,160 - INFO - Found section 356: Section 356
2025-05-09 13:13:01,160 - INFO - Found section 357: Section 357
2025-05-09 13:13:01,160 - INFO - Found section 358: Section 358
2025-05-09 13:13:01,160 - INFO - Found section 359: Section 359
2025-05-09 13:13:01,160 - INFO - Found section 360: Section 360
2025-05-09 13:13:01,160 - INFO - Found section 361: Section 361
2025-05-09 13:13:01,160 - INFO - Found section 362: Section 362
2025-05-09 13:13:01,160 - INFO - Found section 363: Section 363
2025-05-09 13:13:01,160 - INFO - Found section 364: Section 364
2025-05-09 13:13:01,160 - INFO - Found section 365: Section 365
2025-05-09 13:13:01,160 - INFO - Found section 366: Section 366
2025-05-09 13:13:01,160 - INFO - Found section 367: Section 367
2025-05-09 13:13:01,160 - INFO - Found section 368: Section 368
2025-05-09 13:13:01,160 - INFO - Found section 369: Section 369
2025-05-09 13:13:01,160 - INFO - Found section 370: Section 370
2025-05-09 13:13:01,160 - INFO - Found section 371: Section 371
2025-05-09 13:13:01,160 - INFO - Found section 372: Section 372
2025-05-09 13:13:01,160 - INFO - Found section 373: Section 373
2025-05-09 13:13:01,160 - INFO - Found section 374: Section 374
2025-05-09 13:13:01,160 - INFO - Found section 375: Section 375
2025-05-09 13:13:01,160 - INFO - Found section 376: Section 376
2025-05-09 13:13:01,160 - INFO - Found section 377: Section 377
2025-05-09 13:13:01,160 - INFO - Found section 378: Section 378
2025-05-09 13:13:01,160 - INFO - Found section 379: Section 379
2025-05-09 13:13:01,160 - INFO - Found section 380: Section 380
2025-05-09 13:13:01,160 - INFO - Found section 381: Section 381
2025-05-09 13:13:01,160 - INFO - Found section 382: Section 382
2025-05-09 13:13:01,160 - INFO - Found section 383: Section 383
2025-05-09 13:13:01,160 - INFO - Found section 384: Section 384
2025-05-09 13:13:01,160 - INFO - Found section 385: Section 385
2025-05-09 13:13:01,160 - INFO - Found section 386: Section 386
2025-05-09 13:13:01,160 - INFO - Found section 387: Section 387
2025-05-09 13:13:01,160 - INFO - Found section 388: Section 388
2025-05-09 13:13:01,160 - INFO - Found section 389: Section 389
2025-05-09 13:13:01,160 - INFO - Found section 390: Section 390
2025-05-09 13:13:01,168 - INFO - Found section 391: Section 391
2025-05-09 13:13:01,168 - INFO - Found section 392: Section 392
2025-05-09 13:13:01,168 - INFO - Found section 393: Section 393
2025-05-09 13:13:01,169 - INFO - Found section 394: Section 394
2025-05-09 13:13:01,169 - INFO - Found section 395: Section 395
2025-05-09 13:13:01,169 - INFO - Found section 396: Section 396
2025-05-09 13:13:01,169 - INFO - Found section 397: Section 397
2025-05-09 13:13:01,170 - INFO - Found section 398: Section 398
2025-05-09 13:13:01,170 - INFO - Found section 399: Section 399
2025-05-09 13:13:01,170 - INFO - Found section 400: Section 400
2025-05-09 13:13:01,170 - INFO - Found section 401: Section 401
2025-05-09 13:13:01,170 - INFO - Found section 402: Section 402
2025-05-09 13:13:01,170 - INFO - Found section 403: Section 403
2025-05-09 13:13:01,170 - INFO - Found section 404: Section 404
2025-05-09 13:13:01,170 - INFO - Found section 405: Section 405
2025-05-09 13:13:01,170 - INFO - Found section 406: Section 406
2025-05-09 13:13:01,170 - INFO - Found section 407: Section 407
2025-05-09 13:13:01,170 - INFO - Found section 408: Section 408
2025-05-09 13:13:01,170 - INFO - Found section 409: Section 409
2025-05-09 13:13:01,170 - INFO - Found section 410: Section 410
2025-05-09 13:13:01,173 - INFO - Found section 411: Section 411
2025-05-09 13:13:01,173 - INFO - Found section 412: Section 412
2025-05-09 13:13:01,173 - INFO - Found section 413: Section 413
2025-05-09 13:13:01,173 - INFO - Found section 414: Section 414
2025-05-09 13:13:01,173 - INFO - Found section 415: Section 415
2025-05-09 13:13:01,173 - INFO - Found section 416: Section 416
2025-05-09 13:13:01,173 - INFO - Found section 417: Section 417
2025-05-09 13:13:01,173 - INFO - Found section 418: Section 418
2025-05-09 13:13:01,173 - INFO - Found section 419: Section 419
2025-05-09 13:13:01,173 - INFO - Found section 420: Section 420
2025-05-09 13:13:01,173 - INFO - Found section 421: Section 421
2025-05-09 13:13:01,173 - INFO - Found section 422: Section 422
2025-05-09 13:13:01,173 - INFO - Found section 423: Section 423
2025-05-09 13:13:01,173 - INFO - Found section 424: Section 424
2025-05-09 13:13:01,173 - INFO - Found section 425: Section 425
2025-05-09 13:13:01,173 - INFO - Found section 426: Section 426
2025-05-09 13:13:01,173 - INFO - Found section 427: Section 427
2025-05-09 13:13:01,173 - INFO - Found section 428: Section 428
2025-05-09 13:13:01,177 - INFO - Found section 429: Section 429
2025-05-09 13:13:01,177 - INFO - Found section 430: Section 430
2025-05-09 13:13:01,177 - INFO - Found section 431: Section 431
2025-05-09 13:13:01,177 - INFO - Found section 432: Section 432
2025-05-09 13:13:01,177 - INFO - Found section 433: Section 433
2025-05-09 13:13:01,177 - INFO - Found section 434: Section 434
2025-05-09 13:13:01,177 - INFO - Found section 435: Section 435
2025-05-09 13:13:01,177 - INFO - Found section 436: Section 436
2025-05-09 13:13:01,177 - INFO - Found section 437: Section 437
2025-05-09 13:13:01,177 - INFO - Found section 438: Section 438
2025-05-09 13:13:01,177 - INFO - Found section 439: Section 439
2025-05-09 13:13:01,177 - INFO - Found section 440: Section 440
2025-05-09 13:13:01,177 - INFO - Found section 441: Section 441
2025-05-09 13:13:01,177 - INFO - Found section 442: Section 442
2025-05-09 13:13:01,177 - INFO - Found section 443: Section 443
2025-05-09 13:13:01,177 - INFO - Found section 444: Section 444
2025-05-09 13:13:01,177 - INFO - Found section 445: Section 445
2025-05-09 13:13:01,177 - INFO - Found section 446: Section 446
2025-05-09 13:13:01,177 - INFO - Found section 447: Section 447
2025-05-09 13:13:01,177 - INFO - Found section 448: Section 448
2025-05-09 13:13:01,177 - INFO - Found section 449: Section 449
2025-05-09 13:13:01,177 - INFO - Found section 450: Section 450
2025-05-09 13:13:01,177 - INFO - Found section 451: Section 451
2025-05-09 13:13:01,177 - INFO - Found section 452: Section 452
2025-05-09 13:13:01,177 - INFO - Found section 453: Section 453
2025-05-09 13:13:01,177 - INFO - Found section 454: Section 454
2025-05-09 13:13:01,177 - INFO - Found section 455: Section 455
2025-05-09 13:13:01,177 - INFO - Found section 456: Section 456
2025-05-09 13:13:01,177 - INFO - Found section 457: Section 457
2025-05-09 13:13:01,177 - INFO - Found section 458: Section 458
2025-05-09 13:13:01,177 - INFO - Found section 459: Section 459
2025-05-09 13:13:01,177 - INFO - Found section 460: Section 460
2025-05-09 13:13:01,177 - INFO - Found section 461: Section 461
2025-05-09 13:13:01,177 - INFO - Found section 462: Section 462
2025-05-09 13:13:01,177 - INFO - Found section 463: Section 463
2025-05-09 13:13:01,177 - INFO - Found section 464: Section 464
2025-05-09 13:13:01,177 - INFO - Found section 465: Section 465
2025-05-09 13:13:01,177 - INFO - Found section 466: Section 466
2025-05-09 13:13:01,177 - INFO - Found section 467: Section 467
2025-05-09 13:13:01,177 - INFO - Found section 468: Section 468
2025-05-09 13:13:01,177 - INFO - Found section 469: Section 469
2025-05-09 13:13:01,177 - INFO - Found section 470: Section 470
2025-05-09 13:13:01,185 - INFO - Found section 471: Section 471
2025-05-09 13:13:01,185 - INFO - Found section 472: Section 472
2025-05-09 13:13:01,185 - INFO - Found section 473: Section 473
2025-05-09 13:13:01,185 - INFO - Found section 474: Section 474
2025-05-09 13:13:01,185 - INFO - Found section 475: Section 475
2025-05-09 13:13:01,185 - INFO - Found section 476: Section 476
2025-05-09 13:13:01,185 - INFO - Found section 477: Section 477
2025-05-09 13:13:01,188 - INFO - Found section 478: Section 478
2025-05-09 13:13:01,188 - INFO - Found section 479: Section 479
2025-05-09 13:13:01,188 - INFO - Found section 480: Section 480
2025-05-09 13:13:01,188 - INFO - Found section 481: Section 481
2025-05-09 13:13:01,188 - INFO - Found section 482: Section 482
2025-05-09 13:13:01,189 - INFO - Found section 483: Section 483
2025-05-09 13:13:01,189 - INFO - Found section 484: Section 484
2025-05-09 13:13:01,189 - INFO - Found section 485: Section 485
2025-05-09 13:13:01,189 - INFO - Found section 486: Section 486
2025-05-09 13:13:01,189 - INFO - Found section 487: Section 487
2025-05-09 13:13:01,189 - INFO - Found section 488: Section 488
2025-05-09 13:13:01,191 - INFO - Found section 489: Section 489
2025-05-09 13:13:01,191 - INFO - Found section 490: Section 490
2025-05-09 13:13:01,191 - INFO - Found section 491: Section 491
2025-05-09 13:13:01,191 - INFO - Found section 492: Section 492
2025-05-09 13:13:01,191 - INFO - Found section 493: Section 493
2025-05-09 13:13:01,191 - INFO - Found section 494: Section 494
2025-05-09 13:13:01,191 - INFO - Found section 495: Section 495
2025-05-09 13:13:01,191 - INFO - Found section 496: Section 496
2025-05-09 13:13:01,191 - INFO - Found section 497: Section 497
2025-05-09 13:13:01,191 - INFO - Found section 498: Section 498
2025-05-09 13:13:01,194 - INFO - Found section 499: Section 499
2025-05-09 13:13:01,194 - INFO - Found section 500: Section 500
2025-05-09 13:13:01,194 - INFO - Found section 501: Section 501
2025-05-09 13:13:01,194 - INFO - Found section 502: Section 502
2025-05-09 13:13:01,194 - INFO - Found section 503: Section 503
2025-05-09 13:13:01,194 - INFO - Found section 504: Section 504
2025-05-09 13:13:01,194 - INFO - Found section 505: Section 505
2025-05-09 13:13:01,194 - INFO - Found section 506: Section 506
2025-05-09 13:13:01,194 - INFO - Found section 507: Section 507
2025-05-09 13:13:01,194 - INFO - Found section 508: Section 508
2025-05-09 13:13:01,194 - INFO - Found section 509: Section 509
2025-05-09 13:13:01,194 - INFO - Found section 510: Section 510
2025-05-09 13:13:01,194 - INFO - Found section 511: Section 511
2025-05-09 13:13:01,194 - INFO - Successfully extracted 511 sections from main page
2025-05-09 13:13:01,194 - INFO - 
Processing details for Section 1
2025-05-09 13:13:01,194 - INFO - Attempting to fetch section 1 details (Attempt 1/3)
2025-05-09 13:13:05,909 - ERROR - Error processing section 2: Message: 
Stacktrace:
	GetHandleVerifier [0x00007FF62E0BCF25+75717]
	GetHandleVerifier [0x00007FF62E0BCF80+75808]
	(No symbol) [0x00007FF62DE88F9A]
	(No symbol) [0x00007FF62DEDF4C6]
	(No symbol) [0x00007FF62DEDF77C]
	(No symbol) [0x00007FF62DF32577]
	(No symbol) [0x00007FF62DF073BF]
	(No symbol) [0x00007FF62DF2F39C]
	(No symbol) [0x00007FF62DF07153]
	(No symbol) [0x00007FF62DED0421]
	(No symbol) [0x00007FF62DED11B3]
	GetHandleVerifier [0x00007FF62E3BD6FD+3223453]
	GetHandleVerifier [0x00007FF62E3B7CA2+3200322]
	GetHandleVerifier [0x00007FF62E3D5AD3+3322739]
	GetHandleVerifier [0x00007FF62E0D69FA+180890]
	GetHandleVerifier [0x00007FF62E0DE0FF+211359]
	GetHandleVerifier [0x00007FF62E0C5274+109332]
	GetHandleVerifier [0x00007FF62E0C5422+109762]
	GetHandleVerifier [0x00007FF62E0ABA39+4825]
	BaseThreadInitThunk [0x00007FFEB441E8D7+23]
	RtlUserThreadStart [0x00007FFEB63914FC+44]

2025-05-09 13:13:10,929 - INFO - Attempting to fetch section 2 details (Attempt 2/3)
2025-05-09 13:13:11,985 - ERROR - Error processing section 1: Message: 
Stacktrace:
	GetHandleVerifier [0x00007FF62E0BCF25+75717]
	GetHandleVerifier [0x00007FF62E0BCF80+75808]
	(No symbol) [0x00007FF62DE88F9A]
	(No symbol) [0x00007FF62DEDF4C6]
	(No symbol) [0x00007FF62DEDF77C]
	(No symbol) [0x00007FF62DF32577]
	(No symbol) [0x00007FF62DF073BF]
	(No symbol) [0x00007FF62DF2F39C]
	(No symbol) [0x00007FF62DF07153]
	(No symbol) [0x00007FF62DED0421]
	(No symbol) [0x00007FF62DED11B3]
	GetHandleVerifier [0x00007FF62E3BD6FD+3223453]
	GetHandleVerifier [0x00007FF62E3B7CA2+3200322]
	GetHandleVerifier [0x00007FF62E3D5AD3+3322739]
	GetHandleVerifier [0x00007FF62E0D69FA+180890]
	GetHandleVerifier [0x00007FF62E0DE0FF+211359]
	GetHandleVerifier [0x00007FF62E0C5274+109332]
	GetHandleVerifier [0x00007FF62E0C5422+109762]
	GetHandleVerifier [0x00007FF62E0ABA39+4825]
	BaseThreadInitThunk [0x00007FFEB441E8D7+23]
	RtlUserThreadStart [0x00007FFEB63914FC+44]

2025-05-09 13:13:17,005 - INFO - Attempting to fetch section 1 details (Attempt 2/3)
2025-05-09 13:13:21,546 - ERROR - Error processing section 2: Message: 
Stacktrace:
	GetHandleVerifier [0x00007FF62E0BCF25+75717]
	GetHandleVerifier [0x00007FF62E0BCF80+75808]
	(No symbol) [0x00007FF62DE88F9A]
	(No symbol) [0x00007FF62DEDF4C6]
	(No symbol) [0x00007FF62DEDF77C]
	(No symbol) [0x00007FF62DF32577]
	(No symbol) [0x00007FF62DF073BF]
	(No symbol) [0x00007FF62DF2F39C]
	(No symbol) [0x00007FF62DF07153]
	(No symbol) [0x00007FF62DED0421]
	(No symbol) [0x00007FF62DED11B3]
	GetHandleVerifier [0x00007FF62E3BD6FD+3223453]
	GetHandleVerifier [0x00007FF62E3B7CA2+3200322]
	GetHandleVerifier [0x00007FF62E3D5AD3+3322739]
	GetHandleVerifier [0x00007FF62E0D69FA+180890]
	GetHandleVerifier [0x00007FF62E0DE0FF+211359]
	GetHandleVerifier [0x00007FF62E0C5274+109332]
	GetHandleVerifier [0x00007FF62E0C5422+109762]
	GetHandleVerifier [0x00007FF62E0ABA39+4825]
	BaseThreadInitThunk [0x00007FFEB441E8D7+23]
	RtlUserThreadStart [0x00007FFEB63914FC+44]

2025-05-09 13:13:26,555 - INFO - Attempting to fetch section 2 details (Attempt 3/3)
2025-05-09 13:13:27,697 - ERROR - Error processing section 1: Message: 
Stacktrace:
	GetHandleVerifier [0x00007FF62E0BCF25+75717]
	GetHandleVerifier [0x00007FF62E0BCF80+75808]
	(No symbol) [0x00007FF62DE88F9A]
	(No symbol) [0x00007FF62DEDF4C6]
	(No symbol) [0x00007FF62DEDF77C]
	(No symbol) [0x00007FF62DF32577]
	(No symbol) [0x00007FF62DF073BF]
	(No symbol) [0x00007FF62DF2F39C]
	(No symbol) [0x00007FF62DF07153]
	(No symbol) [0x00007FF62DED0421]
	(No symbol) [0x00007FF62DED11B3]
	GetHandleVerifier [0x00007FF62E3BD6FD+3223453]
	GetHandleVerifier [0x00007FF62E3B7CA2+3200322]
	GetHandleVerifier [0x00007FF62E3D5AD3+3322739]
	GetHandleVerifier [0x00007FF62E0D69FA+180890]
	GetHandleVerifier [0x00007FF62E0DE0FF+211359]
	GetHandleVerifier [0x00007FF62E0C5274+109332]
	GetHandleVerifier [0x00007FF62E0C5422+109762]
	GetHandleVerifier [0x00007FF62E0ABA39+4825]
	BaseThreadInitThunk [0x00007FFEB441E8D7+23]
	RtlUserThreadStart [0x00007FFEB63914FC+44]

2025-05-09 13:13:32,698 - INFO - Attempting to fetch section 1 details (Attempt 3/3)
2025-05-09 13:13:37,211 - ERROR - Error processing section 2: Message: 
Stacktrace:
	GetHandleVerifier [0x00007FF62E0BCF25+75717]
	GetHandleVerifier [0x00007FF62E0BCF80+75808]
	(No symbol) [0x00007FF62DE88F9A]
	(No symbol) [0x00007FF62DEDF4C6]
	(No symbol) [0x00007FF62DEDF77C]
	(No symbol) [0x00007FF62DF32577]
	(No symbol) [0x00007FF62DF073BF]
	(No symbol) [0x00007FF62DF2F39C]
	(No symbol) [0x00007FF62DF07153]
	(No symbol) [0x00007FF62DED0421]
	(No symbol) [0x00007FF62DED11B3]
	GetHandleVerifier [0x00007FF62E3BD6FD+3223453]
	GetHandleVerifier [0x00007FF62E3B7CA2+3200322]
	GetHandleVerifier [0x00007FF62E3D5AD3+3322739]
	GetHandleVerifier [0x00007FF62E0D69FA+180890]
	GetHandleVerifier [0x00007FF62E0DE0FF+211359]
	GetHandleVerifier [0x00007FF62E0C5274+109332]
	GetHandleVerifier [0x00007FF62E0C5422+109762]
	GetHandleVerifier [0x00007FF62E0ABA39+4825]
	BaseThreadInitThunk [0x00007FFEB441E8D7+23]
	RtlUserThreadStart [0x00007FFEB63914FC+44]

2025-05-09 13:13:37,212 - ERROR - Could not fetch details for section 2
2025-05-09 13:13:39,217 - INFO - 
Processing details for Section 3
2025-05-09 13:13:39,217 - INFO - Attempting to fetch section 3 details (Attempt 1/3)
2025-05-09 13:13:43,287 - ERROR - Error processing section 1: Message: 
Stacktrace:
	GetHandleVerifier [0x00007FF62E0BCF25+75717]
	GetHandleVerifier [0x00007FF62E0BCF80+75808]
	(No symbol) [0x00007FF62DE88F9A]
	(No symbol) [0x00007FF62DEDF4C6]
	(No symbol) [0x00007FF62DEDF77C]
	(No symbol) [0x00007FF62DF32577]
	(No symbol) [0x00007FF62DF073BF]
	(No symbol) [0x00007FF62DF2F39C]
	(No symbol) [0x00007FF62DF07153]
	(No symbol) [0x00007FF62DED0421]
	(No symbol) [0x00007FF62DED11B3]
	GetHandleVerifier [0x00007FF62E3BD6FD+3223453]
	GetHandleVerifier [0x00007FF62E3B7CA2+3200322]
	GetHandleVerifier [0x00007FF62E3D5AD3+3322739]
	GetHandleVerifier [0x00007FF62E0D69FA+180890]
	GetHandleVerifier [0x00007FF62E0DE0FF+211359]
	GetHandleVerifier [0x00007FF62E0C5274+109332]
	GetHandleVerifier [0x00007FF62E0C5422+109762]
	GetHandleVerifier [0x00007FF62E0ABA39+4825]
	BaseThreadInitThunk [0x00007FFEB441E8D7+23]
	RtlUserThreadStart [0x00007FFEB63914FC+44]

2025-05-09 13:13:43,287 - ERROR - Could not fetch details for section 1
2025-05-09 13:13:45,292 - INFO - 
Processing details for Section 2
2025-05-09 13:13:45,292 - INFO - Attempting to fetch section 2 details (Attempt 1/3)
2025-05-09 13:13:49,980 - ERROR - Error processing section 3: Message: 
Stacktrace:
	GetHandleVerifier [0x00007FF62E0BCF25+75717]
	GetHandleVerifier [0x00007FF62E0BCF80+75808]
	(No symbol) [0x00007FF62DE88F9A]
	(No symbol) [0x00007FF62DEDF4C6]
	(No symbol) [0x00007FF62DEDF77C]
	(No symbol) [0x00007FF62DF32577]
	(No symbol) [0x00007FF62DF073BF]
	(No symbol) [0x00007FF62DF2F39C]
	(No symbol) [0x00007FF62DF07153]
	(No symbol) [0x00007FF62DED0421]
	(No symbol) [0x00007FF62DED11B3]
	GetHandleVerifier [0x00007FF62E3BD6FD+3223453]
	GetHandleVerifier [0x00007FF62E3B7CA2+3200322]
	GetHandleVerifier [0x00007FF62E3D5AD3+3322739]
	GetHandleVerifier [0x00007FF62E0D69FA+180890]
	GetHandleVerifier [0x00007FF62E0DE0FF+211359]
	GetHandleVerifier [0x00007FF62E0C5274+109332]
	GetHandleVerifier [0x00007FF62E0C5422+109762]
	GetHandleVerifier [0x00007FF62E0ABA39+4825]
	BaseThreadInitThunk [0x00007FFEB441E8D7+23]
	RtlUserThreadStart [0x00007FFEB63914FC+44]

2025-05-09 13:13:54,996 - INFO - Attempting to fetch section 3 details (Attempt 2/3)
2025-05-09 13:13:55,961 - ERROR - Error processing section 2: Message: 
Stacktrace:
	GetHandleVerifier [0x00007FF62E0BCF25+75717]
	GetHandleVerifier [0x00007FF62E0BCF80+75808]
	(No symbol) [0x00007FF62DE88F9A]
	(No symbol) [0x00007FF62DEDF4C6]
	(No symbol) [0x00007FF62DEDF77C]
	(No symbol) [0x00007FF62DF32577]
	(No symbol) [0x00007FF62DF073BF]
	(No symbol) [0x00007FF62DF2F39C]
	(No symbol) [0x00007FF62DF07153]
	(No symbol) [0x00007FF62DED0421]
	(No symbol) [0x00007FF62DED11B3]
	GetHandleVerifier [0x00007FF62E3BD6FD+3223453]
	GetHandleVerifier [0x00007FF62E3B7CA2+3200322]
	GetHandleVerifier [0x00007FF62E3D5AD3+3322739]
	GetHandleVerifier [0x00007FF62E0D69FA+180890]
	GetHandleVerifier [0x00007FF62E0DE0FF+211359]
	GetHandleVerifier [0x00007FF62E0C5274+109332]
	GetHandleVerifier [0x00007FF62E0C5422+109762]
	GetHandleVerifier [0x00007FF62E0ABA39+4825]
	BaseThreadInitThunk [0x00007FFEB441E8D7+23]
	RtlUserThreadStart [0x00007FFEB63914FC+44]

2025-05-09 13:14:00,963 - INFO - Attempting to fetch section 2 details (Attempt 2/3)
2025-05-09 13:14:05,595 - ERROR - Error processing section 3: Message: 
Stacktrace:
	GetHandleVerifier [0x00007FF62E0BCF25+75717]
	GetHandleVerifier [0x00007FF62E0BCF80+75808]
	(No symbol) [0x00007FF62DE88F9A]
	(No symbol) [0x00007FF62DEDF4C6]
	(No symbol) [0x00007FF62DEDF77C]
	(No symbol) [0x00007FF62DF32577]
	(No symbol) [0x00007FF62DF073BF]
	(No symbol) [0x00007FF62DF2F39C]
	(No symbol) [0x00007FF62DF07153]
	(No symbol) [0x00007FF62DED0421]
	(No symbol) [0x00007FF62DED11B3]
	GetHandleVerifier [0x00007FF62E3BD6FD+3223453]
	GetHandleVerifier [0x00007FF62E3B7CA2+3200322]
	GetHandleVerifier [0x00007FF62E3D5AD3+3322739]
	GetHandleVerifier [0x00007FF62E0D69FA+180890]
	GetHandleVerifier [0x00007FF62E0DE0FF+211359]
	GetHandleVerifier [0x00007FF62E0C5274+109332]
	GetHandleVerifier [0x00007FF62E0C5422+109762]
	GetHandleVerifier [0x00007FF62E0ABA39+4825]
	BaseThreadInitThunk [0x00007FFEB441E8D7+23]
	RtlUserThreadStart [0x00007FFEB63914FC+44]

2025-05-09 13:14:10,604 - INFO - Attempting to fetch section 3 details (Attempt 3/3)
2025-05-09 13:14:11,595 - ERROR - Error processing section 2: Message: 
Stacktrace:
	GetHandleVerifier [0x00007FF62E0BCF25+75717]
	GetHandleVerifier [0x00007FF62E0BCF80+75808]
	(No symbol) [0x00007FF62DE88F9A]
	(No symbol) [0x00007FF62DEDF4C6]
	(No symbol) [0x00007FF62DEDF77C]
	(No symbol) [0x00007FF62DF32577]
	(No symbol) [0x00007FF62DF073BF]
	(No symbol) [0x00007FF62DF2F39C]
	(No symbol) [0x00007FF62DF07153]
	(No symbol) [0x00007FF62DED0421]
	(No symbol) [0x00007FF62DED11B3]
	GetHandleVerifier [0x00007FF62E3BD6FD+3223453]
	GetHandleVerifier [0x00007FF62E3B7CA2+3200322]
	GetHandleVerifier [0x00007FF62E3D5AD3+3322739]
	GetHandleVerifier [0x00007FF62E0D69FA+180890]
	GetHandleVerifier [0x00007FF62E0DE0FF+211359]
	GetHandleVerifier [0x00007FF62E0C5274+109332]
	GetHandleVerifier [0x00007FF62E0C5422+109762]
	GetHandleVerifier [0x00007FF62E0ABA39+4825]
	BaseThreadInitThunk [0x00007FFEB441E8D7+23]
	RtlUserThreadStart [0x00007FFEB63914FC+44]

2025-05-09 13:14:16,605 - INFO - Attempting to fetch section 2 details (Attempt 3/3)
2025-05-09 13:14:21,423 - ERROR - Error processing section 3: Message: 
Stacktrace:
	GetHandleVerifier [0x00007FF62E0BCF25+75717]
	GetHandleVerifier [0x00007FF62E0BCF80+75808]
	(No symbol) [0x00007FF62DE88F9A]
	(No symbol) [0x00007FF62DEDF4C6]
	(No symbol) [0x00007FF62DEDF77C]
	(No symbol) [0x00007FF62DF32577]
	(No symbol) [0x00007FF62DF073BF]
	(No symbol) [0x00007FF62DF2F39C]
	(No symbol) [0x00007FF62DF07153]
	(No symbol) [0x00007FF62DED0421]
	(No symbol) [0x00007FF62DED11B3]
	GetHandleVerifier [0x00007FF62E3BD6FD+3223453]
	GetHandleVerifier [0x00007FF62E3B7CA2+3200322]
	GetHandleVerifier [0x00007FF62E3D5AD3+3322739]
	GetHandleVerifier [0x00007FF62E0D69FA+180890]
	GetHandleVerifier [0x00007FF62E0DE0FF+211359]
	GetHandleVerifier [0x00007FF62E0C5274+109332]
	GetHandleVerifier [0x00007FF62E0C5422+109762]
	GetHandleVerifier [0x00007FF62E0ABA39+4825]
	BaseThreadInitThunk [0x00007FFEB441E8D7+23]
	RtlUserThreadStart [0x00007FFEB63914FC+44]

2025-05-09 13:14:21,423 - ERROR - Could not fetch details for section 3
2025-05-09 13:14:23,432 - INFO - 
Processing details for Section 4
2025-05-09 13:14:23,432 - INFO - Attempting to fetch section 4 details (Attempt 1/3)
2025-05-09 13:14:27,295 - ERROR - Error processing section 2: Message: 
Stacktrace:
	GetHandleVerifier [0x00007FF62E0BCF25+75717]
	GetHandleVerifier [0x00007FF62E0BCF80+75808]
	(No symbol) [0x00007FF62DE88F9A]
	(No symbol) [0x00007FF62DEDF4C6]
	(No symbol) [0x00007FF62DEDF77C]
	(No symbol) [0x00007FF62DF32577]
	(No symbol) [0x00007FF62DF073BF]
	(No symbol) [0x00007FF62DF2F39C]
	(No symbol) [0x00007FF62DF07153]
	(No symbol) [0x00007FF62DED0421]
	(No symbol) [0x00007FF62DED11B3]
	GetHandleVerifier [0x00007FF62E3BD6FD+3223453]
	GetHandleVerifier [0x00007FF62E3B7CA2+3200322]
	GetHandleVerifier [0x00007FF62E3D5AD3+3322739]
	GetHandleVerifier [0x00007FF62E0D69FA+180890]
	GetHandleVerifier [0x00007FF62E0DE0FF+211359]
	GetHandleVerifier [0x00007FF62E0C5274+109332]
	GetHandleVerifier [0x00007FF62E0C5422+109762]
	GetHandleVerifier [0x00007FF62E0ABA39+4825]
	BaseThreadInitThunk [0x00007FFEB441E8D7+23]
	RtlUserThreadStart [0x00007FFEB63914FC+44]

2025-05-09 13:14:27,295 - ERROR - Could not fetch details for section 2
2025-05-09 13:14:29,306 - INFO - 
Processing details for Section 3
2025-05-09 13:14:29,306 - INFO - Attempting to fetch section 3 details (Attempt 1/3)
2025-05-09 13:14:34,012 - ERROR - Error processing section 4: Message: 
Stacktrace:
	GetHandleVerifier [0x00007FF62E0BCF25+75717]
	GetHandleVerifier [0x00007FF62E0BCF80+75808]
	(No symbol) [0x00007FF62DE88F9A]
	(No symbol) [0x00007FF62DEDF4C6]
	(No symbol) [0x00007FF62DEDF77C]
	(No symbol) [0x00007FF62DF32577]
	(No symbol) [0x00007FF62DF073BF]
	(No symbol) [0x00007FF62DF2F39C]
	(No symbol) [0x00007FF62DF07153]
	(No symbol) [0x00007FF62DED0421]
	(No symbol) [0x00007FF62DED11B3]
	GetHandleVerifier [0x00007FF62E3BD6FD+3223453]
	GetHandleVerifier [0x00007FF62E3B7CA2+3200322]
	GetHandleVerifier [0x00007FF62E3D5AD3+3322739]
	GetHandleVerifier [0x00007FF62E0D69FA+180890]
	GetHandleVerifier [0x00007FF62E0DE0FF+211359]
	GetHandleVerifier [0x00007FF62E0C5274+109332]
	GetHandleVerifier [0x00007FF62E0C5422+109762]
	GetHandleVerifier [0x00007FF62E0ABA39+4825]
	BaseThreadInitThunk [0x00007FFEB441E8D7+23]
	RtlUserThreadStart [0x00007FFEB63914FC+44]

2025-05-09 13:14:39,019 - INFO - Attempting to fetch section 4 details (Attempt 2/3)
2025-05-09 13:14:39,929 - ERROR - Error processing section 3: Message: 
Stacktrace:
	GetHandleVerifier [0x00007FF62E0BCF25+75717]
	GetHandleVerifier [0x00007FF62E0BCF80+75808]
	(No symbol) [0x00007FF62DE88F9A]
	(No symbol) [0x00007FF62DEDF4C6]
	(No symbol) [0x00007FF62DEDF77C]
	(No symbol) [0x00007FF62DF32577]
	(No symbol) [0x00007FF62DF073BF]
	(No symbol) [0x00007FF62DF2F39C]
	(No symbol) [0x00007FF62DF07153]
	(No symbol) [0x00007FF62DED0421]
	(No symbol) [0x00007FF62DED11B3]
	GetHandleVerifier [0x00007FF62E3BD6FD+3223453]
	GetHandleVerifier [0x00007FF62E3B7CA2+3200322]
	GetHandleVerifier [0x00007FF62E3D5AD3+3322739]
	GetHandleVerifier [0x00007FF62E0D69FA+180890]
	GetHandleVerifier [0x00007FF62E0DE0FF+211359]
	GetHandleVerifier [0x00007FF62E0C5274+109332]
	GetHandleVerifier [0x00007FF62E0C5422+109762]
	GetHandleVerifier [0x00007FF62E0ABA39+4825]
	BaseThreadInitThunk [0x00007FFEB441E8D7+23]
	RtlUserThreadStart [0x00007FFEB63914FC+44]

2025-05-09 13:14:44,936 - INFO - Attempting to fetch section 3 details (Attempt 2/3)
2025-05-09 13:14:49,626 - ERROR - Error processing section 4: Message: 
Stacktrace:
	GetHandleVerifier [0x00007FF62E0BCF25+75717]
	GetHandleVerifier [0x00007FF62E0BCF80+75808]
	(No symbol) [0x00007FF62DE88F9A]
	(No symbol) [0x00007FF62DEDF4C6]
	(No symbol) [0x00007FF62DEDF77C]
	(No symbol) [0x00007FF62DF32577]
	(No symbol) [0x00007FF62DF073BF]
	(No symbol) [0x00007FF62DF2F39C]
	(No symbol) [0x00007FF62DF07153]
	(No symbol) [0x00007FF62DED0421]
	(No symbol) [0x00007FF62DED11B3]
	GetHandleVerifier [0x00007FF62E3BD6FD+3223453]
	GetHandleVerifier [0x00007FF62E3B7CA2+3200322]
	GetHandleVerifier [0x00007FF62E3D5AD3+3322739]
	GetHandleVerifier [0x00007FF62E0D69FA+180890]
	GetHandleVerifier [0x00007FF62E0DE0FF+211359]
	GetHandleVerifier [0x00007FF62E0C5274+109332]
	GetHandleVerifier [0x00007FF62E0C5422+109762]
	GetHandleVerifier [0x00007FF62E0ABA39+4825]
	BaseThreadInitThunk [0x00007FFEB441E8D7+23]
	RtlUserThreadStart [0x00007FFEB63914FC+44]

2025-05-09 13:14:54,628 - INFO - Attempting to fetch section 4 details (Attempt 3/3)
2025-05-09 13:14:55,561 - ERROR - Error processing section 3: Message: 
Stacktrace:
	GetHandleVerifier [0x00007FF62E0BCF25+75717]
	GetHandleVerifier [0x00007FF62E0BCF80+75808]
	(No symbol) [0x00007FF62DE88F9A]
	(No symbol) [0x00007FF62DEDF4C6]
	(No symbol) [0x00007FF62DEDF77C]
	(No symbol) [0x00007FF62DF32577]
	(No symbol) [0x00007FF62DF073BF]
	(No symbol) [0x00007FF62DF2F39C]
	(No symbol) [0x00007FF62DF07153]
	(No symbol) [0x00007FF62DED0421]
	(No symbol) [0x00007FF62DED11B3]
	GetHandleVerifier [0x00007FF62E3BD6FD+3223453]
	GetHandleVerifier [0x00007FF62E3B7CA2+3200322]
	GetHandleVerifier [0x00007FF62E3D5AD3+3322739]
	GetHandleVerifier [0x00007FF62E0D69FA+180890]
	GetHandleVerifier [0x00007FF62E0DE0FF+211359]
	GetHandleVerifier [0x00007FF62E0C5274+109332]
	GetHandleVerifier [0x00007FF62E0C5422+109762]
	GetHandleVerifier [0x00007FF62E0ABA39+4825]
	BaseThreadInitThunk [0x00007FFEB441E8D7+23]
	RtlUserThreadStart [0x00007FFEB63914FC+44]

2025-05-09 13:15:00,569 - INFO - Attempting to fetch section 3 details (Attempt 3/3)
2025-05-09 13:15:05,165 - ERROR - Error processing section 4: Message: 
Stacktrace:
	GetHandleVerifier [0x00007FF62E0BCF25+75717]
	GetHandleVerifier [0x00007FF62E0BCF80+75808]
	(No symbol) [0x00007FF62DE88F9A]
	(No symbol) [0x00007FF62DEDF4C6]
	(No symbol) [0x00007FF62DEDF77C]
	(No symbol) [0x00007FF62DF32577]
	(No symbol) [0x00007FF62DF073BF]
	(No symbol) [0x00007FF62DF2F39C]
	(No symbol) [0x00007FF62DF07153]
	(No symbol) [0x00007FF62DED0421]
	(No symbol) [0x00007FF62DED11B3]
	GetHandleVerifier [0x00007FF62E3BD6FD+3223453]
	GetHandleVerifier [0x00007FF62E3B7CA2+3200322]
	GetHandleVerifier [0x00007FF62E3D5AD3+3322739]
	GetHandleVerifier [0x00007FF62E0D69FA+180890]
	GetHandleVerifier [0x00007FF62E0DE0FF+211359]
	GetHandleVerifier [0x00007FF62E0C5274+109332]
	GetHandleVerifier [0x00007FF62E0C5422+109762]
	GetHandleVerifier [0x00007FF62E0ABA39+4825]
	BaseThreadInitThunk [0x00007FFEB441E8D7+23]
	RtlUserThreadStart [0x00007FFEB63914FC+44]

2025-05-09 13:15:05,165 - ERROR - Could not fetch details for section 4
2025-05-09 13:15:07,181 - INFO - 
Processing details for Section 5
2025-05-09 13:15:07,181 - INFO - Attempting to fetch section 5 details (Attempt 1/3)
2025-05-09 13:15:11,168 - ERROR - Error processing section 3: Message: 
Stacktrace:
	GetHandleVerifier [0x00007FF62E0BCF25+75717]
	GetHandleVerifier [0x00007FF62E0BCF80+75808]
	(No symbol) [0x00007FF62DE88F9A]
	(No symbol) [0x00007FF62DEDF4C6]
	(No symbol) [0x00007FF62DEDF77C]
	(No symbol) [0x00007FF62DF32577]
	(No symbol) [0x00007FF62DF073BF]
	(No symbol) [0x00007FF62DF2F39C]
	(No symbol) [0x00007FF62DF07153]
	(No symbol) [0x00007FF62DED0421]
	(No symbol) [0x00007FF62DED11B3]
	GetHandleVerifier [0x00007FF62E3BD6FD+3223453]
	GetHandleVerifier [0x00007FF62E3B7CA2+3200322]
	GetHandleVerifier [0x00007FF62E3D5AD3+3322739]
	GetHandleVerifier [0x00007FF62E0D69FA+180890]
	GetHandleVerifier [0x00007FF62E0DE0FF+211359]
	GetHandleVerifier [0x00007FF62E0C5274+109332]
	GetHandleVerifier [0x00007FF62E0C5422+109762]
	GetHandleVerifier [0x00007FF62E0ABA39+4825]
	BaseThreadInitThunk [0x00007FFEB441E8D7+23]
	RtlUserThreadStart [0x00007FFEB63914FC+44]

2025-05-09 13:15:11,168 - ERROR - Could not fetch details for section 3
2025-05-09 13:15:13,172 - INFO - 
Processing details for Section 4
2025-05-09 13:15:13,172 - INFO - Attempting to fetch section 4 details (Attempt 1/3)
2025-05-09 13:15:17,793 - ERROR - Error processing section 5: Message: 
Stacktrace:
	GetHandleVerifier [0x00007FF62E0BCF25+75717]
	GetHandleVerifier [0x00007FF62E0BCF80+75808]
	(No symbol) [0x00007FF62DE88F9A]
	(No symbol) [0x00007FF62DEDF4C6]
	(No symbol) [0x00007FF62DEDF77C]
	(No symbol) [0x00007FF62DF32577]
	(No symbol) [0x00007FF62DF073BF]
	(No symbol) [0x00007FF62DF2F39C]
	(No symbol) [0x00007FF62DF07153]
	(No symbol) [0x00007FF62DED0421]
	(No symbol) [0x00007FF62DED11B3]
	GetHandleVerifier [0x00007FF62E3BD6FD+3223453]
	GetHandleVerifier [0x00007FF62E3B7CA2+3200322]
	GetHandleVerifier [0x00007FF62E3D5AD3+3322739]
	GetHandleVerifier [0x00007FF62E0D69FA+180890]
	GetHandleVerifier [0x00007FF62E0DE0FF+211359]
	GetHandleVerifier [0x00007FF62E0C5274+109332]
	GetHandleVerifier [0x00007FF62E0C5422+109762]
	GetHandleVerifier [0x00007FF62E0ABA39+4825]
	BaseThreadInitThunk [0x00007FFEB441E8D7+23]
	RtlUserThreadStart [0x00007FFEB63914FC+44]

2025-05-09 13:15:22,802 - INFO - Attempting to fetch section 5 details (Attempt 2/3)
2025-05-09 13:15:23,766 - ERROR - Error processing section 4: Message: 
Stacktrace:
	GetHandleVerifier [0x00007FF62E0BCF25+75717]
	GetHandleVerifier [0x00007FF62E0BCF80+75808]
	(No symbol) [0x00007FF62DE88F9A]
	(No symbol) [0x00007FF62DEDF4C6]
	(No symbol) [0x00007FF62DEDF77C]
	(No symbol) [0x00007FF62DF32577]
	(No symbol) [0x00007FF62DF073BF]
	(No symbol) [0x00007FF62DF2F39C]
	(No symbol) [0x00007FF62DF07153]
	(No symbol) [0x00007FF62DED0421]
	(No symbol) [0x00007FF62DED11B3]
	GetHandleVerifier [0x00007FF62E3BD6FD+3223453]
	GetHandleVerifier [0x00007FF62E3B7CA2+3200322]
	GetHandleVerifier [0x00007FF62E3D5AD3+3322739]
	GetHandleVerifier [0x00007FF62E0D69FA+180890]
	GetHandleVerifier [0x00007FF62E0DE0FF+211359]
	GetHandleVerifier [0x00007FF62E0C5274+109332]
	GetHandleVerifier [0x00007FF62E0C5422+109762]
	GetHandleVerifier [0x00007FF62E0ABA39+4825]
	BaseThreadInitThunk [0x00007FFEB441E8D7+23]
	RtlUserThreadStart [0x00007FFEB63914FC+44]

2025-05-09 13:15:28,775 - INFO - Attempting to fetch section 4 details (Attempt 2/3)
2025-05-09 13:15:33,302 - WARNING - Retrying (Retry(total=2, connect=None, read=None, redirect=None, status=None)) after connection broken by 'ProtocolError('Connection aborted.', ConnectionResetError(10054, 'An existing connection was forcibly closed by the remote host', None, 10054, None))': /session/0cd59d5558dba04f1ea00294983f555c
2025-05-09 13:15:33,384 - ERROR - Error processing section 5: Message: 
Stacktrace:
	GetHandleVerifier [0x00007FF62E0BCF25+75717]
	GetHandleVerifier [0x00007FF62E0BCF80+75808]
	(No symbol) [0x00007FF62DE88F9A]
	(No symbol) [0x00007FF62DEDF4C6]
	(No symbol) [0x00007FF62DEDF77C]
	(No symbol) [0x00007FF62DF32577]
	(No symbol) [0x00007FF62DF073BF]
	(No symbol) [0x00007FF62DF2F39C]
	(No symbol) [0x00007FF62DF07153]
	(No symbol) [0x00007FF62DED0421]
	(No symbol) [0x00007FF62DED11B3]
	GetHandleVerifier [0x00007FF62E3BD6FD+3223453]
	GetHandleVerifier [0x00007FF62E3B7CA2+3200322]
	GetHandleVerifier [0x00007FF62E3D5AD3+3322739]
	GetHandleVerifier [0x00007FF62E0D69FA+180890]
	GetHandleVerifier [0x00007FF62E0DE0FF+211359]
	GetHandleVerifier [0x00007FF62E0C5274+109332]
	GetHandleVerifier [0x00007FF62E0C5422+109762]
	GetHandleVerifier [0x00007FF62E0ABA39+4825]
	BaseThreadInitThunk [0x00007FFEB441E8D7+23]
	RtlUserThreadStart [0x00007FFEB63914FC+44]

2025-05-09 13:15:37,420 - WARNING - Retrying (Retry(total=1, connect=None, read=None, redirect=None, status=None)) after connection broken by 'NewConnectionError('<urllib3.connection.HTTPConnection object at 0x0000027FEAF65100>: Failed to establish a new connection: [WinError 10061] No connection could be made because the target machine actively refused it')': /session/0cd59d5558dba04f1ea00294983f555c
2025-05-09 13:15:38,393 - INFO - Attempting to fetch section 5 details (Attempt 3/3)
2025-05-09 13:15:41,518 - WARNING - Retrying (Retry(total=0, connect=None, read=None, redirect=None, status=None)) after connection broken by 'NewConnectionError('<urllib3.connection.HTTPConnection object at 0x0000027FEAF652B0>: Failed to establish a new connection: [WinError 10061] No connection could be made because the target machine actively refused it')': /session/0cd59d5558dba04f1ea00294983f555c
2025-05-09 13:15:48,971 - ERROR - Error processing section 5: Message: 
Stacktrace:
	GetHandleVerifier [0x00007FF62E0BCF25+75717]
	GetHandleVerifier [0x00007FF62E0BCF80+75808]
	(No symbol) [0x00007FF62DE88F9A]
	(No symbol) [0x00007FF62DEDF4C6]
	(No symbol) [0x00007FF62DEDF77C]
	(No symbol) [0x00007FF62DF32577]
	(No symbol) [0x00007FF62DF073BF]
	(No symbol) [0x00007FF62DF2F39C]
	(No symbol) [0x00007FF62DF07153]
	(No symbol) [0x00007FF62DED0421]
	(No symbol) [0x00007FF62DED11B3]
	GetHandleVerifier [0x00007FF62E3BD6FD+3223453]
	GetHandleVerifier [0x00007FF62E3B7CA2+3200322]
	GetHandleVerifier [0x00007FF62E3D5AD3+3322739]
	GetHandleVerifier [0x00007FF62E0D69FA+180890]
	GetHandleVerifier [0x00007FF62E0DE0FF+211359]
	GetHandleVerifier [0x00007FF62E0C5274+109332]
	GetHandleVerifier [0x00007FF62E0C5422+109762]
	GetHandleVerifier [0x00007FF62E0ABA39+4825]
	BaseThreadInitThunk [0x00007FFEB441E8D7+23]
	RtlUserThreadStart [0x00007FFEB63914FC+44]

2025-05-09 13:15:48,971 - ERROR - Could not fetch details for section 5
2025-05-09 13:15:50,983 - INFO - 
Processing details for Section 6
2025-05-09 13:15:50,992 - INFO - Attempting to fetch section 6 details (Attempt 1/3)
2025-05-09 13:16:39,854 - INFO - Starting IPC sections scraping...
2025-05-09 13:16:41,308 - INFO - Fetching main sections page...
2025-05-09 13:16:43,781 - INFO - Found section 1: Section 1
2025-05-09 13:16:43,781 - INFO - Found section 2: Section 2
2025-05-09 13:16:43,781 - INFO - Found section 3: Section 3
2025-05-09 13:16:43,781 - INFO - Found section 4: Section 4
2025-05-09 13:16:43,781 - INFO - Found section 5: Section 5
2025-05-09 13:16:43,781 - INFO - Found section 6: Section 6
2025-05-09 13:16:43,781 - INFO - Found section 7: Section 7
2025-05-09 13:16:43,781 - INFO - Found section 8: Section 8
2025-05-09 13:16:43,781 - INFO - Found section 9: Section 9
2025-05-09 13:16:43,781 - INFO - Found section 10: Section 10
2025-05-09 13:16:43,781 - INFO - Found section 11: Section 11
2025-05-09 13:16:43,781 - INFO - Found section 12: Section 12
2025-05-09 13:16:43,781 - INFO - Found section 13: Section 13
2025-05-09 13:16:43,781 - INFO - Found section 14: Section 14
2025-05-09 13:16:43,781 - INFO - Found section 15: Section 15
2025-05-09 13:16:43,781 - INFO - Found section 16: Section 16
2025-05-09 13:16:43,781 - INFO - Found section 17: Section 17
2025-05-09 13:16:43,781 - INFO - Found section 18: Section 18
2025-05-09 13:16:43,781 - INFO - Found section 19: Section 19
2025-05-09 13:16:43,789 - INFO - Found section 20: Section 20
2025-05-09 13:16:43,789 - INFO - Found section 21: Section 21
2025-05-09 13:16:43,789 - INFO - Found section 22: Section 22
2025-05-09 13:16:43,789 - INFO - Found section 23: Section 23
2025-05-09 13:16:43,789 - INFO - Found section 24: Section 24
2025-05-09 13:16:43,791 - INFO - Found section 25: Section 25
2025-05-09 13:16:43,791 - INFO - Found section 26: Section 26
2025-05-09 13:16:43,791 - INFO - Found section 27: Section 27
2025-05-09 13:16:43,791 - INFO - Found section 28: Section 28
2025-05-09 13:16:43,791 - INFO - Found section 29: Section 29
2025-05-09 13:16:43,791 - INFO - Found section 30: Section 30
2025-05-09 13:16:43,791 - INFO - Found section 31: Section 31
2025-05-09 13:16:43,791 - INFO - Found section 32: Section 32
2025-05-09 13:16:43,791 - INFO - Found section 33: Section 33
2025-05-09 13:16:43,791 - INFO - Found section 34: Section 34
2025-05-09 13:16:43,791 - INFO - Found section 35: Section 35
2025-05-09 13:16:43,791 - INFO - Found section 36: Section 36
2025-05-09 13:16:43,791 - INFO - Found section 37: Section 37
2025-05-09 13:16:43,791 - INFO - Found section 38: Section 38
2025-05-09 13:16:43,791 - INFO - Found section 39: Section 39
2025-05-09 13:16:43,791 - INFO - Found section 40: Section 40
2025-05-09 13:16:43,791 - INFO - Found section 41: Section 41
2025-05-09 13:16:43,791 - INFO - Found section 42: Section 42
2025-05-09 13:16:43,791 - INFO - Found section 43: Section 43
2025-05-09 13:16:43,791 - INFO - Found section 44: Section 44
2025-05-09 13:16:43,791 - INFO - Found section 45: Section 45
2025-05-09 13:16:43,791 - INFO - Found section 46: Section 46
2025-05-09 13:16:43,791 - INFO - Found section 47: Section 47
2025-05-09 13:16:43,791 - INFO - Found section 48: Section 48
2025-05-09 13:16:43,791 - INFO - Found section 49: Section 49
2025-05-09 13:16:43,791 - INFO - Found section 50: Section 50
2025-05-09 13:16:43,791 - INFO - Found section 51: Section 51
2025-05-09 13:16:43,791 - INFO - Found section 52: Section 52
2025-05-09 13:16:43,791 - INFO - Found section 53: Section 53
2025-05-09 13:16:43,791 - INFO - Found section 54: Section 54
2025-05-09 13:16:43,791 - INFO - Found section 55: Section 55
2025-05-09 13:16:43,791 - INFO - Found section 56: Section 56
2025-05-09 13:16:43,791 - INFO - Found section 57: Section 57
2025-05-09 13:16:43,791 - INFO - Found section 58: Section 58
2025-05-09 13:16:43,798 - INFO - Found section 59: Section 59
2025-05-09 13:16:43,798 - INFO - Found section 60: Section 60
2025-05-09 13:16:43,798 - INFO - Found section 61: Section 61
2025-05-09 13:16:43,798 - INFO - Found section 62: Section 62
2025-05-09 13:16:43,798 - INFO - Found section 63: Section 63
2025-05-09 13:16:43,798 - INFO - Found section 64: Section 64
2025-05-09 13:16:43,798 - INFO - Found section 65: Section 65
2025-05-09 13:16:43,798 - INFO - Found section 66: Section 66
2025-05-09 13:16:43,800 - INFO - Found section 67: Section 67
2025-05-09 13:16:43,800 - INFO - Found section 68: Section 68
2025-05-09 13:16:43,800 - INFO - Found section 69: Section 69
2025-05-09 13:16:43,800 - INFO - Found section 70: Section 70
2025-05-09 13:16:43,800 - INFO - Found section 71: Section 71
2025-05-09 13:16:43,800 - INFO - Found section 72: Section 72
2025-05-09 13:16:43,800 - INFO - Found section 73: Section 73
2025-05-09 13:16:43,800 - INFO - Found section 74: Section 74
2025-05-09 13:16:43,800 - INFO - Found section 75: Section 75
2025-05-09 13:16:43,800 - INFO - Found section 76: Section 76
2025-05-09 13:16:43,800 - INFO - Found section 77: Section 77
2025-05-09 13:16:43,800 - INFO - Found section 78: Section 78
2025-05-09 13:16:43,800 - INFO - Found section 79: Section 79
2025-05-09 13:16:43,800 - INFO - Found section 80: Section 80
2025-05-09 13:16:43,800 - INFO - Found section 81: Section 81
2025-05-09 13:16:43,800 - INFO - Found section 82: Section 82
2025-05-09 13:16:43,800 - INFO - Found section 83: Section 83
2025-05-09 13:16:43,800 - INFO - Found section 84: Section 84
2025-05-09 13:16:43,800 - INFO - Found section 85: Section 85
2025-05-09 13:16:43,800 - INFO - Found section 86: Section 86
2025-05-09 13:16:43,800 - INFO - Found section 87: Section 87
2025-05-09 13:16:43,800 - INFO - Found section 88: Section 88
2025-05-09 13:16:43,800 - INFO - Found section 89: Section 89
2025-05-09 13:16:43,800 - INFO - Found section 90: Section 90
2025-05-09 13:16:43,800 - INFO - Found section 91: Section 91
2025-05-09 13:16:43,800 - INFO - Found section 92: Section 92
2025-05-09 13:16:43,806 - INFO - Found section 93: Section 93
2025-05-09 13:16:43,806 - INFO - Found section 94: Section 94
2025-05-09 13:16:43,806 - INFO - Found section 95: Section 95
2025-05-09 13:16:43,806 - INFO - Found section 96: Section 96
2025-05-09 13:16:43,806 - INFO - Found section 97: Section 97
2025-05-09 13:16:43,806 - INFO - Found section 98: Section 98
2025-05-09 13:16:43,806 - INFO - Found section 99: Section 99
2025-05-09 13:16:43,808 - INFO - Found section 100: Section 100
2025-05-09 13:16:43,808 - INFO - Found section 101: Section 101
2025-05-09 13:16:43,808 - INFO - Found section 102: Section 102
2025-05-09 13:16:43,808 - INFO - Found section 103: Section 103
2025-05-09 13:16:43,808 - INFO - Found section 104: Section 104
2025-05-09 13:16:43,808 - INFO - Found section 105: Section 105
2025-05-09 13:16:43,808 - INFO - Found section 106: Section 106
2025-05-09 13:16:43,808 - INFO - Found section 107: Section 107
2025-05-09 13:16:43,808 - INFO - Found section 108: Section 108
2025-05-09 13:16:43,808 - INFO - Found section 109: Section 109
2025-05-09 13:16:43,808 - INFO - Found section 110: Section 110
2025-05-09 13:16:43,808 - INFO - Found section 111: Section 111
2025-05-09 13:16:43,808 - INFO - Found section 112: Section 112
2025-05-09 13:16:43,808 - INFO - Found section 113: Section 113
2025-05-09 13:16:43,808 - INFO - Found section 114: Section 114
2025-05-09 13:16:43,808 - INFO - Found section 115: Section 115
2025-05-09 13:16:43,808 - INFO - Found section 116: Section 116
2025-05-09 13:16:43,808 - INFO - Found section 117: Section 117
2025-05-09 13:16:43,808 - INFO - Found section 118: Section 118
2025-05-09 13:16:43,808 - INFO - Found section 119: Section 119
2025-05-09 13:16:43,808 - INFO - Found section 120: Section 120
2025-05-09 13:16:43,808 - INFO - Found section 121: Section 121
2025-05-09 13:16:43,808 - INFO - Found section 122: Section 122
2025-05-09 13:16:43,808 - INFO - Found section 123: Section 123
2025-05-09 13:16:43,808 - INFO - Found section 124: Section 124
2025-05-09 13:16:43,808 - INFO - Found section 125: Section 125
2025-05-09 13:16:43,814 - INFO - Found section 126: Section 126
2025-05-09 13:16:43,814 - INFO - Found section 127: Section 127
2025-05-09 13:16:43,814 - INFO - Found section 128: Section 128
2025-05-09 13:16:43,814 - INFO - Found section 129: Section 129
2025-05-09 13:16:43,814 - INFO - Found section 130: Section 130
2025-05-09 13:16:43,814 - INFO - Found section 131: Section 131
2025-05-09 13:16:43,814 - INFO - Found section 132: Section 132
2025-05-09 13:16:43,814 - INFO - Found section 133: Section 133
2025-05-09 13:16:43,814 - INFO - Found section 134: Section 134
2025-05-09 13:16:43,814 - INFO - Found section 135: Section 135
2025-05-09 13:16:43,814 - INFO - Found section 136: Section 136
2025-05-09 13:16:43,814 - INFO - Found section 137: Section 137
2025-05-09 13:16:43,814 - INFO - Found section 138: Section 138
2025-05-09 13:16:43,814 - INFO - Found section 139: Section 139
2025-05-09 13:16:43,814 - INFO - Found section 140: Section 140
2025-05-09 13:16:43,814 - INFO - Found section 141: Section 141
2025-05-09 13:16:43,814 - INFO - Found section 142: Section 142
2025-05-09 13:16:43,814 - INFO - Found section 143: Section 143
2025-05-09 13:16:43,814 - INFO - Found section 144: Section 144
2025-05-09 13:16:43,819 - INFO - Found section 145: Section 145
2025-05-09 13:16:43,819 - INFO - Found section 146: Section 146
2025-05-09 13:16:43,819 - INFO - Found section 147: Section 147
2025-05-09 13:16:43,819 - INFO - Found section 148: Section 148
2025-05-09 13:16:43,819 - INFO - Found section 149: Section 149
2025-05-09 13:16:43,819 - INFO - Found section 150: Section 150
2025-05-09 13:16:43,819 - INFO - Found section 151: Section 151
2025-05-09 13:16:43,819 - INFO - Found section 152: Section 152
2025-05-09 13:16:43,819 - INFO - Found section 153: Section 153
2025-05-09 13:16:43,819 - INFO - Found section 154: Section 154
2025-05-09 13:16:43,819 - INFO - Found section 155: Section 155
2025-05-09 13:16:43,819 - INFO - Found section 156: Section 156
2025-05-09 13:16:43,819 - INFO - Found section 157: Section 157
2025-05-09 13:16:43,819 - INFO - Found section 158: Section 158
2025-05-09 13:16:43,819 - INFO - Found section 159: Section 159
2025-05-09 13:16:43,819 - INFO - Found section 160: Section 160
2025-05-09 13:16:43,819 - INFO - Found section 161: Section 161
2025-05-09 13:16:43,819 - INFO - Found section 162: Section 162
2025-05-09 13:16:43,819 - INFO - Found section 163: Section 163
2025-05-09 13:16:43,823 - INFO - Found section 164: Section 164
2025-05-09 13:16:43,823 - INFO - Found section 165: Section 165
2025-05-09 13:16:43,823 - INFO - Found section 166: Section 166
2025-05-09 13:16:43,823 - INFO - Found section 167: Section 167
2025-05-09 13:16:43,823 - INFO - Found section 168: Section 168
2025-05-09 13:16:43,823 - INFO - Found section 169: Section 169
2025-05-09 13:16:43,823 - INFO - Found section 170: Section 170
2025-05-09 13:16:43,823 - INFO - Found section 171: Section 171
2025-05-09 13:16:43,823 - INFO - Found section 172: Section 172
2025-05-09 13:16:43,823 - INFO - Found section 173: Section 173
2025-05-09 13:16:43,823 - INFO - Found section 174: Section 174
2025-05-09 13:16:43,823 - INFO - Found section 175: Section 175
2025-05-09 13:16:43,823 - INFO - Found section 176: Section 176
2025-05-09 13:16:43,826 - INFO - Found section 177: Section 177
2025-05-09 13:16:43,826 - INFO - Found section 178: Section 178
2025-05-09 13:16:43,826 - INFO - Found section 179: Section 179
2025-05-09 13:16:43,826 - INFO - Found section 180: Section 180
2025-05-09 13:16:43,826 - INFO - Found section 181: Section 181
2025-05-09 13:16:43,826 - INFO - Found section 182: Section 182
2025-05-09 13:16:43,826 - INFO - Found section 183: Section 183
2025-05-09 13:16:43,826 - INFO - Found section 184: Section 184
2025-05-09 13:16:43,826 - INFO - Found section 185: Section 185
2025-05-09 13:16:43,826 - INFO - Found section 186: Section 186
2025-05-09 13:16:43,826 - INFO - Found section 187: Section 187
2025-05-09 13:16:43,826 - INFO - Found section 188: Section 188
2025-05-09 13:16:43,826 - INFO - Found section 189: Section 189
2025-05-09 13:16:43,826 - INFO - Found section 190: Section 190
2025-05-09 13:16:43,831 - INFO - Found section 191: Section 191
2025-05-09 13:16:43,831 - INFO - Found section 192: Section 192
2025-05-09 13:16:43,831 - INFO - Found section 193: Section 193
2025-05-09 13:16:43,831 - INFO - Found section 194: Section 194
2025-05-09 13:16:43,831 - INFO - Found section 195: Section 195
2025-05-09 13:16:43,831 - INFO - Found section 196: Section 196
2025-05-09 13:16:43,831 - INFO - Found section 197: Section 197
2025-05-09 13:16:43,831 - INFO - Found section 198: Section 198
2025-05-09 13:16:43,831 - INFO - Found section 199: Section 199
2025-05-09 13:16:43,831 - INFO - Found section 200: Section 200
2025-05-09 13:16:43,831 - INFO - Found section 201: Section 201
2025-05-09 13:16:43,834 - INFO - Found section 202: Section 202
2025-05-09 13:16:43,834 - INFO - Found section 203: Section 203
2025-05-09 13:16:43,834 - INFO - Found section 204: Section 204
2025-05-09 13:16:43,835 - INFO - Found section 205: Section 205
2025-05-09 13:16:43,835 - INFO - Found section 206: Section 206
2025-05-09 13:16:43,835 - INFO - Found section 207: Section 207
2025-05-09 13:16:43,835 - INFO - Found section 208: Section 208
2025-05-09 13:16:43,835 - INFO - Found section 209: Section 209
2025-05-09 13:16:43,835 - INFO - Found section 210: Section 210
2025-05-09 13:16:43,835 - INFO - Found section 211: Section 211
2025-05-09 13:16:43,835 - INFO - Found section 212: Section 212
2025-05-09 13:16:43,835 - INFO - Found section 213: Section 213
2025-05-09 13:16:43,835 - INFO - Found section 214: Section 214
2025-05-09 13:16:43,835 - INFO - Found section 215: Section 215
2025-05-09 13:16:43,835 - INFO - Found section 216: Section 216
2025-05-09 13:16:43,835 - INFO - Found section 217: Section 217
2025-05-09 13:16:43,835 - INFO - Found section 218: Section 218
2025-05-09 13:16:43,835 - INFO - Found section 219: Section 219
2025-05-09 13:16:43,835 - INFO - Found section 220: Section 220
2025-05-09 13:16:43,835 - INFO - Found section 221: Section 221
2025-05-09 13:16:43,835 - INFO - Found section 222: Section 222
2025-05-09 13:16:43,835 - INFO - Found section 223: Section 223
2025-05-09 13:16:43,839 - INFO - Found section 224: Section 224
2025-05-09 13:16:43,839 - INFO - Found section 225: Section 225
2025-05-09 13:16:43,839 - INFO - Found section 226: Section 226
2025-05-09 13:16:43,839 - INFO - Found section 227: Section 227
2025-05-09 13:16:43,839 - INFO - Found section 228: Section 228
2025-05-09 13:16:43,839 - INFO - Found section 229: Section 229
2025-05-09 13:16:43,839 - INFO - Found section 230: Section 230
2025-05-09 13:16:43,839 - INFO - Found section 231: Section 231
2025-05-09 13:16:43,839 - INFO - Found section 232: Section 232
2025-05-09 13:16:43,839 - INFO - Found section 233: Section 233
2025-05-09 13:16:43,839 - INFO - Found section 234: Section 234
2025-05-09 13:16:43,839 - INFO - Found section 235: Section 235
2025-05-09 13:16:43,839 - INFO - Found section 236: Section 236
2025-05-09 13:16:43,839 - INFO - Found section 237: Section 237
2025-05-09 13:16:43,839 - INFO - Found section 238: Section 238
2025-05-09 13:16:43,839 - INFO - Found section 239: Section 239
2025-05-09 13:16:43,839 - INFO - Found section 240: Section 240
2025-05-09 13:16:43,839 - INFO - Found section 241: Section 241
2025-05-09 13:16:43,839 - INFO - Found section 242: Section 242
2025-05-09 13:16:43,839 - INFO - Found section 243: Section 243
2025-05-09 13:16:43,839 - INFO - Found section 244: Section 244
2025-05-09 13:16:43,839 - INFO - Found section 245: Section 245
2025-05-09 13:16:43,839 - INFO - Found section 246: Section 246
2025-05-09 13:16:43,839 - INFO - Found section 247: Section 247
2025-05-09 13:16:43,839 - INFO - Found section 248: Section 248
2025-05-09 13:16:43,839 - INFO - Found section 249: Section 249
2025-05-09 13:16:43,839 - INFO - Found section 250: Section 250
2025-05-09 13:16:43,839 - INFO - Found section 251: Section 251
2025-05-09 13:16:43,839 - INFO - Found section 252: Section 252
2025-05-09 13:16:43,839 - INFO - Found section 253: Section 253
2025-05-09 13:16:43,839 - INFO - Found section 254: Section 254
2025-05-09 13:16:43,839 - INFO - Found section 255: Section 255
2025-05-09 13:16:43,839 - INFO - Found section 256: Section 256
2025-05-09 13:16:43,839 - INFO - Found section 257: Section 257
2025-05-09 13:16:43,839 - INFO - Found section 258: Section 258
2025-05-09 13:16:43,839 - INFO - Found section 259: Section 259
2025-05-09 13:16:43,848 - INFO - Found section 260: Section 260
2025-05-09 13:16:43,848 - INFO - Found section 261: Section 261
2025-05-09 13:16:43,848 - INFO - Found section 262: Section 262
2025-05-09 13:16:43,848 - INFO - Found section 263: Section 263
2025-05-09 13:16:43,848 - INFO - Found section 264: Section 264
2025-05-09 13:16:43,848 - INFO - Found section 265: Section 265
2025-05-09 13:16:43,848 - INFO - Found section 266: Section 266
2025-05-09 13:16:43,848 - INFO - Found section 267: Section 267
2025-05-09 13:16:43,850 - INFO - Found section 268: Section 268
2025-05-09 13:16:43,850 - INFO - Found section 269: Section 269
2025-05-09 13:16:43,850 - INFO - Found section 270: Section 270
2025-05-09 13:16:43,850 - INFO - Found section 271: Section 271
2025-05-09 13:16:43,850 - INFO - Found section 272: Section 272
2025-05-09 13:16:43,850 - INFO - Found section 273: Section 273
2025-05-09 13:16:43,850 - INFO - Found section 274: Section 274
2025-05-09 13:16:43,850 - INFO - Found section 275: Section 275
2025-05-09 13:16:43,850 - INFO - Found section 276: Section 276
2025-05-09 13:16:43,850 - INFO - Found section 277: Section 277
2025-05-09 13:16:43,850 - INFO - Found section 278: Section 278
2025-05-09 13:16:43,854 - INFO - Found section 279: Section 279
2025-05-09 13:16:43,854 - INFO - Found section 280: Section 280
2025-05-09 13:16:43,854 - INFO - Found section 281: Section 281
2025-05-09 13:16:43,854 - INFO - Found section 282: Section 282
2025-05-09 13:16:43,854 - INFO - Found section 283: Section 283
2025-05-09 13:16:43,854 - INFO - Found section 284: Section 284
2025-05-09 13:16:43,854 - INFO - Found section 285: Section 285
2025-05-09 13:16:43,854 - INFO - Found section 286: Section 286
2025-05-09 13:16:43,856 - INFO - Found section 287: Section 287
2025-05-09 13:16:43,856 - INFO - Found section 288: Section 288
2025-05-09 13:16:43,856 - INFO - Found section 289: Section 289
2025-05-09 13:16:43,856 - INFO - Found section 290: Section 290
2025-05-09 13:16:43,856 - INFO - Found section 291: Section 291
2025-05-09 13:16:43,858 - INFO - Found section 292: Section 292
2025-05-09 13:16:43,858 - INFO - Found section 293: Section 293
2025-05-09 13:16:43,858 - INFO - Found section 294: Section 294
2025-05-09 13:16:43,858 - INFO - Found section 295: Section 295
2025-05-09 13:16:43,858 - INFO - Found section 296: Section 296
2025-05-09 13:16:43,858 - INFO - Found section 297: Section 297
2025-05-09 13:16:43,858 - INFO - Found section 298: Section 298
2025-05-09 13:16:43,858 - INFO - Found section 299: Section 299
2025-05-09 13:16:43,858 - INFO - Found section 300: Section 300
2025-05-09 13:16:43,858 - INFO - Found section 301: Section 301
2025-05-09 13:16:43,858 - INFO - Found section 302: Section 302
2025-05-09 13:16:43,858 - INFO - Found section 303: Section 303
2025-05-09 13:16:43,858 - INFO - Found section 304: Section 304
2025-05-09 13:16:43,858 - INFO - Found section 305: Section 305
2025-05-09 13:16:43,858 - INFO - Found section 306: Section 306
2025-05-09 13:16:43,858 - INFO - Found section 307: Section 307
2025-05-09 13:16:43,858 - INFO - Found section 308: Section 308
2025-05-09 13:16:43,858 - INFO - Found section 309: Section 309
2025-05-09 13:16:43,858 - INFO - Found section 310: Section 310
2025-05-09 13:16:43,858 - INFO - Found section 311: Section 311
2025-05-09 13:16:43,858 - INFO - Found section 312: Section 312
2025-05-09 13:16:43,858 - INFO - Found section 313: Section 313
2025-05-09 13:16:43,858 - INFO - Found section 314: Section 314
2025-05-09 13:16:43,858 - INFO - Found section 315: Section 315
2025-05-09 13:16:43,858 - INFO - Found section 316: Section 316
2025-05-09 13:16:43,858 - INFO - Found section 317: Section 317
2025-05-09 13:16:43,858 - INFO - Found section 318: Section 318
2025-05-09 13:16:43,858 - INFO - Found section 319: Section 319
2025-05-09 13:16:43,858 - INFO - Found section 320: Section 320
2025-05-09 13:16:43,864 - INFO - Found section 321: Section 321
2025-05-09 13:16:43,864 - INFO - Found section 322: Section 322
2025-05-09 13:16:43,864 - INFO - Found section 323: Section 323
2025-05-09 13:16:43,864 - INFO - Found section 324: Section 324
2025-05-09 13:16:43,864 - INFO - Found section 325: Section 325
2025-05-09 13:16:43,864 - INFO - Found section 326: Section 326
2025-05-09 13:16:43,864 - INFO - Found section 327: Section 327
2025-05-09 13:16:43,864 - INFO - Found section 328: Section 328
2025-05-09 13:16:43,864 - INFO - Found section 329: Section 329
2025-05-09 13:16:43,864 - INFO - Found section 330: Section 330
2025-05-09 13:16:43,864 - INFO - Found section 331: Section 331
2025-05-09 13:16:43,864 - INFO - Found section 332: Section 332
2025-05-09 13:16:43,864 - INFO - Found section 333: Section 333
2025-05-09 13:16:43,864 - INFO - Found section 334: Section 334
2025-05-09 13:16:43,864 - INFO - Found section 335: Section 335
2025-05-09 13:16:43,864 - INFO - Found section 336: Section 336
2025-05-09 13:16:43,864 - INFO - Found section 337: Section 337
2025-05-09 13:16:43,864 - INFO - Found section 338: Section 338
2025-05-09 13:16:43,864 - INFO - Found section 339: Section 339
2025-05-09 13:16:43,864 - INFO - Found section 340: Section 340
2025-05-09 13:16:43,864 - INFO - Found section 341: Section 341
2025-05-09 13:16:43,864 - INFO - Found section 342: Section 342
2025-05-09 13:16:43,864 - INFO - Found section 343: Section 343
2025-05-09 13:16:43,864 - INFO - Found section 344: Section 344
2025-05-09 13:16:43,864 - INFO - Found section 345: Section 345
2025-05-09 13:16:43,864 - INFO - Found section 346: Section 346
2025-05-09 13:16:43,864 - INFO - Found section 347: Section 347
2025-05-09 13:16:43,864 - INFO - Found section 348: Section 348
2025-05-09 13:16:43,864 - INFO - Found section 349: Section 349
2025-05-09 13:16:43,864 - INFO - Found section 350: Section 350
2025-05-09 13:16:43,864 - INFO - Found section 351: Section 351
2025-05-09 13:16:43,864 - INFO - Found section 352: Section 352
2025-05-09 13:16:43,864 - INFO - Found section 353: Section 353
2025-05-09 13:16:43,873 - INFO - Found section 354: Section 354
2025-05-09 13:16:43,873 - INFO - Found section 355: Section 355
2025-05-09 13:16:43,873 - INFO - Found section 356: Section 356
2025-05-09 13:16:43,873 - INFO - Found section 357: Section 357
2025-05-09 13:16:43,873 - INFO - Found section 358: Section 358
2025-05-09 13:16:43,873 - INFO - Found section 359: Section 359
2025-05-09 13:16:43,873 - INFO - Found section 360: Section 360
2025-05-09 13:16:43,873 - INFO - Found section 361: Section 361
2025-05-09 13:16:43,873 - INFO - Found section 362: Section 362
2025-05-09 13:16:43,875 - INFO - Found section 363: Section 363
2025-05-09 13:16:43,875 - INFO - Found section 364: Section 364
2025-05-09 13:16:43,875 - INFO - Found section 365: Section 365
2025-05-09 13:16:43,875 - INFO - Found section 366: Section 366
2025-05-09 13:16:43,875 - INFO - Found section 367: Section 367
2025-05-09 13:16:43,875 - INFO - Found section 368: Section 368
2025-05-09 13:16:43,875 - INFO - Found section 369: Section 369
2025-05-09 13:16:43,875 - INFO - Found section 370: Section 370
2025-05-09 13:16:43,875 - INFO - Found section 371: Section 371
2025-05-09 13:16:43,875 - INFO - Found section 372: Section 372
2025-05-09 13:16:43,875 - INFO - Found section 373: Section 373
2025-05-09 13:16:43,875 - INFO - Found section 374: Section 374
2025-05-09 13:16:43,875 - INFO - Found section 375: Section 375
2025-05-09 13:16:43,875 - INFO - Found section 376: Section 376
2025-05-09 13:16:43,875 - INFO - Found section 377: Section 377
2025-05-09 13:16:43,875 - INFO - Found section 378: Section 378
2025-05-09 13:16:43,875 - INFO - Found section 379: Section 379
2025-05-09 13:16:43,875 - INFO - Found section 380: Section 380
2025-05-09 13:16:43,875 - INFO - Found section 381: Section 381
2025-05-09 13:16:43,875 - INFO - Found section 382: Section 382
2025-05-09 13:16:43,875 - INFO - Found section 383: Section 383
2025-05-09 13:16:43,875 - INFO - Found section 384: Section 384
2025-05-09 13:16:43,875 - INFO - Found section 385: Section 385
2025-05-09 13:16:43,875 - INFO - Found section 386: Section 386
2025-05-09 13:16:43,875 - INFO - Found section 387: Section 387
2025-05-09 13:16:43,875 - INFO - Found section 388: Section 388
2025-05-09 13:16:43,875 - INFO - Found section 389: Section 389
2025-05-09 13:16:43,875 - INFO - Found section 390: Section 390
2025-05-09 13:16:43,875 - INFO - Found section 391: Section 391
2025-05-09 13:16:43,881 - INFO - Found section 392: Section 392
2025-05-09 13:16:43,881 - INFO - Found section 393: Section 393
2025-05-09 13:16:43,881 - INFO - Found section 394: Section 394
2025-05-09 13:16:43,881 - INFO - Found section 395: Section 395
2025-05-09 13:16:43,881 - INFO - Found section 396: Section 396
2025-05-09 13:16:43,881 - INFO - Found section 397: Section 397
2025-05-09 13:16:43,881 - INFO - Found section 398: Section 398
2025-05-09 13:16:43,881 - INFO - Found section 399: Section 399
2025-05-09 13:16:43,881 - INFO - Found section 400: Section 400
2025-05-09 13:16:43,881 - INFO - Found section 401: Section 401
2025-05-09 13:16:43,881 - INFO - Found section 402: Section 402
2025-05-09 13:16:43,881 - INFO - Found section 403: Section 403
2025-05-09 13:16:43,881 - INFO - Found section 404: Section 404
2025-05-09 13:16:43,881 - INFO - Found section 405: Section 405
2025-05-09 13:16:43,881 - INFO - Found section 406: Section 406
2025-05-09 13:16:43,881 - INFO - Found section 407: Section 407
2025-05-09 13:16:43,881 - INFO - Found section 408: Section 408
2025-05-09 13:16:43,881 - INFO - Found section 409: Section 409
2025-05-09 13:16:43,881 - INFO - Found section 410: Section 410
2025-05-09 13:16:43,881 - INFO - Found section 411: Section 411
2025-05-09 13:16:43,881 - INFO - Found section 412: Section 412
2025-05-09 13:16:43,881 - INFO - Found section 413: Section 413
2025-05-09 13:16:43,881 - INFO - Found section 414: Section 414
2025-05-09 13:16:43,881 - INFO - Found section 415: Section 415
2025-05-09 13:16:43,881 - INFO - Found section 416: Section 416
2025-05-09 13:16:43,881 - INFO - Found section 417: Section 417
2025-05-09 13:16:43,881 - INFO - Found section 418: Section 418
2025-05-09 13:16:43,881 - INFO - Found section 419: Section 419
2025-05-09 13:16:43,881 - INFO - Found section 420: Section 420
2025-05-09 13:16:43,881 - INFO - Found section 421: Section 421
2025-05-09 13:16:43,881 - INFO - Found section 422: Section 422
2025-05-09 13:16:43,881 - INFO - Found section 423: Section 423
2025-05-09 13:16:43,881 - INFO - Found section 424: Section 424
2025-05-09 13:16:43,881 - INFO - Found section 425: Section 425
2025-05-09 13:16:43,881 - INFO - Found section 426: Section 426
2025-05-09 13:16:43,881 - INFO - Found section 427: Section 427
2025-05-09 13:16:43,889 - INFO - Found section 428: Section 428
2025-05-09 13:16:43,889 - INFO - Found section 429: Section 429
2025-05-09 13:16:43,889 - INFO - Found section 430: Section 430
2025-05-09 13:16:43,889 - INFO - Found section 431: Section 431
2025-05-09 13:16:43,889 - INFO - Found section 432: Section 432
2025-05-09 13:16:43,889 - INFO - Found section 433: Section 433
2025-05-09 13:16:43,889 - INFO - Found section 434: Section 434
2025-05-09 13:16:43,889 - INFO - Found section 435: Section 435
2025-05-09 13:16:43,889 - INFO - Found section 436: Section 436
2025-05-09 13:16:43,889 - INFO - Found section 437: Section 437
2025-05-09 13:16:43,889 - INFO - Found section 438: Section 438
2025-05-09 13:16:43,892 - INFO - Found section 439: Section 439
2025-05-09 13:16:43,892 - INFO - Found section 440: Section 440
2025-05-09 13:16:43,892 - INFO - Found section 441: Section 441
2025-05-09 13:16:43,892 - INFO - Found section 442: Section 442
2025-05-09 13:16:43,892 - INFO - Found section 443: Section 443
2025-05-09 13:16:43,892 - INFO - Found section 444: Section 444
2025-05-09 13:16:43,892 - INFO - Found section 445: Section 445
2025-05-09 13:16:43,892 - INFO - Found section 446: Section 446
2025-05-09 13:16:43,892 - INFO - Found section 447: Section 447
2025-05-09 13:16:43,892 - INFO - Found section 448: Section 448
2025-05-09 13:16:43,892 - INFO - Found section 449: Section 449
2025-05-09 13:16:43,892 - INFO - Found section 450: Section 450
2025-05-09 13:16:43,892 - INFO - Found section 451: Section 451
2025-05-09 13:16:43,892 - INFO - Found section 452: Section 452
2025-05-09 13:16:43,892 - INFO - Found section 453: Section 453
2025-05-09 13:16:43,892 - INFO - Found section 454: Section 454
2025-05-09 13:16:43,892 - INFO - Found section 455: Section 455
2025-05-09 13:16:43,892 - INFO - Found section 456: Section 456
2025-05-09 13:16:43,892 - INFO - Found section 457: Section 457
2025-05-09 13:16:43,892 - INFO - Found section 458: Section 458
2025-05-09 13:16:43,892 - INFO - Found section 459: Section 459
2025-05-09 13:16:43,892 - INFO - Found section 460: Section 460
2025-05-09 13:16:43,892 - INFO - Found section 461: Section 461
2025-05-09 13:16:43,892 - INFO - Found section 462: Section 462
2025-05-09 13:16:43,892 - INFO - Found section 463: Section 463
2025-05-09 13:16:43,892 - INFO - Found section 464: Section 464
2025-05-09 13:16:43,892 - INFO - Found section 465: Section 465
2025-05-09 13:16:43,898 - INFO - Found section 466: Section 466
2025-05-09 13:16:43,898 - INFO - Found section 467: Section 467
2025-05-09 13:16:43,898 - INFO - Found section 468: Section 468
2025-05-09 13:16:43,898 - INFO - Found section 469: Section 469
2025-05-09 13:16:43,898 - INFO - Found section 470: Section 470
2025-05-09 13:16:43,898 - INFO - Found section 471: Section 471
2025-05-09 13:16:43,898 - INFO - Found section 472: Section 472
2025-05-09 13:16:43,898 - INFO - Found section 473: Section 473
2025-05-09 13:16:43,898 - INFO - Found section 474: Section 474
2025-05-09 13:16:43,898 - INFO - Found section 475: Section 475
2025-05-09 13:16:43,898 - INFO - Found section 476: Section 476
2025-05-09 13:16:43,898 - INFO - Found section 477: Section 477
2025-05-09 13:16:43,898 - INFO - Found section 478: Section 478
2025-05-09 13:16:43,898 - INFO - Found section 479: Section 479
2025-05-09 13:16:43,898 - INFO - Found section 480: Section 480
2025-05-09 13:16:43,901 - INFO - Found section 481: Section 481
2025-05-09 13:16:43,901 - INFO - Found section 482: Section 482
2025-05-09 13:16:43,901 - INFO - Found section 483: Section 483
2025-05-09 13:16:43,901 - INFO - Found section 484: Section 484
2025-05-09 13:16:43,901 - INFO - Found section 485: Section 485
2025-05-09 13:16:43,901 - INFO - Found section 486: Section 486
2025-05-09 13:16:43,901 - INFO - Found section 487: Section 487
2025-05-09 13:16:43,901 - INFO - Found section 488: Section 488
2025-05-09 13:16:43,901 - INFO - Found section 489: Section 489
2025-05-09 13:16:43,901 - INFO - Found section 490: Section 490
2025-05-09 13:16:43,901 - INFO - Found section 491: Section 491
2025-05-09 13:16:43,901 - INFO - Found section 492: Section 492
2025-05-09 13:16:43,901 - INFO - Found section 493: Section 493
2025-05-09 13:16:43,901 - INFO - Found section 494: Section 494
2025-05-09 13:16:43,901 - INFO - Found section 495: Section 495
2025-05-09 13:16:43,901 - INFO - Found section 496: Section 496
2025-05-09 13:16:43,901 - INFO - Found section 497: Section 497
2025-05-09 13:16:43,901 - INFO - Found section 498: Section 498
2025-05-09 13:16:43,901 - INFO - Found section 499: Section 499
2025-05-09 13:16:43,901 - INFO - Found section 500: Section 500
2025-05-09 13:16:43,906 - INFO - Found section 501: Section 501
2025-05-09 13:16:43,906 - INFO - Found section 502: Section 502
2025-05-09 13:16:43,906 - INFO - Found section 503: Section 503
2025-05-09 13:16:43,907 - INFO - Found section 504: Section 504
2025-05-09 13:16:43,907 - INFO - Found section 505: Section 505
2025-05-09 13:16:43,907 - INFO - Found section 506: Section 506
2025-05-09 13:16:43,907 - INFO - Found section 507: Section 507
2025-05-09 13:16:43,907 - INFO - Found section 508: Section 508
2025-05-09 13:16:43,907 - INFO - Found section 509: Section 509
2025-05-09 13:16:43,907 - INFO - Found section 510: Section 510
2025-05-09 13:16:43,907 - INFO - Found section 511: Section 511
2025-05-09 13:16:43,907 - INFO - Successfully extracted 511 sections from main page
2025-05-09 13:16:43,910 - INFO - 
Processing details for Section 1
2025-05-09 13:16:43,910 - INFO - Attempting to fetch section 1 details (Attempt 1/3)
2025-05-09 13:17:29,781 - ERROR - Error processing section 1: Message: 
Stacktrace:
	GetHandleVerifier [0x00007FF62E0BCF25+75717]
	GetHandleVerifier [0x00007FF62E0BCF80+75808]
	(No symbol) [0x00007FF62DE88F9A]
	(No symbol) [0x00007FF62DEDF4C6]
	(No symbol) [0x00007FF62DEDF77C]
	(No symbol) [0x00007FF62DF32577]
	(No symbol) [0x00007FF62DF073BF]
	(No symbol) [0x00007FF62DF2F39C]
	(No symbol) [0x00007FF62DF07153]
	(No symbol) [0x00007FF62DED0421]
	(No symbol) [0x00007FF62DED11B3]
	GetHandleVerifier [0x00007FF62E3BD6FD+3223453]
	GetHandleVerifier [0x00007FF62E3B7CA2+3200322]
	GetHandleVerifier [0x00007FF62E3D5AD3+3322739]
	GetHandleVerifier [0x00007FF62E0D69FA+180890]
	GetHandleVerifier [0x00007FF62E0DE0FF+211359]
	GetHandleVerifier [0x00007FF62E0C5274+109332]
	GetHandleVerifier [0x00007FF62E0C5422+109762]
	GetHandleVerifier [0x00007FF62E0ABA39+4825]
	BaseThreadInitThunk [0x00007FFEB441E8D7+23]
	RtlUserThreadStart [0x00007FFEB63914FC+44]

2025-05-09 13:17:35,215 - WARNING - Retrying (Retry(total=2, connect=None, read=None, redirect=None, status=None)) after connection broken by 'ProtocolError('Connection aborted.', ConnectionResetError(10054, 'An existing connection was forcibly closed by the remote host', None, 10054, None))': /session/1c907de8442d14b4e6a8c8bf27f63f6d
2025-05-09 13:17:39,282 - WARNING - Retrying (Retry(total=1, connect=None, read=None, redirect=None, status=None)) after connection broken by 'NewConnectionError('<urllib3.connection.HTTPConnection object at 0x00000151B74DE6A0>: Failed to establish a new connection: [WinError 10061] No connection could be made because the target machine actively refused it')': /session/1c907de8442d14b4e6a8c8bf27f63f6d
2025-05-09 13:17:43,359 - WARNING - Retrying (Retry(total=0, connect=None, read=None, redirect=None, status=None)) after connection broken by 'NewConnectionError('<urllib3.connection.HTTPConnection object at 0x00000151B74DE850>: Failed to establish a new connection: [WinError 10061] No connection could be made because the target machine actively refused it')': /session/1c907de8442d14b4e6a8c8bf27f63f6d
2025-05-09 14:56:19,710 - INFO - Successfully connected to MySQL database
2025-05-09 14:56:19,710 - INFO - Fetching main page...
2025-05-09 14:56:25,996 - INFO - Found 575 IPC section links
2025-05-09 14:56:25,996 - INFO - Processing Section 1...
2025-05-09 14:56:30,473 - ERROR - Error processing Section 1: 1062 (23000): Duplicate entry '1' for key 'ipc_sections.section_number'
2025-05-09 14:56:30,473 - INFO - Processing Section 2...
2025-05-09 14:56:33,812 - ERROR - Error processing Section 2: 1062 (23000): Duplicate entry '2' for key 'ipc_sections.section_number'
2025-05-09 14:56:33,812 - INFO - Processing Section 3...
2025-05-09 14:56:39,569 - ERROR - Error processing Section 3: 1062 (23000): Duplicate entry '3' for key 'ipc_sections.section_number'
2025-05-09 14:56:39,570 - INFO - Processing Section 4...
2025-05-09 14:56:45,585 - ERROR - Error processing Section 4: 1062 (23000): Duplicate entry '4' for key 'ipc_sections.section_number'
2025-05-09 14:56:45,585 - INFO - Processing Section 5...
2025-05-09 14:56:49,682 - ERROR - Error processing Section 5: 1062 (23000): Duplicate entry '5' for key 'ipc_sections.section_number'
2025-05-09 14:56:49,682 - INFO - Processing Section 6...
2025-05-09 14:56:55,602 - ERROR - Error processing Section 6: 1062 (23000): Duplicate entry '6' for key 'ipc_sections.section_number'
2025-05-09 14:56:55,605 - INFO - Processing Section 7...
2025-05-09 14:57:01,603 - ERROR - Error processing Section 7: 1062 (23000): Duplicate entry '7' for key 'ipc_sections.section_number'
2025-05-09 14:57:01,603 - INFO - Processing Section 8...
2025-05-09 14:57:07,113 - ERROR - Error processing Section 8: 1062 (23000): Duplicate entry '8' for key 'ipc_sections.section_number'
2025-05-09 14:57:07,121 - INFO - Processing Section 9...
2025-05-09 14:57:12,588 - ERROR - Error processing Section 9: 1062 (23000): Duplicate entry '9' for key 'ipc_sections.section_number'
2025-05-09 14:57:12,588 - INFO - Processing Section 10...
2025-05-09 14:57:19,009 - ERROR - Error processing Section 10: 1062 (23000): Duplicate entry '10' for key 'ipc_sections.section_number'
2025-05-09 14:57:19,009 - INFO - Processing Section 11...
2025-05-09 14:57:22,849 - ERROR - Error processing Section 11: 1062 (23000): Duplicate entry '11' for key 'ipc_sections.section_number'
2025-05-09 14:57:22,849 - INFO - Processing Section 12...
2025-05-09 14:57:28,876 - ERROR - Error processing Section 12: 1062 (23000): Duplicate entry '12' for key 'ipc_sections.section_number'
2025-05-09 14:57:28,877 - INFO - Processing Section 13...
2025-05-09 14:57:34,709 - ERROR - Error processing Section 13: 1062 (23000): Duplicate entry '13' for key 'ipc_sections.section_number'
2025-05-09 14:57:34,709 - INFO - Processing Section 14...
2025-05-09 14:57:39,635 - ERROR - Error processing Section 14: 1062 (23000): Duplicate entry '14' for key 'ipc_sections.section_number'
2025-05-09 14:57:39,635 - INFO - Processing Section 15...
2025-05-09 14:57:42,948 - ERROR - Error processing Section 15: 1062 (23000): Duplicate entry '15' for key 'ipc_sections.section_number'
2025-05-09 14:57:42,948 - INFO - Processing Section 16...
2025-05-09 14:57:49,351 - ERROR - Error processing Section 16: 1062 (23000): Duplicate entry '16' for key 'ipc_sections.section_number'
2025-05-09 14:57:49,351 - INFO - Processing Section 17...
2025-05-09 14:57:55,267 - ERROR - Error processing Section 17: 1062 (23000): Duplicate entry '17' for key 'ipc_sections.section_number'
2025-05-09 14:57:55,267 - INFO - Processing Section 18...
2025-05-09 14:58:01,002 - ERROR - Error processing Section 18: 1062 (23000): Duplicate entry '18' for key 'ipc_sections.section_number'
2025-05-09 14:58:01,002 - INFO - Processing Section 19...
2025-05-09 14:58:04,239 - ERROR - Error processing Section 19: 1062 (23000): Duplicate entry '19' for key 'ipc_sections.section_number'
2025-05-09 14:58:04,239 - INFO - Processing Section 20...
2025-05-09 14:58:07,491 - ERROR - Error processing Section 20: 1062 (23000): Duplicate entry '20' for key 'ipc_sections.section_number'
2025-05-09 14:58:07,491 - INFO - Processing Section 21...
2025-05-09 14:58:12,085 - ERROR - Error processing Section 21: 1062 (23000): Duplicate entry '21' for key 'ipc_sections.section_number'
2025-05-09 14:58:12,085 - INFO - Processing Section 22...
2025-05-09 14:58:17,313 - ERROR - Error processing Section 22: 1062 (23000): Duplicate entry '22' for key 'ipc_sections.section_number'
2025-05-09 14:58:17,313 - INFO - Processing Section 23...
2025-05-09 14:58:20,901 - ERROR - Error processing Section 23: 1062 (23000): Duplicate entry '23' for key 'ipc_sections.section_number'
2025-05-09 14:58:20,901 - INFO - Processing Section 24...
2025-05-09 14:58:25,512 - ERROR - Error processing Section 24: 1062 (23000): Duplicate entry '24' for key 'ipc_sections.section_number'
2025-05-09 14:58:25,512 - INFO - Processing Section 25...
2025-05-09 14:58:30,114 - ERROR - Error processing Section 25: 1062 (23000): Duplicate entry '25' for key 'ipc_sections.section_number'
2025-05-09 14:58:30,114 - INFO - Processing Section 26...
2025-05-09 14:58:33,593 - ERROR - Error processing Section 26: 1062 (23000): Duplicate entry '26' for key 'ipc_sections.section_number'
2025-05-09 14:58:33,593 - INFO - Processing Section 27...
2025-05-09 14:58:37,273 - ERROR - Error processing Section 27: 1062 (23000): Duplicate entry '27' for key 'ipc_sections.section_number'
2025-05-09 14:58:37,273 - INFO - Processing Section 28...
2025-05-09 14:58:41,981 - ERROR - Error processing Section 28: 1062 (23000): Duplicate entry '28' for key 'ipc_sections.section_number'
2025-05-09 14:58:41,981 - INFO - Processing Section 29...
2025-05-09 14:58:47,493 - ERROR - Error processing Section 29: 1062 (23000): Duplicate entry '29' for key 'ipc_sections.section_number'
2025-05-09 14:58:47,493 - INFO - Processing Section 29A...
2025-05-09 14:58:52,331 - ERROR - Error processing Section 29A: 1062 (23000): Duplicate entry '29A' for key 'ipc_sections.section_number'
2025-05-09 14:58:52,340 - INFO - Processing Section 30...
2025-05-09 14:58:56,508 - ERROR - Error processing Section 30: 1062 (23000): Duplicate entry '30' for key 'ipc_sections.section_number'
2025-05-09 14:58:56,508 - INFO - Processing Section 31...
2025-05-09 14:59:02,775 - ERROR - Error processing Section 31: 1062 (23000): Duplicate entry '31' for key 'ipc_sections.section_number'
2025-05-09 14:59:02,775 - INFO - Processing Section 32...
2025-05-09 14:59:08,674 - ERROR - Error processing Section 32: 1062 (23000): Duplicate entry '32' for key 'ipc_sections.section_number'
2025-05-09 14:59:08,674 - INFO - Processing Section 33...
2025-05-09 14:59:13,731 - ERROR - Error processing Section 33: 1062 (23000): Duplicate entry '33' for key 'ipc_sections.section_number'
2025-05-09 14:59:13,731 - INFO - Processing Section 34...
2025-05-09 14:59:19,056 - ERROR - Error processing Section 34: 1062 (23000): Duplicate entry '34' for key 'ipc_sections.section_number'
2025-05-09 14:59:19,056 - INFO - Processing Section 35...
2025-05-09 14:59:22,761 - ERROR - Error processing Section 35: 1062 (23000): Duplicate entry '35' for key 'ipc_sections.section_number'
2025-05-09 14:59:22,761 - INFO - Processing Section 36...
2025-05-09 14:59:26,711 - ERROR - Error processing Section 36: 1062 (23000): Duplicate entry '36' for key 'ipc_sections.section_number'
2025-05-09 14:59:26,711 - INFO - Processing Section 37...
2025-05-09 14:59:30,416 - ERROR - Error processing Section 37: 1062 (23000): Duplicate entry '37' for key 'ipc_sections.section_number'
2025-05-09 14:59:30,423 - INFO - Processing Section 38...
2025-05-09 14:59:36,292 - ERROR - Error processing Section 38: 1062 (23000): Duplicate entry '38' for key 'ipc_sections.section_number'
2025-05-09 14:59:36,292 - INFO - Processing Section 39...
2025-05-09 14:59:40,358 - ERROR - Error processing Section 39: 1062 (23000): Duplicate entry '39' for key 'ipc_sections.section_number'
2025-05-09 14:59:40,358 - INFO - Processing Section 40...
2025-05-09 14:59:45,893 - ERROR - Error processing Section 40: 1062 (23000): Duplicate entry '40' for key 'ipc_sections.section_number'
2025-05-09 14:59:45,893 - INFO - Processing Section 41...
2025-05-09 14:59:50,938 - ERROR - Error processing Section 41: 1062 (23000): Duplicate entry '41' for key 'ipc_sections.section_number'
2025-05-09 14:59:50,938 - INFO - Processing Section 42...
2025-05-09 14:59:54,905 - ERROR - Error processing Section 42: 1062 (23000): Duplicate entry '42' for key 'ipc_sections.section_number'
2025-05-09 14:59:54,905 - INFO - Processing Section 43...
2025-05-09 14:59:59,612 - ERROR - Error processing Section 43: 1062 (23000): Duplicate entry '43' for key 'ipc_sections.section_number'
2025-05-09 14:59:59,612 - INFO - Processing Section 44...
2025-05-09 15:00:04,217 - ERROR - Error processing Section 44: 1062 (23000): Duplicate entry '44' for key 'ipc_sections.section_number'
2025-05-09 15:00:04,217 - INFO - Processing Section 45...
2025-05-09 15:00:09,132 - ERROR - Error processing Section 45: 1062 (23000): Duplicate entry '45' for key 'ipc_sections.section_number'
2025-05-09 15:00:09,132 - INFO - Processing Section 46...
2025-05-09 15:00:13,224 - ERROR - Error processing Section 46: 1062 (23000): Duplicate entry '46' for key 'ipc_sections.section_number'
2025-05-09 15:00:13,224 - INFO - Processing Section 47...
2025-05-09 15:00:16,604 - ERROR - Error processing Section 47: 1062 (23000): Duplicate entry '47' for key 'ipc_sections.section_number'
2025-05-09 15:00:16,604 - INFO - Processing Section 48...
2025-05-09 15:00:22,045 - ERROR - Error processing Section 48: 1062 (23000): Duplicate entry '48' for key 'ipc_sections.section_number'
2025-05-09 15:00:22,045 - INFO - Processing Section 49...
2025-05-09 15:00:26,740 - ERROR - Error processing Section 49: 1062 (23000): Duplicate entry '49' for key 'ipc_sections.section_number'
2025-05-09 15:00:26,740 - INFO - Processing Section 50...
2025-05-09 15:00:32,781 - ERROR - Error processing Section 50: 1062 (23000): Duplicate entry '50' for key 'ipc_sections.section_number'
2025-05-09 15:00:32,781 - INFO - Processing Section 51...
2025-05-09 15:00:36,462 - ERROR - Error processing Section 51: 1062 (23000): Duplicate entry '51' for key 'ipc_sections.section_number'
2025-05-09 15:00:36,462 - INFO - Processing Section 52...
2025-05-09 15:00:41,712 - ERROR - Error processing Section 52: 1062 (23000): Duplicate entry '52' for key 'ipc_sections.section_number'
2025-05-09 15:00:41,712 - INFO - Processing Section 52A...
2025-05-09 15:00:46,479 - ERROR - Error processing Section 52A: 1062 (23000): Duplicate entry '52A' for key 'ipc_sections.section_number'
2025-05-09 15:00:46,479 - INFO - Processing Section 53...
2025-05-09 15:00:51,588 - ERROR - Error processing Section 53: 1062 (23000): Duplicate entry '53' for key 'ipc_sections.section_number'
2025-05-09 15:00:51,588 - INFO - Processing Section 53A...
2025-05-09 15:00:56,619 - ERROR - Error processing Section 53A: 1062 (23000): Duplicate entry '53A' for key 'ipc_sections.section_number'
2025-05-09 15:00:56,620 - INFO - Processing Section 54...
2025-05-09 15:01:02,707 - ERROR - Error processing Section 54: 1062 (23000): Duplicate entry '54' for key 'ipc_sections.section_number'
2025-05-09 15:01:02,707 - INFO - Processing Section 55...
2025-05-09 15:01:07,254 - ERROR - Error processing Section 55: 1062 (23000): Duplicate entry '55' for key 'ipc_sections.section_number'
2025-05-09 15:01:07,254 - INFO - Processing Section 55A...
2025-05-09 15:01:10,672 - ERROR - Error processing Section 55A: 1062 (23000): Duplicate entry '55A' for key 'ipc_sections.section_number'
2025-05-09 15:01:10,672 - INFO - Processing Section 56...
2025-05-09 15:01:14,661 - ERROR - Error processing Section 56: 1062 (23000): Duplicate entry '56' for key 'ipc_sections.section_number'
2025-05-09 15:01:14,661 - INFO - Processing Section 57...
2025-05-09 15:01:18,403 - ERROR - Error processing Section 57: 1062 (23000): Duplicate entry '57' for key 'ipc_sections.section_number'
2025-05-09 15:01:18,403 - INFO - Processing Section 58...
2025-05-09 15:01:21,674 - ERROR - Error processing Section 58: 1062 (23000): Duplicate entry '58' for key 'ipc_sections.section_number'
2025-05-09 15:01:21,677 - INFO - Processing Section 59...
2025-05-09 15:01:27,950 - ERROR - Error processing Section 59: 1062 (23000): Duplicate entry '59' for key 'ipc_sections.section_number'
2025-05-09 15:01:27,950 - INFO - Processing Section 60...
2025-05-09 15:01:33,062 - ERROR - Error processing Section 60: 1062 (23000): Duplicate entry '60' for key 'ipc_sections.section_number'
2025-05-09 15:01:33,062 - INFO - Processing Section 61...
2025-05-09 15:01:36,906 - ERROR - Error processing Section 61: 1062 (23000): Duplicate entry '61' for key 'ipc_sections.section_number'
2025-05-09 15:01:36,906 - INFO - Processing Section 62...
2025-05-09 15:01:42,395 - ERROR - Error processing Section 62: 1062 (23000): Duplicate entry '62' for key 'ipc_sections.section_number'
2025-05-09 15:01:42,395 - INFO - Processing Section 63...
2025-05-09 15:01:47,325 - ERROR - Error processing Section 63: 1062 (23000): Duplicate entry '63' for key 'ipc_sections.section_number'
2025-05-09 15:01:47,333 - INFO - Processing Section 64...
2025-05-09 15:01:51,744 - ERROR - Error processing Section 64: 1062 (23000): Duplicate entry '64' for key 'ipc_sections.section_number'
2025-05-09 15:01:51,744 - INFO - Processing Section 65...
2025-05-09 15:01:57,571 - ERROR - Error processing Section 65: 1062 (23000): Duplicate entry '65' for key 'ipc_sections.section_number'
2025-05-09 15:01:57,571 - INFO - Processing Section 66...
2025-05-09 15:02:01,680 - ERROR - Error processing Section 66: 1062 (23000): Duplicate entry '66' for key 'ipc_sections.section_number'
2025-05-09 15:02:01,680 - INFO - Processing Section 67...
2025-05-09 15:02:06,578 - ERROR - Error processing Section 67: 1062 (23000): Duplicate entry '67' for key 'ipc_sections.section_number'
2025-05-09 15:02:06,578 - INFO - Processing Section 68...
2025-05-09 15:02:10,776 - ERROR - Error processing Section 68: 1062 (23000): Duplicate entry '68' for key 'ipc_sections.section_number'
2025-05-09 15:02:10,776 - INFO - Processing Section 69...
2025-05-09 15:02:15,803 - ERROR - Error processing Section 69: 1062 (23000): Duplicate entry '69' for key 'ipc_sections.section_number'
2025-05-09 15:02:15,803 - INFO - Processing Section 70...
2025-05-09 15:02:20,304 - ERROR - Error processing Section 70: 1062 (23000): Duplicate entry '70' for key 'ipc_sections.section_number'
2025-05-09 15:02:20,304 - INFO - Processing Section 71...
2025-05-09 15:02:25,999 - ERROR - Error processing Section 71: 1062 (23000): Duplicate entry '71' for key 'ipc_sections.section_number'
2025-05-09 15:02:25,999 - INFO - Processing Section 72...
2025-05-09 15:02:31,161 - ERROR - Error processing Section 72: 1062 (23000): Duplicate entry '72' for key 'ipc_sections.section_number'
2025-05-09 15:02:31,161 - INFO - Processing Section 73...
2025-05-09 15:02:35,013 - ERROR - Error processing Section 73: 1062 (23000): Duplicate entry '73' for key 'ipc_sections.section_number'
2025-05-09 15:02:35,013 - INFO - Processing Section 74...
2025-05-09 15:02:40,068 - ERROR - Error processing Section 74: 1062 (23000): Duplicate entry '74' for key 'ipc_sections.section_number'
2025-05-09 15:02:40,068 - INFO - Processing Section 75...
2025-05-09 15:02:43,861 - ERROR - Error processing Section 75: 1062 (23000): Duplicate entry '75' for key 'ipc_sections.section_number'
2025-05-09 15:02:43,861 - INFO - Processing Section 76...
2025-05-09 15:02:48,986 - ERROR - Error processing Section 76: 1062 (23000): Duplicate entry '76' for key 'ipc_sections.section_number'
2025-05-09 15:02:48,990 - INFO - Processing Section 77...
2025-05-09 15:02:54,216 - ERROR - Error processing Section 77: 1062 (23000): Duplicate entry '77' for key 'ipc_sections.section_number'
2025-05-09 15:02:54,216 - INFO - Processing Section 78...
2025-05-09 15:02:58,609 - ERROR - Error processing Section 78: 1062 (23000): Duplicate entry '78' for key 'ipc_sections.section_number'
2025-05-09 15:02:58,609 - INFO - Processing Section 79...
2025-05-09 15:03:01,986 - ERROR - Error processing Section 79: 1062 (23000): Duplicate entry '79' for key 'ipc_sections.section_number'
2025-05-09 15:03:01,990 - INFO - Processing Section 80...
2025-05-09 15:03:07,517 - ERROR - Error processing Section 80: 1062 (23000): Duplicate entry '80' for key 'ipc_sections.section_number'
2025-05-09 15:03:07,517 - INFO - Processing Section 81...
2025-05-09 15:03:12,951 - ERROR - Error processing Section 81: 1062 (23000): Duplicate entry '81' for key 'ipc_sections.section_number'
2025-05-09 15:03:12,951 - INFO - Processing Section 82...
2025-05-09 15:03:16,833 - ERROR - Error processing Section 82: 1062 (23000): Duplicate entry '82' for key 'ipc_sections.section_number'
2025-05-09 15:03:16,833 - INFO - Processing Section 83...
2025-05-09 15:03:22,403 - ERROR - Error processing Section 83: 1062 (23000): Duplicate entry '83' for key 'ipc_sections.section_number'
2025-05-09 15:03:22,403 - INFO - Processing Section 84...
2025-05-09 15:03:28,040 - ERROR - Error processing Section 84: 1062 (23000): Duplicate entry '84' for key 'ipc_sections.section_number'
2025-05-09 15:03:28,040 - INFO - Processing Section 85...
2025-05-09 15:03:32,828 - ERROR - Error processing Section 85: 1062 (23000): Duplicate entry '85' for key 'ipc_sections.section_number'
2025-05-09 15:03:32,828 - INFO - Processing Section 86...
2025-05-09 15:03:38,951 - ERROR - Error processing Section 86: 1062 (23000): Duplicate entry '86' for key 'ipc_sections.section_number'
2025-05-09 15:03:38,951 - INFO - Processing Section 87...
2025-05-09 15:03:45,100 - ERROR - Error processing Section 87: 1062 (23000): Duplicate entry '87' for key 'ipc_sections.section_number'
2025-05-09 15:03:45,100 - INFO - Processing Section 88...
2025-05-09 15:03:48,775 - ERROR - Error processing Section 88: 1062 (23000): Duplicate entry '88' for key 'ipc_sections.section_number'
2025-05-09 15:03:48,775 - INFO - Processing Section 89...
2025-05-09 15:03:51,994 - ERROR - Error processing Section 89: 1062 (23000): Duplicate entry '89' for key 'ipc_sections.section_number'
2025-05-09 15:03:51,994 - INFO - Processing Section 90...
2025-05-09 15:03:56,063 - ERROR - Error processing Section 90: 1062 (23000): Duplicate entry '90' for key 'ipc_sections.section_number'
2025-05-09 15:03:56,064 - INFO - Processing Section 91...
2025-05-09 15:04:01,279 - ERROR - Error processing Section 91: 1062 (23000): Duplicate entry '91' for key 'ipc_sections.section_number'
2025-05-09 15:04:01,279 - INFO - Processing Section 92...
2025-05-09 15:04:06,509 - ERROR - Error processing Section 92: 1062 (23000): Duplicate entry '92' for key 'ipc_sections.section_number'
2025-05-09 15:04:06,509 - INFO - Processing Section 93...
2025-05-09 15:04:11,405 - ERROR - Error processing Section 93: 1062 (23000): Duplicate entry '93' for key 'ipc_sections.section_number'
2025-05-09 15:04:11,405 - INFO - Processing Section 94...
2025-05-09 15:04:17,357 - ERROR - Error processing Section 94: 1062 (23000): Duplicate entry '94' for key 'ipc_sections.section_number'
2025-05-09 15:04:17,357 - INFO - Processing Section 95...
2025-05-09 15:04:22,080 - ERROR - Error processing Section 95: 1062 (23000): Duplicate entry '95' for key 'ipc_sections.section_number'
2025-05-09 15:04:22,080 - INFO - Processing Section 96...
2025-05-09 15:04:27,189 - ERROR - Error processing Section 96: 1062 (23000): Duplicate entry '96' for key 'ipc_sections.section_number'
2025-05-09 15:04:27,189 - INFO - Processing Section 97...
2025-05-09 15:04:32,321 - ERROR - Error processing Section 97: 1062 (23000): Duplicate entry '97' for key 'ipc_sections.section_number'
2025-05-09 15:04:32,321 - INFO - Processing Section 98...
2025-05-09 15:04:38,336 - ERROR - Error processing Section 98: 1062 (23000): Duplicate entry '98' for key 'ipc_sections.section_number'
2025-05-09 15:04:38,336 - INFO - Processing Section 99...
2025-05-09 15:04:43,873 - ERROR - Error processing Section 99: 1062 (23000): Duplicate entry '99' for key 'ipc_sections.section_number'
2025-05-09 15:04:43,873 - INFO - Processing Section 100...
2025-05-09 15:04:49,610 - ERROR - Error processing Section 100: 1062 (23000): Duplicate entry '100' for key 'ipc_sections.section_number'
2025-05-09 15:04:49,610 - INFO - Processing Section 101...
2025-05-09 15:04:53,713 - ERROR - Error processing Section 101: 1062 (23000): Duplicate entry '101' for key 'ipc_sections.section_number'
2025-05-09 15:04:53,713 - INFO - Processing Section 102...
2025-05-09 15:04:58,726 - ERROR - Error processing Section 102: 1062 (23000): Duplicate entry '102' for key 'ipc_sections.section_number'
2025-05-09 15:04:58,726 - INFO - Processing Section 103...
2025-05-09 15:05:03,122 - ERROR - Error processing Section 103: 1062 (23000): Duplicate entry '103' for key 'ipc_sections.section_number'
2025-05-09 15:05:03,122 - INFO - Processing Section 104...
2025-05-09 15:05:07,094 - ERROR - Error processing Section 104: 1062 (23000): Duplicate entry '104' for key 'ipc_sections.section_number'
2025-05-09 15:05:07,094 - INFO - Processing Section 105...
2025-05-09 15:05:12,339 - ERROR - Error processing Section 105: 1062 (23000): Duplicate entry '105' for key 'ipc_sections.section_number'
2025-05-09 15:05:12,340 - INFO - Processing Section 106...
2025-05-09 15:05:16,582 - ERROR - Error processing Section 106: 1062 (23000): Duplicate entry '106' for key 'ipc_sections.section_number'
2025-05-09 15:05:16,582 - INFO - Processing Section 107...
2025-05-09 15:05:21,163 - ERROR - Error processing Section 107: 1062 (23000): Duplicate entry '107' for key 'ipc_sections.section_number'
2025-05-09 15:05:21,163 - INFO - Processing Section 108...
2025-05-09 15:05:25,243 - ERROR - Error processing Section 108: 1062 (23000): Duplicate entry '108' for key 'ipc_sections.section_number'
2025-05-09 15:05:25,243 - INFO - Processing Section 108A...
2025-05-09 15:05:28,995 - ERROR - Error processing Section 108A: 1062 (23000): Duplicate entry '108A' for key 'ipc_sections.section_number'
2025-05-09 15:05:28,995 - INFO - Processing Section 109...
2025-05-09 15:05:34,972 - ERROR - Error processing Section 109: 1062 (23000): Duplicate entry '109' for key 'ipc_sections.section_number'
2025-05-09 15:05:34,972 - INFO - Processing Section 110...
2025-05-09 15:05:40,197 - ERROR - Error processing Section 110: 1062 (23000): Duplicate entry '110' for key 'ipc_sections.section_number'
2025-05-09 15:05:40,197 - INFO - Processing Section 111...
2025-05-09 15:05:43,989 - ERROR - Error processing Section 111: 1062 (23000): Duplicate entry '111' for key 'ipc_sections.section_number'
2025-05-09 15:05:43,989 - INFO - Processing Section 112...
2025-05-09 15:05:50,022 - ERROR - Error processing Section 112: 1062 (23000): Duplicate entry '112' for key 'ipc_sections.section_number'
2025-05-09 15:05:50,022 - INFO - Processing Section 113...
2025-05-09 15:05:56,060 - ERROR - Error processing Section 113: 1062 (23000): Duplicate entry '113' for key 'ipc_sections.section_number'
2025-05-09 15:05:56,060 - INFO - Processing Section 114...
2025-05-09 15:06:01,696 - ERROR - Error processing Section 114: 1062 (23000): Duplicate entry '114' for key 'ipc_sections.section_number'
2025-05-09 15:06:01,704 - INFO - Processing Section 115...
2025-05-09 15:06:06,097 - ERROR - Error processing Section 115: 1062 (23000): Duplicate entry '115' for key 'ipc_sections.section_number'
2025-05-09 15:06:06,097 - INFO - Processing Section 116...
2025-05-09 15:06:11,540 - ERROR - Error processing Section 116: 1062 (23000): Duplicate entry '116' for key 'ipc_sections.section_number'
2025-05-09 15:06:11,540 - INFO - Processing Section 117...
2025-05-09 15:06:17,701 - ERROR - Error processing Section 117: 1062 (23000): Duplicate entry '117' for key 'ipc_sections.section_number'
2025-05-09 15:06:17,701 - INFO - Processing Section 118...
2025-05-09 15:06:23,613 - ERROR - Error processing Section 118: 1062 (23000): Duplicate entry '118' for key 'ipc_sections.section_number'
2025-05-09 15:06:23,613 - INFO - Processing Section 119...
2025-05-09 15:06:29,656 - ERROR - Error processing Section 119: 1062 (23000): Duplicate entry '119' for key 'ipc_sections.section_number'
2025-05-09 15:06:29,656 - INFO - Processing Section 120...
2025-05-09 15:06:34,290 - ERROR - Error processing Section 120: 1062 (23000): Duplicate entry '120' for key 'ipc_sections.section_number'
2025-05-09 15:06:34,290 - INFO - Processing Section 120A...
2025-05-09 15:06:39,392 - ERROR - Error processing Section 120A: 1062 (23000): Duplicate entry '120A' for key 'ipc_sections.section_number'
2025-05-09 15:06:39,392 - INFO - Processing Section 120B...
2025-05-09 15:06:44,105 - ERROR - Error processing Section 120B: 1062 (23000): Duplicate entry '120B' for key 'ipc_sections.section_number'
2025-05-09 15:06:44,105 - INFO - Processing Section 121...
2025-05-09 15:06:49,005 - ERROR - Error processing Section 121: 1062 (23000): Duplicate entry '121' for key 'ipc_sections.section_number'
2025-05-09 15:06:49,005 - INFO - Processing Section 121A...
2025-05-09 15:06:54,037 - ERROR - Error processing Section 121A: 1062 (23000): Duplicate entry '121A' for key 'ipc_sections.section_number'
2025-05-09 15:06:54,037 - INFO - Processing Section 122...
2025-05-09 15:07:00,378 - ERROR - Error processing Section 122: 1062 (23000): Duplicate entry '122' for key 'ipc_sections.section_number'
2025-05-09 15:07:00,378 - INFO - Processing Section 123...
2025-05-09 15:07:06,579 - ERROR - Error processing Section 123: 1062 (23000): Duplicate entry '123' for key 'ipc_sections.section_number'
2025-05-09 15:07:06,579 - INFO - Processing Section 124...
2025-05-09 15:07:10,099 - ERROR - Error processing Section 124: 1062 (23000): Duplicate entry '124' for key 'ipc_sections.section_number'
2025-05-09 15:07:10,099 - INFO - Processing Section 124A...
2025-05-09 15:07:14,713 - ERROR - Error processing Section 124A: 1062 (23000): Duplicate entry '124A' for key 'ipc_sections.section_number'
2025-05-09 15:07:14,713 - INFO - Processing Section 125...
2025-05-09 15:07:19,835 - ERROR - Error processing Section 125: 1062 (23000): Duplicate entry '125' for key 'ipc_sections.section_number'
2025-05-09 15:07:19,835 - INFO - Processing Section 126...
2025-05-09 15:07:25,555 - ERROR - Error processing Section 126: 1062 (23000): Duplicate entry '126' for key 'ipc_sections.section_number'
2025-05-09 15:07:25,555 - INFO - Processing Section 127...
2025-05-09 15:07:29,002 - ERROR - Error processing Section 127: 1062 (23000): Duplicate entry '127' for key 'ipc_sections.section_number'
2025-05-09 15:07:29,009 - INFO - Processing Section 128...
2025-05-09 15:07:34,983 - ERROR - Error processing Section 128: 1062 (23000): Duplicate entry '128' for key 'ipc_sections.section_number'
2025-05-09 15:07:34,983 - INFO - Processing Section 129...
2025-05-09 15:07:40,114 - ERROR - Error processing Section 129: 1062 (23000): Duplicate entry '129' for key 'ipc_sections.section_number'
2025-05-09 15:07:40,114 - INFO - Processing Section 130...
2025-05-09 15:07:43,676 - ERROR - Error processing Section 130: 1062 (23000): Duplicate entry '130' for key 'ipc_sections.section_number'
2025-05-09 15:07:43,676 - INFO - Processing Section 131...
2025-05-09 15:07:48,811 - ERROR - Error processing Section 131: 1062 (23000): Duplicate entry '131' for key 'ipc_sections.section_number'
2025-05-09 15:07:48,811 - INFO - Processing Section 132...
2025-05-09 15:07:54,450 - ERROR - Error processing Section 132: 1062 (23000): Duplicate entry '132' for key 'ipc_sections.section_number'
2025-05-09 15:07:54,450 - INFO - Processing Section 133...
2025-05-09 15:07:59,043 - ERROR - Error processing Section 133: 1062 (23000): Duplicate entry '133' for key 'ipc_sections.section_number'
2025-05-09 15:07:59,043 - INFO - Processing Section 134...
2025-05-09 15:08:02,747 - ERROR - Error processing Section 134: 1062 (23000): Duplicate entry '134' for key 'ipc_sections.section_number'
2025-05-09 15:08:02,747 - INFO - Processing Section 135...
2025-05-09 15:08:06,535 - ERROR - Error processing Section 135: 1062 (23000): Duplicate entry '135' for key 'ipc_sections.section_number'
2025-05-09 15:08:06,539 - INFO - Processing Section 136...
2025-05-09 15:08:11,747 - ERROR - Error processing Section 136: 1062 (23000): Duplicate entry '136' for key 'ipc_sections.section_number'
2025-05-09 15:08:11,747 - INFO - Processing Section 137...
2025-05-09 15:08:16,661 - ERROR - Error processing Section 137: 1062 (23000): Duplicate entry '137' for key 'ipc_sections.section_number'
2025-05-09 15:08:16,661 - INFO - Processing Section 138...
2025-05-09 15:08:21,220 - ERROR - Error processing Section 138: 1062 (23000): Duplicate entry '138' for key 'ipc_sections.section_number'
2025-05-09 15:08:21,220 - INFO - Processing Section 138A...
2025-05-09 15:08:24,851 - ERROR - Error processing Section 138A: 1062 (23000): Duplicate entry '138A' for key 'ipc_sections.section_number'
2025-05-09 15:08:24,851 - INFO - Processing Section 139...
2025-05-09 15:08:30,077 - ERROR - Error processing Section 139: 1062 (23000): Duplicate entry '139' for key 'ipc_sections.section_number'
2025-05-09 15:08:30,077 - INFO - Processing Section 140...
2025-05-09 15:08:33,798 - ERROR - Error processing Section 140: 1062 (23000): Duplicate entry '140' for key 'ipc_sections.section_number'
2025-05-09 15:08:33,798 - INFO - Processing Section 141...
2025-05-09 15:08:37,660 - ERROR - Error processing Section 141: 1062 (23000): Duplicate entry '141' for key 'ipc_sections.section_number'
2025-05-09 15:08:37,660 - INFO - Processing Section 142...
2025-05-09 15:08:42,263 - ERROR - Error processing Section 142: 1062 (23000): Duplicate entry '142' for key 'ipc_sections.section_number'
2025-05-09 15:08:42,263 - INFO - Processing Section 143...
2025-05-09 15:08:45,945 - ERROR - Error processing Section 143: 1062 (23000): Duplicate entry '143' for key 'ipc_sections.section_number'
2025-05-09 15:08:45,945 - INFO - Processing Section 144...
2025-05-09 15:08:50,552 - ERROR - Error processing Section 144: 1062 (23000): Duplicate entry '144' for key 'ipc_sections.section_number'
2025-05-09 15:08:50,552 - INFO - Processing Section 145...
2025-05-09 15:08:54,247 - ERROR - Error processing Section 145: 1062 (23000): Duplicate entry '145' for key 'ipc_sections.section_number'
2025-05-09 15:08:54,247 - INFO - Processing Section 146...
2025-05-09 15:08:58,542 - ERROR - Error processing Section 146: 1062 (23000): Duplicate entry '146' for key 'ipc_sections.section_number'
2025-05-09 15:08:58,542 - INFO - Processing Section 147...
2025-05-09 15:09:03,049 - ERROR - Error processing Section 147: 1062 (23000): Duplicate entry '147' for key 'ipc_sections.section_number'
2025-05-09 15:09:03,049 - INFO - Processing Section 148...
2025-05-09 15:09:09,194 - ERROR - Error processing Section 148: 1062 (23000): Duplicate entry '148' for key 'ipc_sections.section_number'
2025-05-09 15:09:09,194 - INFO - Processing Section 149...
2025-05-09 15:09:14,619 - ERROR - Error processing Section 149: 1062 (23000): Duplicate entry '149' for key 'ipc_sections.section_number'
2025-05-09 15:09:14,619 - INFO - Processing Section 150...
2025-05-09 15:09:18,518 - ERROR - Error processing Section 150: 1062 (23000): Duplicate entry '150' for key 'ipc_sections.section_number'
2025-05-09 15:09:18,518 - INFO - Processing Section 151...
2025-05-09 15:09:23,245 - ERROR - Error processing Section 151: 1062 (23000): Duplicate entry '151' for key 'ipc_sections.section_number'
2025-05-09 15:09:23,245 - INFO - Processing Section 152...
2025-05-09 15:09:28,258 - ERROR - Error processing Section 152: 1062 (23000): Duplicate entry '152' for key 'ipc_sections.section_number'
2025-05-09 15:09:28,265 - INFO - Processing Section 153...
2025-05-09 15:09:31,844 - ERROR - Error processing Section 153: 1062 (23000): Duplicate entry '153' for key 'ipc_sections.section_number'
2025-05-09 15:09:31,844 - INFO - Processing Section 153A...
2025-05-09 15:09:36,844 - ERROR - Error processing Section 153A: 1062 (23000): Duplicate entry '153A' for key 'ipc_sections.section_number'
2025-05-09 15:09:36,844 - INFO - Processing Section 153AA...
2025-05-09 15:09:43,099 - ERROR - Error processing Section 153AA: 1062 (23000): Duplicate entry '153AA' for key 'ipc_sections.section_number'
2025-05-09 15:09:43,099 - INFO - Processing Section 153B...
2025-05-09 15:09:46,774 - ERROR - Error processing Section 153B: 1062 (23000): Duplicate entry '153B' for key 'ipc_sections.section_number'
2025-05-09 15:09:46,774 - INFO - Processing Section 154...
2025-05-09 15:09:51,624 - ERROR - Error processing Section 154: 1062 (23000): Duplicate entry '154' for key 'ipc_sections.section_number'
2025-05-09 15:09:51,624 - INFO - Processing Section 155...
2025-05-09 15:09:55,481 - ERROR - Error processing Section 155: 1062 (23000): Duplicate entry '155' for key 'ipc_sections.section_number'
2025-05-09 15:09:55,482 - INFO - Processing Section 156...
2025-05-09 15:09:59,714 - ERROR - Error processing Section 156: 1062 (23000): Duplicate entry '156' for key 'ipc_sections.section_number'
2025-05-09 15:09:59,714 - INFO - Processing Section 157...
2025-05-09 15:10:04,210 - ERROR - Error processing Section 157: 1062 (23000): Duplicate entry '157' for key 'ipc_sections.section_number'
2025-05-09 15:10:04,210 - INFO - Processing Section 158...
2025-05-09 15:10:09,237 - ERROR - Error processing Section 158: 1062 (23000): Duplicate entry '158' for key 'ipc_sections.section_number'
2025-05-09 15:10:09,237 - INFO - Processing Section 159...
2025-05-09 15:10:10,464 - INFO - Database connection closed
2025-05-09 15:16:46,952 - INFO - Successfully connected to MySQL database
2025-05-09 15:16:46,953 - INFO - Fetching main page...
2025-05-09 15:16:52,371 - INFO - Found 575 IPC section links
2025-05-09 15:16:52,371 - INFO - Processing Section 1...
2025-05-09 15:16:58,489 - ERROR - Error processing Section 1: 1062 (23000): Duplicate entry '1' for key 'ipc_sections.section_number'
2025-05-09 15:16:58,489 - INFO - Processing Section 2...
2025-05-09 15:17:03,007 - INFO - Updated Section 2
2025-05-09 15:17:03,007 - INFO - Processing Section 3...
2025-05-09 15:17:06,693 - INFO - Updated Section 3
2025-05-09 15:17:06,693 - INFO - Processing Section 4...
2025-05-09 15:17:11,903 - ERROR - Error processing Section 4: 1062 (23000): Duplicate entry '4' for key 'ipc_sections.section_number'
2025-05-09 15:17:11,903 - INFO - Processing Section 5...
2025-05-09 15:17:16,476 - ERROR - Error processing Section 5: 1062 (23000): Duplicate entry '5' for key 'ipc_sections.section_number'
2025-05-09 15:17:16,476 - INFO - Processing Section 6...
2025-05-09 15:17:22,252 - ERROR - Error processing Section 6: 1062 (23000): Duplicate entry '6' for key 'ipc_sections.section_number'
2025-05-09 15:17:22,252 - INFO - Processing Section 7...
2025-05-09 15:17:26,553 - ERROR - Error processing Section 7: 1062 (23000): Duplicate entry '7' for key 'ipc_sections.section_number'
2025-05-09 15:17:26,553 - INFO - Processing Section 8...
2025-05-09 15:17:31,566 - ERROR - Error processing Section 8: 1062 (23000): Duplicate entry '8' for key 'ipc_sections.section_number'
2025-05-09 15:17:31,566 - INFO - Processing Section 9...
2025-05-09 15:17:35,063 - ERROR - Error processing Section 9: 1062 (23000): Duplicate entry '9' for key 'ipc_sections.section_number'
2025-05-09 15:17:35,065 - INFO - Processing Section 10...
2025-05-09 15:17:38,715 - ERROR - Error processing Section 10: 1062 (23000): Duplicate entry '10' for key 'ipc_sections.section_number'
2025-05-09 15:17:38,719 - INFO - Processing Section 11...
2025-05-09 15:17:44,070 - ERROR - Error processing Section 11: 1062 (23000): Duplicate entry '11' for key 'ipc_sections.section_number'
2025-05-09 15:17:44,070 - INFO - Processing Section 12...
2025-05-09 15:17:47,638 - ERROR - Error processing Section 12: 1062 (23000): Duplicate entry '12' for key 'ipc_sections.section_number'
2025-05-09 15:17:47,638 - INFO - Processing Section 13...
2025-05-09 15:17:53,906 - ERROR - Error processing Section 13: 1062 (23000): Duplicate entry '13' for key 'ipc_sections.section_number'
2025-05-09 15:17:53,906 - INFO - Processing Section 14...
2025-05-09 15:17:57,892 - ERROR - Error processing Section 14: 1062 (23000): Duplicate entry '14' for key 'ipc_sections.section_number'
2025-05-09 15:17:57,892 - INFO - Processing Section 15...
2025-05-09 15:18:02,290 - ERROR - Error processing Section 15: 1062 (23000): Duplicate entry '15' for key 'ipc_sections.section_number'
2025-05-09 15:18:02,290 - INFO - Processing Section 16...
2025-05-09 15:18:07,617 - ERROR - Error processing Section 16: 1062 (23000): Duplicate entry '16' for key 'ipc_sections.section_number'
2025-05-09 15:18:07,617 - INFO - Processing Section 17...
2025-05-09 15:18:11,800 - ERROR - Error processing Section 17: 1062 (23000): Duplicate entry '17' for key 'ipc_sections.section_number'
2025-05-09 15:18:11,800 - INFO - Processing Section 18...
2025-05-09 15:18:15,302 - ERROR - Error processing Section 18: 1062 (23000): Duplicate entry '18' for key 'ipc_sections.section_number'
2025-05-09 15:18:15,302 - INFO - Processing Section 19...
2025-05-09 15:18:20,369 - ERROR - Error processing Section 19: 1062 (23000): Duplicate entry '19' for key 'ipc_sections.section_number'
2025-05-09 15:18:20,370 - INFO - Processing Section 20...
2025-05-09 15:18:25,794 - ERROR - Error processing Section 20: 1062 (23000): Duplicate entry '20' for key 'ipc_sections.section_number'
2025-05-09 15:18:25,794 - INFO - Processing Section 21...
2025-05-09 15:18:30,651 - ERROR - Error processing Section 21: 1062 (23000): Duplicate entry '21' for key 'ipc_sections.section_number'
2025-05-09 15:18:30,651 - INFO - Processing Section 22...
2025-05-09 15:18:35,836 - ERROR - Error processing Section 22: 1062 (23000): Duplicate entry '22' for key 'ipc_sections.section_number'
2025-05-09 15:18:35,837 - INFO - Processing Section 23...
2025-05-09 15:18:39,697 - INFO - Database connection closed
2025-05-09 15:19:36,660 - INFO - Successfully connected to MySQL database
2025-05-09 15:19:36,665 - INFO - Fetching main page...
2025-05-09 15:19:40,501 - INFO - Found 575 IPC section links
2025-05-09 15:19:40,501 - INFO - Processing Section 1...
2025-05-09 15:19:45,000 - WARNING - No record found for Section 1
2025-05-09 15:19:45,000 - INFO - Processing Section 2...
2025-05-09 15:19:51,144 - WARNING - No record found for Section 2
2025-05-09 15:19:51,144 - INFO - Processing Section 3...
2025-05-09 15:19:56,252 - WARNING - No record found for Section 3
2025-05-09 15:19:56,252 - INFO - Processing Section 4...
2025-05-09 15:20:00,251 - WARNING - No record found for Section 4
2025-05-09 15:20:00,251 - INFO - Processing Section 5...
2025-05-09 15:20:05,027 - WARNING - No record found for Section 5
2025-05-09 15:20:05,027 - INFO - Processing Section 6...
2025-05-09 15:20:08,695 - WARNING - No record found for Section 6
2025-05-09 15:20:08,695 - INFO - Processing Section 7...
2025-05-09 15:20:14,197 - WARNING - No record found for Section 7
2025-05-09 15:20:14,197 - INFO - Processing Section 8...
2025-05-09 15:20:17,718 - WARNING - No record found for Section 8
2025-05-09 15:20:17,718 - INFO - Processing Section 9...
2025-05-09 15:20:23,906 - WARNING - No record found for Section 9
2025-05-09 15:20:23,906 - INFO - Processing Section 10...
2025-05-09 15:20:27,501 - WARNING - No record found for Section 10
2025-05-09 15:20:27,509 - INFO - Processing Section 11...
2025-05-09 15:20:32,461 - WARNING - No record found for Section 11
2025-05-09 15:20:32,461 - INFO - Processing Section 12...
2025-05-09 15:20:36,191 - WARNING - No record found for Section 12
2025-05-09 15:20:36,198 - INFO - Processing Section 13...
2025-05-09 15:20:39,472 - WARNING - No record found for Section 13
2025-05-09 15:20:39,472 - INFO - Processing Section 14...
2025-05-09 15:20:44,433 - WARNING - No record found for Section 14
2025-05-09 15:20:44,433 - INFO - Processing Section 15...
2025-05-09 15:20:49,908 - WARNING - No record found for Section 15
2025-05-09 15:20:49,916 - INFO - Processing Section 16...
2025-05-09 15:20:53,718 - WARNING - No record found for Section 16
2025-05-09 15:20:53,718 - INFO - Processing Section 17...
2025-05-09 15:20:59,242 - WARNING - No record found for Section 17
2025-05-09 15:20:59,250 - INFO - Processing Section 18...
2025-05-09 15:21:04,607 - WARNING - No record found for Section 18
2025-05-09 15:21:04,607 - INFO - Processing Section 19...
2025-05-09 15:21:07,954 - WARNING - No record found for Section 19
2025-05-09 15:21:07,954 - INFO - Processing Section 20...
2025-05-09 15:21:12,737 - WARNING - No record found for Section 20
2025-05-09 15:21:12,737 - INFO - Processing Section 21...
2025-05-09 15:21:17,260 - WARNING - No record found for Section 21
2025-05-09 15:21:17,260 - INFO - Processing Section 22...
2025-05-09 15:21:23,400 - WARNING - No record found for Section 22
2025-05-09 15:21:23,400 - INFO - Processing Section 23...
2025-05-09 15:21:27,192 - WARNING - No record found for Section 23
2025-05-09 15:21:27,192 - INFO - Processing Section 24...
2025-05-09 15:21:32,521 - WARNING - No record found for Section 24
2025-05-09 15:21:32,521 - INFO - Processing Section 25...
2025-05-09 15:21:36,182 - WARNING - No record found for Section 25
2025-05-09 15:21:36,183 - INFO - Processing Section 26...
2025-05-09 15:21:43,057 - WARNING - No record found for Section 26
2025-05-09 15:21:43,057 - INFO - Processing Section 27...
2025-05-09 15:21:49,706 - WARNING - No record found for Section 27
2025-05-09 15:21:49,706 - INFO - Processing Section 28...
2025-05-09 15:21:55,665 - WARNING - No record found for Section 28
2025-05-09 15:21:55,665 - INFO - Processing Section 29...
2025-05-09 15:22:20,348 - WARNING - Attempt 1 failed for https://devgan.in//ipc/section/29/: HTTPSConnectionPool(host='devgan.in', port=443): Max retries exceeded with url: /ipc/section/29/ (Caused by NewConnectionError('<urllib3.connection.HTTPSConnection object at 0x00000160CE0D09D0>: Failed to establish a new connection: [WinError 10060] A connection attempt failed because the connected party did not properly respond after a period of time, or established connection failed because connected host has failed to respond'))
2025-05-09 15:22:36,417 - WARNING - Attempt 2 failed for https://devgan.in//ipc/section/29/: HTTPSConnectionPool(host='devgan.in', port=443): Max retries exceeded with url: /ipc/section/29/ (Caused by NewConnectionError('<urllib3.connection.HTTPSConnection object at 0x00000160CE237490>: Failed to establish a new connection: [WinError 10053] An established connection was aborted by the software in your host machine'))
2025-05-09 15:22:48,053 - WARNING - No record found for Section 29
2025-05-09 15:22:48,053 - INFO - Processing Section 29A...
2025-05-09 15:22:53,495 - WARNING - No record found for Section 29A
2025-05-09 15:22:53,495 - INFO - Processing Section 30...
2025-05-09 15:22:58,223 - WARNING - No record found for Section 30
2025-05-09 15:22:58,223 - INFO - Processing Section 31...
2025-05-09 15:23:03,488 - WARNING - No record found for Section 31
2025-05-09 15:23:03,488 - INFO - Processing Section 32...
2025-05-09 15:23:09,006 - WARNING - No record found for Section 32
2025-05-09 15:23:09,006 - INFO - Processing Section 33...
2025-05-09 15:23:12,597 - WARNING - No record found for Section 33
2025-05-09 15:23:12,597 - INFO - Processing Section 34...
2025-05-09 15:23:17,203 - WARNING - No record found for Section 34
2025-05-09 15:23:17,203 - INFO - Processing Section 35...
2025-05-09 15:23:21,196 - WARNING - No record found for Section 35
2025-05-09 15:23:21,196 - INFO - Processing Section 36...
2025-05-09 15:23:27,354 - WARNING - No record found for Section 36
2025-05-09 15:23:27,361 - INFO - Processing Section 37...
2025-05-09 15:23:32,287 - WARNING - No record found for Section 37
2025-05-09 15:23:32,287 - INFO - Processing Section 38...
2025-05-09 15:23:37,387 - WARNING - No record found for Section 38
2025-05-09 15:23:37,395 - INFO - Processing Section 39...
2025-05-09 15:23:43,114 - WARNING - No record found for Section 39
2025-05-09 15:23:43,114 - INFO - Processing Section 40...
2025-05-09 15:23:46,661 - WARNING - No record found for Section 40
2025-05-09 15:23:46,661 - INFO - Processing Section 41...
2025-05-09 15:23:52,438 - WARNING - No record found for Section 41
2025-05-09 15:23:52,438 - INFO - Processing Section 42...
2025-05-09 15:23:57,961 - WARNING - No record found for Section 42
2025-05-09 15:23:57,961 - INFO - Processing Section 43...
2025-05-09 15:24:03,378 - WARNING - No record found for Section 43
2025-05-09 15:24:03,378 - INFO - Processing Section 44...
2025-05-09 15:24:09,741 - WARNING - No record found for Section 44
2025-05-09 15:24:09,741 - INFO - Processing Section 45...
2025-05-09 15:24:14,336 - WARNING - No record found for Section 45
2025-05-09 15:24:14,343 - INFO - Processing Section 46...
2025-05-09 15:24:19,672 - WARNING - No record found for Section 46
2025-05-09 15:24:19,674 - INFO - Processing Section 47...
2025-05-09 15:24:25,411 - WARNING - No record found for Section 47
2025-05-09 15:24:25,411 - INFO - Processing Section 48...
2025-05-09 15:24:30,631 - WARNING - No record found for Section 48
2025-05-09 15:24:30,631 - INFO - Processing Section 49...
2025-05-09 15:24:36,969 - WARNING - No record found for Section 49
2025-05-09 15:24:36,969 - INFO - Processing Section 50...
2025-05-09 15:24:40,971 - WARNING - No record found for Section 50
2025-05-09 15:24:40,971 - INFO - Processing Section 51...
2025-05-09 15:24:46,903 - WARNING - No record found for Section 51
2025-05-09 15:24:46,909 - INFO - Processing Section 52...
2025-05-09 15:24:50,496 - WARNING - No record found for Section 52
2025-05-09 15:24:50,502 - INFO - Processing Section 52A...
2025-05-09 15:24:54,117 - WARNING - No record found for Section 52A
2025-05-09 15:24:54,117 - INFO - Processing Section 53...
2025-05-09 15:25:00,141 - INFO - Updated Section 53
2025-05-09 15:25:00,142 - INFO - Processing Section 53A...
2025-05-09 15:25:04,718 - WARNING - No record found for Section 53A
2025-05-09 15:25:04,718 - INFO - Processing Section 54...
2025-05-09 15:25:09,025 - WARNING - No record found for Section 54
2025-05-09 15:25:09,025 - INFO - Processing Section 55...
2025-05-09 15:25:13,403 - INFO - Updated Section 55
2025-05-09 15:25:13,405 - INFO - Processing Section 55A...
2025-05-09 15:25:19,655 - WARNING - No record found for Section 55A
2025-05-09 15:25:19,657 - INFO - Processing Section 56...
2025-05-09 15:25:25,025 - WARNING - No record found for Section 56
2025-05-09 15:25:25,025 - INFO - Processing Section 57...
2025-05-09 15:25:29,623 - INFO - Updated Section 57
2025-05-09 15:25:29,623 - INFO - Processing Section 58...
2025-05-09 15:25:34,040 - WARNING - No record found for Section 58
2025-05-09 15:25:34,040 - INFO - Processing Section 59...
2025-05-09 15:25:37,743 - INFO - Updated Section 59
2025-05-09 15:25:37,743 - INFO - Processing Section 60...
2025-05-09 15:25:42,651 - INFO - Updated Section 60
2025-05-09 15:25:42,651 - INFO - Processing Section 61...
2025-05-09 15:25:48,240 - WARNING - No record found for Section 61
2025-05-09 15:25:48,240 - INFO - Processing Section 62...
2025-05-09 15:25:54,567 - INFO - Updated Section 62
2025-05-09 15:25:54,567 - INFO - Processing Section 63...
2025-05-09 15:25:58,520 - INFO - Updated Section 63
2025-05-09 15:25:58,520 - INFO - Processing Section 64...
2025-05-09 15:26:02,703 - INFO - Updated Section 64
2025-05-09 15:26:02,703 - INFO - Processing Section 65...
2025-05-09 15:26:06,634 - INFO - Updated Section 65
2025-05-09 15:26:06,634 - INFO - Processing Section 66...
2025-05-09 15:26:11,607 - INFO - Updated Section 66
2025-05-09 15:26:11,607 - INFO - Processing Section 67...
2025-05-09 15:26:15,624 - INFO - Updated Section 67
2025-05-09 15:26:15,624 - INFO - Processing Section 68...
2025-05-09 15:26:21,802 - INFO - Updated Section 68
2025-05-09 15:26:21,802 - INFO - Processing Section 69...
2025-05-09 15:26:26,863 - INFO - Updated Section 69
2025-05-09 15:26:26,863 - INFO - Processing Section 70...
2025-05-09 15:26:30,266 - INFO - Updated Section 70
2025-05-09 15:26:30,266 - INFO - Processing Section 71...
2025-05-09 15:26:35,862 - INFO - Updated Section 71
2025-05-09 15:26:35,865 - INFO - Processing Section 72...
2025-05-09 15:26:40,332 - INFO - Updated Section 72
2025-05-09 15:26:40,332 - INFO - Processing Section 73...
2025-05-09 15:26:45,459 - INFO - Updated Section 73
2025-05-09 15:26:45,459 - INFO - Processing Section 74...
2025-05-09 15:26:49,411 - INFO - Updated Section 74
2025-05-09 15:26:49,411 - INFO - Processing Section 75...
2025-05-09 15:26:54,881 - INFO - Updated Section 75
2025-05-09 15:26:54,881 - INFO - Processing Section 76...
2025-05-09 15:26:58,722 - WARNING - No record found for Section 76
2025-05-09 15:26:58,722 - INFO - Processing Section 77...
2025-05-09 15:27:02,179 - WARNING - No record found for Section 77
2025-05-09 15:27:02,179 - INFO - Processing Section 78...
2025-05-09 15:27:07,839 - WARNING - No record found for Section 78
2025-05-09 15:27:07,839 - INFO - Processing Section 79...
2025-05-09 15:27:12,733 - WARNING - No record found for Section 79
2025-05-09 15:27:12,733 - INFO - Processing Section 80...
2025-05-09 15:27:16,630 - WARNING - No record found for Section 80
2025-05-09 15:27:16,630 - INFO - Processing Section 81...
2025-05-09 15:27:20,413 - WARNING - No record found for Section 81
2025-05-09 15:27:20,413 - INFO - Processing Section 82...
2025-05-09 15:27:24,290 - WARNING - No record found for Section 82
2025-05-09 15:27:24,290 - INFO - Processing Section 83...
2025-05-09 15:27:29,832 - WARNING - No record found for Section 83
2025-05-09 15:27:29,832 - INFO - Processing Section 84...
2025-05-09 15:27:35,499 - WARNING - No record found for Section 84
2025-05-09 15:27:35,499 - INFO - Processing Section 85...
2025-05-09 15:27:39,282 - WARNING - No record found for Section 85
2025-05-09 15:27:39,282 - INFO - Processing Section 86...
2025-05-09 15:27:42,619 - WARNING - No record found for Section 86
2025-05-09 15:27:42,619 - INFO - Processing Section 87...
2025-05-09 15:27:46,548 - WARNING - No record found for Section 87
2025-05-09 15:27:46,548 - INFO - Processing Section 88...
2025-05-09 15:27:50,926 - WARNING - No record found for Section 88
2025-05-09 15:27:50,929 - INFO - Processing Section 89...
2025-05-09 15:27:56,302 - WARNING - No record found for Section 89
2025-05-09 15:27:56,310 - INFO - Processing Section 90...
2025-05-09 15:28:01,106 - WARNING - No record found for Section 90
2025-05-09 15:28:01,106 - INFO - Processing Section 91...
2025-05-09 15:28:05,550 - WARNING - No record found for Section 91
2025-05-09 15:28:05,550 - INFO - Processing Section 92...
2025-05-09 15:28:09,247 - WARNING - No record found for Section 92
2025-05-09 15:28:09,247 - INFO - Processing Section 93...
2025-05-09 15:28:15,036 - WARNING - No record found for Section 93
2025-05-09 15:28:15,036 - INFO - Processing Section 94...
2025-05-09 15:28:21,021 - WARNING - No record found for Section 94
2025-05-09 15:28:21,021 - INFO - Processing Section 95...
2025-05-09 15:28:26,345 - WARNING - No record found for Section 95
2025-05-09 15:28:26,345 - INFO - Processing Section 96...
2025-05-09 15:28:30,822 - WARNING - No record found for Section 96
2025-05-09 15:28:30,822 - INFO - Processing Section 97...
2025-05-09 15:28:35,506 - WARNING - No record found for Section 97
2025-05-09 15:28:35,506 - INFO - Processing Section 98...
2025-05-09 15:28:40,814 - WARNING - No record found for Section 98
2025-05-09 15:28:40,814 - INFO - Processing Section 99...
2025-05-09 15:28:46,353 - WARNING - No record found for Section 99
2025-05-09 15:28:46,353 - INFO - Processing Section 100...
2025-05-09 15:28:52,116 - WARNING - No record found for Section 100
2025-05-09 15:28:52,116 - INFO - Processing Section 101...
2025-05-09 15:28:56,606 - WARNING - No record found for Section 101
2025-05-09 15:28:56,606 - INFO - Processing Section 102...
2025-05-09 15:29:01,877 - WARNING - No record found for Section 102
2025-05-09 15:29:01,885 - INFO - Processing Section 103...
2025-05-09 15:29:05,893 - WARNING - No record found for Section 103
2025-05-09 15:29:05,893 - INFO - Processing Section 104...
2025-05-09 15:29:11,513 - WARNING - No record found for Section 104
2025-05-09 15:29:11,513 - INFO - Processing Section 105...
2025-05-09 15:29:15,088 - WARNING - No record found for Section 105
2025-05-09 15:29:15,088 - INFO - Processing Section 106...
2025-05-09 15:29:20,117 - WARNING - No record found for Section 106
2025-05-09 15:29:20,117 - INFO - Processing Section 107...
2025-05-09 15:29:23,797 - WARNING - No record found for Section 107
2025-05-09 15:29:23,797 - INFO - Processing Section 108...
2025-05-09 15:29:27,714 - WARNING - No record found for Section 108
2025-05-09 15:29:27,714 - INFO - Processing Section 108A...
2025-05-09 15:29:33,731 - WARNING - No record found for Section 108A
2025-05-09 15:29:33,731 - INFO - Processing Section 109...
2025-05-09 15:29:38,269 - INFO - Updated Section 109
2025-05-09 15:29:38,269 - INFO - Processing Section 110...
2025-05-09 15:29:41,823 - INFO - Updated Section 110
2025-05-09 15:29:41,823 - INFO - Processing Section 111...
2025-05-09 15:29:48,486 - WARNING - No record found for Section 111
2025-05-09 15:29:48,486 - INFO - Processing Section 112...
2025-05-09 15:29:52,377 - INFO - Updated Section 112
2025-05-09 15:29:52,377 - INFO - Processing Section 113...
2025-05-09 15:29:57,565 - WARNING - No record found for Section 113
2025-05-09 15:29:57,565 - INFO - Processing Section 114...
2025-05-09 15:30:04,860 - WARNING - No record found for Section 114
2025-05-09 15:30:04,860 - INFO - Processing Section 115...
2025-05-09 15:30:09,319 - INFO - Updated Section 115
2025-05-09 15:30:09,319 - INFO - Processing Section 116...
2025-05-09 15:30:14,252 - INFO - Updated Section 116
2025-05-09 15:30:14,252 - INFO - Processing Section 117...
2025-05-09 15:30:18,185 - WARNING - No record found for Section 117
2025-05-09 15:30:18,192 - INFO - Processing Section 118...
2025-05-09 15:30:23,918 - INFO - Updated Section 118
2025-05-09 15:30:23,918 - INFO - Processing Section 119...
2025-05-09 15:30:29,550 - WARNING - No record found for Section 119
2025-05-09 15:30:29,550 - INFO - Processing Section 120...
2025-05-09 15:30:34,611 - INFO - Updated Section 120
2025-05-09 15:30:34,611 - INFO - Processing Section 120A...
2025-05-09 15:30:40,426 - WARNING - No record found for Section 120A
2025-05-09 15:30:40,426 - INFO - Processing Section 120B...
2025-05-09 15:30:44,824 - INFO - Updated Section 120B
2025-05-09 15:30:44,824 - INFO - Processing Section 121...
2025-05-09 15:30:49,716 - WARNING - No record found for Section 121
2025-05-09 15:30:49,716 - INFO - Processing Section 121A...
2025-05-09 15:30:54,852 - WARNING - No record found for Section 121A
2025-05-09 15:30:54,852 - INFO - Processing Section 122...
2025-05-09 15:30:59,859 - WARNING - No record found for Section 122
2025-05-09 15:30:59,859 - INFO - Processing Section 123...
2025-05-09 15:31:05,216 - WARNING - No record found for Section 123
2025-05-09 15:31:05,216 - INFO - Processing Section 124...
2025-05-09 15:31:10,593 - WARNING - No record found for Section 124
2025-05-09 15:31:10,593 - INFO - Processing Section 124A...
2025-05-09 15:31:16,446 - WARNING - No record found for Section 124A
2025-05-09 15:31:16,446 - INFO - Processing Section 125...
2025-05-09 15:31:21,977 - WARNING - No record found for Section 125
2025-05-09 15:31:21,977 - INFO - Processing Section 126...
2025-05-09 15:31:26,182 - WARNING - No record found for Section 126
2025-05-09 15:31:26,190 - INFO - Processing Section 127...
2025-05-09 15:31:30,717 - WARNING - No record found for Section 127
2025-05-09 15:31:30,717 - INFO - Processing Section 128...
2025-05-09 15:31:35,781 - WARNING - No record found for Section 128
2025-05-09 15:31:35,781 - INFO - Processing Section 129...
2025-05-09 15:31:40,449 - WARNING - No record found for Section 129
2025-05-09 15:31:40,449 - INFO - Processing Section 130...
2025-05-09 15:31:46,615 - WARNING - No record found for Section 130
2025-05-09 15:31:46,615 - INFO - Processing Section 131...
2025-05-09 15:31:51,581 - WARNING - No record found for Section 131
2025-05-09 15:31:51,581 - INFO - Processing Section 132...
2025-05-09 15:31:55,994 - WARNING - No record found for Section 132
2025-05-09 15:31:55,994 - INFO - Processing Section 133...
2025-05-09 15:32:01,570 - WARNING - No record found for Section 133
2025-05-09 15:32:01,570 - INFO - Processing Section 134...
2025-05-09 15:32:07,222 - WARNING - No record found for Section 134
2025-05-09 15:32:07,224 - INFO - Processing Section 135...
2025-05-09 15:32:13,008 - WARNING - No record found for Section 135
2025-05-09 15:32:13,016 - INFO - Processing Section 136...
2025-05-09 15:32:17,683 - WARNING - No record found for Section 136
2025-05-09 15:32:17,683 - INFO - Processing Section 137...
2025-05-09 15:32:21,579 - WARNING - No record found for Section 137
2025-05-09 15:32:21,586 - INFO - Processing Section 138...
2025-05-09 15:32:27,823 - WARNING - No record found for Section 138
2025-05-09 15:32:27,823 - INFO - Processing Section 138A...
2025-05-09 15:32:31,544 - WARNING - No record found for Section 138A
2025-05-09 15:32:31,544 - INFO - Processing Section 139...
2025-05-09 15:32:35,349 - WARNING - No record found for Section 139
2025-05-09 15:32:35,349 - INFO - Processing Section 140...
2025-05-09 15:32:41,466 - WARNING - No record found for Section 140
2025-05-09 15:32:41,466 - INFO - Processing Section 141...
2025-05-09 15:32:46,009 - WARNING - No record found for Section 141
2025-05-09 15:32:46,009 - INFO - Processing Section 142...
2025-05-09 15:32:49,948 - WARNING - No record found for Section 142
2025-05-09 15:32:49,955 - INFO - Processing Section 143...
2025-05-09 15:32:55,721 - INFO - Updated Section 143
2025-05-09 15:32:55,721 - INFO - Processing Section 144...
2025-05-09 15:33:00,323 - WARNING - No record found for Section 144
2025-05-09 15:33:00,323 - INFO - Processing Section 145...
2025-05-09 15:33:04,373 - WARNING - No record found for Section 145
2025-05-09 15:33:04,373 - INFO - Processing Section 146...
2025-05-09 15:33:08,473 - WARNING - No record found for Section 146
2025-05-09 15:33:08,473 - INFO - Processing Section 147...
2025-05-09 15:33:14,624 - INFO - Updated Section 147
2025-05-09 15:33:14,624 - INFO - Processing Section 148...
2025-05-09 15:33:20,755 - WARNING - No record found for Section 148
2025-05-09 15:33:20,755 - INFO - Processing Section 149...
2025-05-09 15:33:24,348 - WARNING - No record found for Section 149
2025-05-09 15:33:24,348 - INFO - Processing Section 150...
2025-05-09 15:33:28,538 - WARNING - No record found for Section 150
2025-05-09 15:33:28,541 - INFO - Processing Section 151...
2025-05-09 15:33:33,719 - WARNING - No record found for Section 151
2025-05-09 15:33:33,723 - INFO - Processing Section 152...
2025-05-09 15:33:37,495 - WARNING - No record found for Section 152
2025-05-09 15:33:37,495 - INFO - Processing Section 153...
2025-05-09 15:33:41,763 - WARNING - No record found for Section 153
2025-05-09 15:33:41,763 - INFO - Processing Section 153A...
2025-05-09 15:33:47,678 - WARNING - No record found for Section 153A
2025-05-09 15:33:47,678 - INFO - Processing Section 153AA...
2025-05-09 15:33:52,206 - INFO - Updated Section 153AA
2025-05-09 15:33:52,206 - INFO - Processing Section 153B...
2025-05-09 15:33:56,496 - WARNING - No record found for Section 153B
2025-05-09 15:33:56,496 - INFO - Processing Section 154...
2025-05-09 15:34:02,337 - WARNING - No record found for Section 154
2025-05-09 15:34:02,337 - INFO - Processing Section 155...
2025-05-09 15:34:06,011 - WARNING - No record found for Section 155
2025-05-09 15:34:06,011 - INFO - Processing Section 156...
2025-05-09 15:34:11,537 - WARNING - No record found for Section 156
2025-05-09 15:34:11,537 - INFO - Processing Section 157...
2025-05-09 15:34:15,012 - WARNING - No record found for Section 157
2025-05-09 15:34:15,012 - INFO - Processing Section 158...
2025-05-09 15:34:18,811 - WARNING - No record found for Section 158
2025-05-09 15:34:18,811 - INFO - Processing Section 159...
2025-05-09 15:34:23,843 - WARNING - No record found for Section 159
2025-05-09 15:34:23,851 - INFO - Processing Section 160...
2025-05-09 15:34:28,043 - INFO - Updated Section 160
2025-05-09 15:34:28,043 - INFO - Processing Section 161...
2025-05-09 15:34:32,303 - WARNING - No record found for Section 161
2025-05-09 15:34:32,303 - INFO - Processing Section 162...
2025-05-09 15:34:37,280 - WARNING - No record found for Section 162
2025-05-09 15:34:37,280 - INFO - Processing Section 163...
2025-05-09 15:34:41,017 - WARNING - No record found for Section 163
2025-05-09 15:34:41,017 - INFO - Processing Section 164...
2025-05-09 15:34:46,209 - WARNING - No record found for Section 164
2025-05-09 15:34:46,209 - INFO - Processing Section 165...
2025-05-09 15:34:50,262 - WARNING - No record found for Section 165
2025-05-09 15:34:50,263 - INFO - Processing Section 165A...
2025-05-09 15:34:54,610 - WARNING - No record found for Section 165A
2025-05-09 15:34:54,618 - INFO - Processing Section 166...
2025-05-09 15:35:00,653 - WARNING - No record found for Section 166
2025-05-09 15:35:00,653 - INFO - Processing Section 166A...
2025-05-09 15:35:05,428 - WARNING - No record found for Section 166A
2025-05-09 15:35:05,428 - INFO - Processing Section 166B...
2025-05-09 15:35:11,774 - INFO - Updated Section 166B
2025-05-09 15:35:11,774 - INFO - Processing Section 167...
2025-05-09 15:35:17,787 - WARNING - No record found for Section 167
2025-05-09 15:35:17,795 - INFO - Processing Section 168...
2025-05-09 15:35:22,195 - WARNING - No record found for Section 168
2025-05-09 15:35:22,203 - INFO - Processing Section 169...
2025-05-09 15:35:26,503 - WARNING - No record found for Section 169
2025-05-09 15:35:26,503 - INFO - Processing Section 170...
2025-05-09 15:35:34,058 - WARNING - No record found for Section 170
2025-05-09 15:35:34,060 - INFO - Processing Section 171...
2025-05-09 15:35:38,173 - WARNING - No record found for Section 171
2025-05-09 15:35:38,173 - INFO - Processing Section 171A...
2025-05-09 15:35:41,621 - INFO - Updated Section 171A
2025-05-09 15:35:41,621 - INFO - Processing Section 171B...
2025-05-09 15:35:47,616 - WARNING - No record found for Section 171B
2025-05-09 15:35:47,616 - INFO - Processing Section 171C...
2025-05-09 15:35:51,195 - WARNING - No record found for Section 171C
2025-05-09 15:35:51,195 - INFO - Processing Section 171D...
2025-05-09 15:35:56,009 - WARNING - No record found for Section 171D
2025-05-09 15:35:56,009 - INFO - Processing Section 171E...
2025-05-09 15:36:01,609 - INFO - Updated Section 171E
2025-05-09 15:36:01,609 - INFO - Processing Section 171F...
2025-05-09 15:36:06,663 - INFO - Updated Section 171F
2025-05-09 15:36:06,665 - INFO - Processing Section 171G...
2025-05-09 15:36:12,029 - WARNING - No record found for Section 171G
2025-05-09 15:36:12,029 - INFO - Processing Section 171H...
2025-05-09 15:36:17,556 - WARNING - No record found for Section 171H
2025-05-09 15:36:17,559 - INFO - Processing Section 171I...
2025-05-09 15:36:20,876 - WARNING - No record found for Section 171I
2025-05-09 15:36:20,876 - INFO - Processing Section 172...
2025-05-09 15:36:26,018 - WARNING - No record found for Section 172
2025-05-09 15:36:26,024 - INFO - Processing Section 173...
2025-05-09 15:36:29,788 - WARNING - No record found for Section 173
2025-05-09 15:36:29,788 - INFO - Processing Section 174...
2025-05-09 15:36:34,927 - WARNING - No record found for Section 174
2025-05-09 15:36:34,927 - INFO - Processing Section 174A...
2025-05-09 15:36:39,240 - WARNING - No record found for Section 174A
2025-05-09 15:36:39,240 - INFO - Processing Section 175...
2025-05-09 15:36:43,623 - WARNING - No record found for Section 175
2025-05-09 15:36:43,632 - INFO - Processing Section 176...
2025-05-09 15:36:47,770 - WARNING - No record found for Section 176
2025-05-09 15:36:47,770 - INFO - Processing Section 177...
2025-05-09 15:36:51,519 - WARNING - No record found for Section 177
2025-05-09 15:36:51,519 - INFO - Processing Section 178...
2025-05-09 15:36:54,779 - WARNING - No record found for Section 178
2025-05-09 15:36:54,779 - INFO - Processing Section 179...
2025-05-09 15:37:02,751 - WARNING - No record found for Section 179
2025-05-09 15:37:02,751 - INFO - Processing Section 180...
2025-05-09 15:37:07,713 - INFO - Database connection closed
2025-05-09 15:38:04,597 - INFO - Successfully connected to MySQL database
2025-05-09 15:38:04,597 - INFO - Fetching main page...
2025-05-09 15:38:10,165 - INFO - Found 575 IPC section links
2025-05-09 15:38:10,165 - INFO - Processing Section 1...
2025-05-09 15:38:15,696 - WARNING - No record found for Section 1
2025-05-09 15:38:15,696 - INFO - Processing Section 2...
2025-05-09 15:38:21,202 - WARNING - No record found for Section 2
2025-05-09 15:38:21,203 - INFO - Processing Section 3...
2025-05-09 15:38:24,877 - WARNING - No record found for Section 3
2025-05-09 15:38:24,880 - INFO - Processing Section 4...
2025-05-09 15:38:30,230 - WARNING - No record found for Section 4
2025-05-09 15:38:30,230 - INFO - Processing Section 5...
2025-05-09 15:38:33,695 - WARNING - No record found for Section 5
2025-05-09 15:38:33,696 - INFO - Processing Section 6...
2025-05-09 15:38:37,515 - WARNING - No record found for Section 6
2025-05-09 15:38:37,515 - INFO - Processing Section 7...
2025-05-09 15:38:43,313 - WARNING - No record found for Section 7
2025-05-09 15:38:43,313 - INFO - Processing Section 8...
2025-05-09 15:38:48,235 - WARNING - No record found for Section 8
2025-05-09 15:38:48,235 - INFO - Processing Section 9...
2025-05-09 15:38:54,339 - WARNING - No record found for Section 9
2025-05-09 15:38:54,339 - INFO - Processing Section 10...
2025-05-09 15:38:58,717 - WARNING - No record found for Section 10
2025-05-09 15:38:58,717 - INFO - Processing Section 11...
2025-05-09 15:39:03,371 - WARNING - No record found for Section 11
2025-05-09 15:39:03,371 - INFO - Processing Section 12...
2025-05-09 15:39:07,377 - WARNING - No record found for Section 12
2025-05-09 15:39:07,380 - INFO - Processing Section 13...
2025-05-09 15:39:11,780 - WARNING - No record found for Section 13
2025-05-09 15:39:11,780 - INFO - Processing Section 14...
2025-05-09 15:39:15,585 - WARNING - No record found for Section 14
2025-05-09 15:39:15,585 - INFO - Processing Section 15...
2025-05-09 15:39:19,281 - WARNING - No record found for Section 15
2025-05-09 15:39:19,281 - INFO - Processing Section 16...
2025-05-09 15:39:23,142 - WARNING - No record found for Section 16
2025-05-09 15:39:23,142 - INFO - Processing Section 17...
2025-05-09 15:39:29,030 - WARNING - No record found for Section 17
2025-05-09 15:39:29,032 - INFO - Processing Section 18...
2025-05-09 15:39:34,772 - WARNING - No record found for Section 18
2025-05-09 15:39:34,772 - INFO - Processing Section 19...
2025-05-09 15:39:39,765 - WARNING - No record found for Section 19
2025-05-09 15:39:39,765 - INFO - Processing Section 20...
2025-05-09 15:39:44,838 - WARNING - No record found for Section 20
2025-05-09 15:39:44,838 - INFO - Processing Section 21...
2025-05-09 15:39:49,044 - WARNING - No record found for Section 21
2025-05-09 15:39:49,044 - INFO - Processing Section 22...
2025-05-09 15:39:54,520 - WARNING - No record found for Section 22
2025-05-09 15:39:54,520 - INFO - Processing Section 23...
2025-05-09 15:40:00,591 - WARNING - No record found for Section 23
2025-05-09 15:40:00,591 - INFO - Processing Section 24...
2025-05-09 15:40:04,230 - WARNING - No record found for Section 24
2025-05-09 15:40:04,230 - INFO - Processing Section 25...
2025-05-09 15:40:08,722 - WARNING - No record found for Section 25
2025-05-09 15:40:08,722 - INFO - Processing Section 26...
2025-05-09 15:40:13,648 - WARNING - No record found for Section 26
2025-05-09 15:40:13,648 - INFO - Processing Section 27...
2025-05-09 15:40:17,502 - WARNING - No record found for Section 27
2025-05-09 15:40:17,502 - INFO - Processing Section 28...
2025-05-09 15:40:22,853 - WARNING - No record found for Section 28
2025-05-09 15:40:22,853 - INFO - Processing Section 29...
2025-05-09 15:40:27,438 - WARNING - No record found for Section 29
2025-05-09 15:40:27,438 - INFO - Processing Section 29A...
2025-05-09 15:40:33,693 - WARNING - No record found for Section 29A
2025-05-09 15:40:33,700 - INFO - Processing Section 30...
2025-05-09 15:40:39,119 - WARNING - No record found for Section 30
2025-05-09 15:40:39,119 - INFO - Processing Section 31...
2025-05-09 15:40:45,314 - WARNING - No record found for Section 31
2025-05-09 15:40:45,314 - INFO - Processing Section 32...
2025-05-09 15:40:49,730 - WARNING - No record found for Section 32
2025-05-09 15:40:49,730 - INFO - Processing Section 33...
2025-05-09 15:40:54,377 - WARNING - No record found for Section 33
2025-05-09 15:40:54,377 - INFO - Processing Section 34...
2025-05-09 15:40:58,376 - WARNING - No record found for Section 34
2025-05-09 15:40:58,376 - INFO - Processing Section 35...
2025-05-09 15:41:04,827 - WARNING - No record found for Section 35
2025-05-09 15:41:04,827 - INFO - Processing Section 36...
2025-05-09 15:41:10,805 - WARNING - No record found for Section 36
2025-05-09 15:41:10,806 - INFO - Processing Section 37...
2025-05-09 15:41:14,133 - WARNING - No record found for Section 37
2025-05-09 15:41:14,133 - INFO - Processing Section 38...
2025-05-09 15:41:18,855 - WARNING - No record found for Section 38
2025-05-09 15:41:18,855 - INFO - Processing Section 39...
2025-05-09 15:41:24,399 - WARNING - No record found for Section 39
2025-05-09 15:41:24,399 - INFO - Processing Section 40...
2025-05-09 15:41:28,710 - WARNING - No record found for Section 40
2025-05-09 15:41:28,710 - INFO - Processing Section 41...
2025-05-09 15:41:32,080 - WARNING - No record found for Section 41
2025-05-09 15:41:32,080 - INFO - Processing Section 42...
2025-05-09 15:41:38,008 - WARNING - No record found for Section 42
2025-05-09 15:41:38,008 - INFO - Processing Section 43...
2025-05-09 15:41:46,589 - WARNING - No record found for Section 43
2025-05-09 15:41:46,590 - INFO - Processing Section 44...
2025-05-09 15:41:51,315 - WARNING - No record found for Section 44
2025-05-09 15:41:51,315 - INFO - Processing Section 45...
2025-05-09 15:41:57,220 - WARNING - No record found for Section 45
2025-05-09 15:41:57,220 - INFO - Processing Section 46...
2025-05-09 15:42:02,337 - WARNING - No record found for Section 46
2025-05-09 15:42:02,337 - INFO - Processing Section 47...
2025-05-09 15:42:07,703 - WARNING - No record found for Section 47
2025-05-09 15:42:07,703 - INFO - Processing Section 48...
2025-05-09 15:42:11,393 - WARNING - No record found for Section 48
2025-05-09 15:42:11,393 - INFO - Processing Section 49...
2025-05-09 15:42:14,754 - WARNING - No record found for Section 49
2025-05-09 15:42:14,754 - INFO - Processing Section 50...
2025-05-09 15:42:20,412 - WARNING - No record found for Section 50
2025-05-09 15:42:20,412 - INFO - Processing Section 51...
2025-05-09 15:42:24,692 - WARNING - No record found for Section 51
2025-05-09 15:42:24,692 - INFO - Processing Section 52...
2025-05-09 15:42:29,825 - WARNING - No record found for Section 52
2025-05-09 15:42:29,825 - INFO - Processing Section 52A...
2025-05-09 15:42:34,443 - WARNING - No record found for Section 52A
2025-05-09 15:42:34,449 - INFO - Processing Section 53...
2025-05-09 15:42:38,452 - WARNING - No record found for Section 53
2025-05-09 15:42:38,452 - INFO - Processing Section 53A...
2025-05-09 15:42:44,499 - WARNING - No record found for Section 53A
2025-05-09 15:42:44,499 - INFO - Processing Section 54...
2025-05-09 15:42:48,658 - WARNING - No record found for Section 54
2025-05-09 15:42:48,658 - INFO - Processing Section 55...
2025-05-09 15:42:52,663 - WARNING - No record found for Section 55
2025-05-09 15:42:52,663 - INFO - Processing Section 55A...
2025-05-09 15:42:55,917 - INFO - Successfully connected to MySQL database
2025-05-09 15:42:55,917 - INFO - Fetching main page...
2025-05-09 15:42:58,697 - WARNING - No record found for Section 55A
2025-05-09 15:42:58,697 - INFO - Processing Section 56...
2025-05-09 15:43:01,790 - INFO - Found 575 IPC section links
2025-05-09 15:43:01,790 - INFO - Processing Section 1...
2025-05-09 15:43:04,111 - WARNING - No record found for Section 56
2025-05-09 15:43:04,111 - INFO - Processing Section 57...
2025-05-09 15:43:08,845 - WARNING - No record found for Section 57
2025-05-09 15:43:08,845 - INFO - Processing Section 58...
2025-05-09 15:43:14,086 - WARNING - No record found for Section 58
2025-05-09 15:43:14,086 - INFO - Processing Section 59...
2025-05-09 15:43:20,140 - WARNING - No record found for Section 59
2025-05-09 15:43:20,140 - INFO - Processing Section 60...
2025-05-09 15:43:24,204 - WARNING - No record found for Section 60
2025-05-09 15:43:24,204 - INFO - Processing Section 61...
2025-05-09 15:43:29,819 - WARNING - No record found for Section 61
2025-05-09 15:43:29,819 - INFO - Processing Section 62...
2025-05-09 15:43:33,756 - WARNING - No record found for Section 62
2025-05-09 15:43:33,756 - INFO - Processing Section 63...
2025-05-09 15:43:39,047 - WARNING - No record found for Section 63
2025-05-09 15:43:39,047 - INFO - Processing Section 64...
2025-05-09 15:43:42,628 - WARNING - No record found for Section 64
2025-05-09 15:43:42,628 - INFO - Processing Section 65...
2025-05-09 15:43:48,419 - WARNING - No record found for Section 65
2025-05-09 15:43:48,421 - INFO - Processing Section 66...
2025-05-09 15:43:52,151 - WARNING - No record found for Section 66
2025-05-09 15:43:52,151 - INFO - Processing Section 67...
2025-05-09 15:43:56,039 - ERROR - Error processing Section 1: 1205 (HY000): Lock wait timeout exceeded; try restarting transaction
2025-05-09 15:43:56,039 - INFO - Processing Section 2...
2025-05-09 15:43:56,330 - WARNING - No record found for Section 67
2025-05-09 15:43:56,330 - INFO - Processing Section 68...
2025-05-09 15:43:59,840 - WARNING - No record found for Section 68
2025-05-09 15:43:59,840 - INFO - Processing Section 69...
2025-05-09 15:44:05,765 - WARNING - No record found for Section 69
2025-05-09 15:44:05,765 - INFO - Processing Section 70...
2025-05-09 15:44:10,269 - WARNING - No record found for Section 70
2025-05-09 15:44:10,275 - INFO - Processing Section 71...
2025-05-09 15:44:16,321 - WARNING - No record found for Section 71
2025-05-09 15:44:16,321 - INFO - Processing Section 72...
2025-05-09 15:44:22,154 - WARNING - No record found for Section 72
2025-05-09 15:44:22,154 - INFO - Processing Section 73...
2025-05-09 15:44:27,778 - WARNING - No record found for Section 73
2025-05-09 15:44:27,778 - INFO - Processing Section 74...
2025-05-09 15:44:33,580 - WARNING - No record found for Section 74
2025-05-09 15:44:33,580 - INFO - Processing Section 75...
2025-05-09 15:44:39,273 - WARNING - No record found for Section 75
2025-05-09 15:44:39,273 - INFO - Processing Section 76...
2025-05-09 15:44:44,084 - WARNING - No record found for Section 76
2025-05-09 15:44:44,084 - INFO - Processing Section 77...
2025-05-09 15:44:48,867 - WARNING - No record found for Section 77
2025-05-09 15:44:48,867 - INFO - Processing Section 78...
2025-05-09 15:44:54,299 - WARNING - No record found for Section 78
2025-05-09 15:44:54,299 - INFO - Processing Section 79...
2025-05-09 15:44:59,171 - WARNING - No record found for Section 79
2025-05-09 15:44:59,171 - INFO - Processing Section 80...
2025-05-09 15:45:02,815 - WARNING - No record found for Section 80
2025-05-09 15:45:02,815 - INFO - Processing Section 81...
2025-05-09 15:45:08,232 - WARNING - No record found for Section 81
2025-05-09 15:45:08,232 - INFO - Processing Section 82...
2025-05-09 15:45:12,228 - WARNING - No record found for Section 82
2025-05-09 15:45:12,228 - INFO - Processing Section 83...
2025-05-09 15:45:17,859 - WARNING - No record found for Section 83
2025-05-09 15:45:17,859 - INFO - Processing Section 84...
2025-05-09 15:45:21,951 - WARNING - No record found for Section 84
2025-05-09 15:45:21,951 - INFO - Processing Section 85...
2025-05-09 15:45:28,112 - WARNING - No record found for Section 85
2025-05-09 15:45:28,112 - INFO - Processing Section 86...
2025-05-09 15:45:32,246 - WARNING - No record found for Section 86
2025-05-09 15:45:32,246 - INFO - Processing Section 87...
2025-05-09 15:45:37,987 - WARNING - No record found for Section 87
2025-05-09 15:45:37,987 - INFO - Processing Section 88...
2025-05-09 15:45:42,737 - WARNING - No record found for Section 88
2025-05-09 15:45:42,737 - INFO - Processing Section 89...
2025-05-09 15:45:46,615 - WARNING - No record found for Section 89
2025-05-09 15:45:46,615 - INFO - Processing Section 90...
2025-05-09 15:45:50,660 - WARNING - No record found for Section 90
2025-05-09 15:45:50,660 - INFO - Processing Section 91...
2025-05-09 15:45:56,693 - WARNING - No record found for Section 91
2025-05-09 15:45:56,693 - INFO - Processing Section 92...
2025-05-09 15:46:02,906 - WARNING - No record found for Section 92
2025-05-09 15:46:02,906 - INFO - Processing Section 93...
2025-05-09 15:46:08,503 - WARNING - No record found for Section 93
2025-05-09 15:46:08,503 - INFO - Processing Section 94...
2025-05-09 15:46:12,024 - WARNING - No record found for Section 94
2025-05-09 15:46:12,035 - INFO - Processing Section 95...
2025-05-09 15:46:17,658 - WARNING - No record found for Section 95
2025-05-09 15:46:17,658 - INFO - Processing Section 96...
2025-05-09 15:46:23,814 - WARNING - No record found for Section 96
2025-05-09 15:46:23,814 - INFO - Processing Section 97...
2025-05-09 15:46:29,859 - WARNING - No record found for Section 97
2025-05-09 15:46:29,859 - INFO - Processing Section 98...
2025-05-09 15:46:33,439 - WARNING - No record found for Section 98
2025-05-09 15:46:33,439 - INFO - Processing Section 99...
2025-05-09 15:46:39,170 - WARNING - No record found for Section 99
2025-05-09 15:46:39,170 - INFO - Processing Section 100...
2025-05-09 15:46:42,970 - WARNING - No record found for Section 100
2025-05-09 15:46:42,970 - INFO - Processing Section 101...
2025-05-09 15:46:48,460 - WARNING - No record found for Section 101
2025-05-09 15:46:48,460 - INFO - Processing Section 102...
2025-05-09 15:46:52,422 - WARNING - No record found for Section 102
2025-05-09 15:46:52,422 - INFO - Processing Section 103...
2025-05-09 15:46:57,943 - WARNING - No record found for Section 103
2025-05-09 15:46:57,943 - INFO - Processing Section 104...
2025-05-09 15:47:02,816 - WARNING - No record found for Section 104
2025-05-09 15:47:02,816 - INFO - Processing Section 105...
2025-05-09 15:47:06,974 - WARNING - No record found for Section 105
2025-05-09 15:47:06,974 - INFO - Processing Section 106...
2025-05-09 15:47:11,027 - WARNING - No record found for Section 106
2025-05-09 15:47:11,027 - INFO - Processing Section 107...
2025-05-09 15:47:16,546 - WARNING - No record found for Section 107
2025-05-09 15:47:16,547 - INFO - Processing Section 108...
2025-05-09 15:47:21,484 - WARNING - No record found for Section 108
2025-05-09 15:47:21,484 - INFO - Processing Section 108A...
2025-05-09 15:47:27,225 - WARNING - No record found for Section 108A
2025-05-09 15:47:27,225 - INFO - Processing Section 109...
2025-05-09 15:47:32,638 - WARNING - No record found for Section 109
2025-05-09 15:47:32,638 - INFO - Processing Section 110...
2025-05-09 15:47:38,401 - WARNING - No record found for Section 110
2025-05-09 15:47:38,401 - INFO - Processing Section 111...
2025-05-09 15:47:44,517 - WARNING - No record found for Section 111
2025-05-09 15:47:44,517 - INFO - Processing Section 112...
2025-05-09 15:47:48,933 - WARNING - No record found for Section 112
2025-05-09 15:47:48,933 - INFO - Processing Section 113...
2025-05-09 15:47:52,383 - WARNING - No record found for Section 113
2025-05-09 15:47:52,383 - INFO - Processing Section 114...
2025-05-09 15:47:57,200 - WARNING - No record found for Section 114
2025-05-09 15:47:57,200 - INFO - Processing Section 115...
2025-05-09 15:48:03,250 - WARNING - No record found for Section 115
2025-05-09 15:48:03,250 - INFO - Processing Section 116...
2025-05-09 15:48:07,037 - WARNING - No record found for Section 116
2025-05-09 15:48:07,037 - INFO - Processing Section 117...
2025-05-09 15:48:13,174 - WARNING - No record found for Section 117
2025-05-09 15:48:13,174 - INFO - Processing Section 118...
2025-05-09 15:48:17,781 - WARNING - No record found for Section 118
2025-05-09 15:48:17,781 - INFO - Processing Section 119...
2025-05-09 15:48:21,307 - WARNING - No record found for Section 119
2025-05-09 15:48:21,307 - INFO - Processing Section 120...
2025-05-09 15:48:26,608 - WARNING - No record found for Section 120
2025-05-09 15:48:26,608 - INFO - Processing Section 120A...
2025-05-09 15:48:31,103 - WARNING - No record found for Section 120A
2025-05-09 15:48:31,103 - INFO - Processing Section 120B...
2025-05-09 15:48:35,196 - WARNING - No record found for Section 120B
2025-05-09 15:48:35,197 - INFO - Processing Section 121...
2025-05-09 15:48:39,198 - WARNING - No record found for Section 121
2025-05-09 15:48:39,198 - INFO - Processing Section 121A...
2025-05-09 15:48:43,391 - WARNING - No record found for Section 121A
2025-05-09 15:48:43,391 - INFO - Processing Section 122...
2025-05-09 15:48:46,866 - WARNING - No record found for Section 122
2025-05-09 15:48:46,866 - INFO - Processing Section 123...
2025-05-09 15:48:52,016 - WARNING - No record found for Section 123
2025-05-09 15:48:52,016 - INFO - Processing Section 124...
2025-05-09 15:48:56,805 - WARNING - No record found for Section 124
2025-05-09 15:48:56,805 - INFO - Processing Section 124A...
2025-05-09 15:49:00,223 - WARNING - No record found for Section 124A
2025-05-09 15:49:00,223 - INFO - Processing Section 125...
2025-05-09 15:49:04,517 - WARNING - No record found for Section 125
2025-05-09 15:49:04,517 - INFO - Processing Section 126...
2025-05-09 15:49:08,074 - WARNING - No record found for Section 126
2025-05-09 15:49:08,074 - INFO - Processing Section 127...
2025-05-09 15:49:13,392 - WARNING - No record found for Section 127
2025-05-09 15:49:13,392 - INFO - Processing Section 128...
2025-05-09 15:49:19,525 - WARNING - No record found for Section 128
2025-05-09 15:49:19,525 - INFO - Processing Section 129...
2025-05-09 15:49:25,370 - WARNING - No record found for Section 129
2025-05-09 15:49:25,370 - INFO - Processing Section 130...
2025-05-09 15:49:28,740 - WARNING - No record found for Section 130
2025-05-09 15:49:28,748 - INFO - Processing Section 131...
2025-05-09 15:49:32,936 - WARNING - No record found for Section 131
2025-05-09 15:49:32,936 - INFO - Processing Section 132...
2025-05-09 15:49:39,022 - WARNING - No record found for Section 132
2025-05-09 15:49:39,022 - INFO - Processing Section 133...
2025-05-09 15:49:42,503 - WARNING - No record found for Section 133
2025-05-09 15:49:42,503 - INFO - Processing Section 134...
2025-05-09 15:49:45,966 - WARNING - No record found for Section 134
2025-05-09 15:49:45,966 - INFO - Processing Section 135...
2025-05-09 15:49:49,439 - WARNING - No record found for Section 135
2025-05-09 15:49:49,439 - INFO - Processing Section 136...
2025-05-09 15:49:54,859 - WARNING - No record found for Section 136
2025-05-09 15:49:54,859 - INFO - Processing Section 137...
2025-05-09 15:49:59,788 - WARNING - No record found for Section 137
2025-05-09 15:49:59,788 - INFO - Processing Section 138...
2025-05-09 15:50:05,201 - WARNING - No record found for Section 138
2025-05-09 15:50:05,201 - INFO - Processing Section 138A...
2025-05-09 15:50:09,135 - WARNING - No record found for Section 138A
2025-05-09 15:50:09,135 - INFO - Processing Section 139...
2025-05-09 15:50:14,981 - WARNING - No record found for Section 139
2025-05-09 15:50:14,981 - INFO - Processing Section 140...
2025-05-09 15:50:20,602 - WARNING - No record found for Section 140
2025-05-09 15:50:20,602 - INFO - Processing Section 141...
2025-05-09 15:50:26,202 - WARNING - No record found for Section 141
2025-05-09 15:50:26,202 - INFO - Processing Section 142...
2025-05-09 15:50:30,404 - WARNING - No record found for Section 142
2025-05-09 15:50:30,404 - INFO - Processing Section 143...
2025-05-09 15:50:35,001 - WARNING - No record found for Section 143
2025-05-09 15:50:35,001 - INFO - Processing Section 144...
2025-05-09 15:50:39,102 - WARNING - No record found for Section 144
2025-05-09 15:50:39,102 - INFO - Processing Section 145...
2025-05-09 15:50:43,222 - WARNING - No record found for Section 145
2025-05-09 15:50:43,222 - INFO - Processing Section 146...
2025-05-09 15:50:47,489 - WARNING - No record found for Section 146
2025-05-09 15:50:47,489 - INFO - Processing Section 147...
2025-05-09 15:50:52,335 - WARNING - No record found for Section 147
2025-05-09 15:50:52,335 - INFO - Processing Section 148...
2025-05-09 15:50:56,968 - WARNING - No record found for Section 148
2025-05-09 15:50:56,968 - INFO - Processing Section 149...
2025-05-09 15:51:01,936 - WARNING - No record found for Section 149
2025-05-09 15:51:01,937 - INFO - Processing Section 150...
2025-05-09 15:51:08,080 - WARNING - No record found for Section 150
2025-05-09 15:51:08,080 - INFO - Processing Section 151...
2025-05-09 15:51:13,902 - WARNING - No record found for Section 151
2025-05-09 15:51:13,902 - INFO - Processing Section 152...
2025-05-09 15:51:19,023 - WARNING - No record found for Section 152
2025-05-09 15:51:19,023 - INFO - Processing Section 153...
2025-05-09 15:51:23,353 - WARNING - No record found for Section 153
2025-05-09 15:51:23,353 - INFO - Processing Section 153A...
2025-05-09 15:51:27,947 - WARNING - No record found for Section 153A
2025-05-09 15:51:27,947 - INFO - Processing Section 153AA...
2025-05-09 15:51:33,510 - WARNING - No record found for Section 153AA
2025-05-09 15:51:33,510 - INFO - Processing Section 153B...
2025-05-09 15:51:39,606 - WARNING - No record found for Section 153B
2025-05-09 15:51:39,607 - INFO - Processing Section 154...
2025-05-09 15:51:43,099 - WARNING - No record found for Section 154
2025-05-09 15:51:43,099 - INFO - Processing Section 155...
2025-05-09 15:51:47,293 - WARNING - No record found for Section 155
2025-05-09 15:51:47,293 - INFO - Processing Section 156...
2025-05-09 15:51:52,152 - WARNING - No record found for Section 156
2025-05-09 15:51:52,152 - INFO - Processing Section 157...
2025-05-09 15:51:56,412 - WARNING - No record found for Section 157
2025-05-09 15:51:56,417 - INFO - Processing Section 158...
2025-05-09 15:52:01,962 - WARNING - No record found for Section 158
2025-05-09 15:52:01,962 - INFO - Processing Section 159...
2025-05-09 15:52:07,624 - WARNING - No record found for Section 159
2025-05-09 15:52:07,624 - INFO - Processing Section 160...
2025-05-09 15:52:13,169 - WARNING - No record found for Section 160
2025-05-09 15:52:13,169 - INFO - Processing Section 161...
2025-05-09 15:52:16,625 - WARNING - No record found for Section 161
2025-05-09 15:52:16,627 - INFO - Processing Section 162...
2025-05-09 15:52:22,828 - WARNING - No record found for Section 162
2025-05-09 15:52:22,828 - INFO - Processing Section 163...
2025-05-09 15:52:26,728 - WARNING - No record found for Section 163
2025-05-09 15:52:26,728 - INFO - Processing Section 164...
2025-05-09 15:52:32,992 - WARNING - No record found for Section 164
2025-05-09 15:52:32,999 - INFO - Processing Section 165...
2025-05-09 15:52:39,223 - WARNING - No record found for Section 165
2025-05-09 15:52:39,223 - INFO - Processing Section 165A...
2025-05-09 15:52:44,543 - WARNING - No record found for Section 165A
2025-05-09 15:52:44,543 - INFO - Processing Section 166...
2025-05-09 15:52:49,876 - WARNING - No record found for Section 166
2025-05-09 15:52:49,876 - INFO - Processing Section 166A...
2025-05-09 15:52:54,577 - WARNING - No record found for Section 166A
2025-05-09 15:52:54,577 - INFO - Processing Section 166B...
2025-05-09 15:52:58,850 - WARNING - No record found for Section 166B
2025-05-09 15:52:58,850 - INFO - Processing Section 167...
2025-05-09 15:53:02,359 - WARNING - No record found for Section 167
2025-05-09 15:53:02,359 - INFO - Processing Section 168...
2025-05-09 15:53:07,076 - WARNING - No record found for Section 168
2025-05-09 15:53:07,076 - INFO - Processing Section 169...
2025-05-09 15:53:12,597 - WARNING - No record found for Section 169
2025-05-09 15:53:12,597 - INFO - Processing Section 170...
2025-05-09 15:53:17,524 - WARNING - No record found for Section 170
2025-05-09 15:53:17,524 - INFO - Processing Section 171...
2025-05-09 15:53:22,653 - WARNING - No record found for Section 171
2025-05-09 15:53:22,653 - INFO - Processing Section 171A...
2025-05-09 15:53:28,581 - WARNING - No record found for Section 171A
2025-05-09 15:53:28,581 - INFO - Processing Section 171B...
2025-05-09 15:53:32,861 - WARNING - No record found for Section 171B
2025-05-09 15:53:32,869 - INFO - Processing Section 171C...
2025-05-09 15:53:37,833 - WARNING - No record found for Section 171C
2025-05-09 15:53:37,833 - INFO - Processing Section 171D...
2025-05-09 15:53:42,109 - WARNING - No record found for Section 171D
2025-05-09 15:53:42,109 - INFO - Processing Section 171E...
2025-05-09 15:53:47,307 - WARNING - No record found for Section 171E
2025-05-09 15:53:47,307 - INFO - Processing Section 171F...
2025-05-09 15:53:52,832 - WARNING - No record found for Section 171F
2025-05-09 15:53:52,832 - INFO - Processing Section 171G...
2025-05-09 15:53:56,726 - WARNING - No record found for Section 171G
2025-05-09 15:53:56,726 - INFO - Processing Section 171H...
2025-05-09 15:54:00,115 - WARNING - No record found for Section 171H
2025-05-09 15:54:00,115 - INFO - Processing Section 171I...
2025-05-09 15:54:04,008 - WARNING - No record found for Section 171I
2025-05-09 15:54:04,008 - INFO - Processing Section 172...
2025-05-09 15:54:08,049 - WARNING - No record found for Section 172
2025-05-09 15:54:08,049 - INFO - Processing Section 173...
2025-05-09 15:54:12,922 - WARNING - No record found for Section 173
2025-05-09 15:54:12,922 - INFO - Processing Section 174...
2025-05-09 15:54:18,441 - WARNING - No record found for Section 174
2025-05-09 15:54:18,441 - INFO - Processing Section 174A...
2025-05-09 15:54:22,682 - WARNING - No record found for Section 174A
2025-05-09 15:54:22,682 - INFO - Processing Section 175...
2025-05-09 15:54:28,791 - WARNING - No record found for Section 175
2025-05-09 15:54:28,791 - INFO - Processing Section 176...
2025-05-09 15:54:33,274 - WARNING - No record found for Section 176
2025-05-09 15:54:33,274 - INFO - Processing Section 177...
2025-05-09 15:54:38,402 - WARNING - No record found for Section 177
2025-05-09 15:54:38,402 - INFO - Processing Section 178...
2025-05-09 15:54:42,197 - WARNING - No record found for Section 178
2025-05-09 15:54:42,198 - INFO - Processing Section 179...
2025-05-09 15:54:46,122 - WARNING - No record found for Section 179
2025-05-09 15:54:46,122 - INFO - Processing Section 180...
2025-05-09 15:54:51,438 - WARNING - No record found for Section 180
2025-05-09 15:54:51,446 - INFO - Processing Section 181...
2025-05-09 15:54:55,940 - WARNING - No record found for Section 181
2025-05-09 15:54:55,940 - INFO - Processing Section 182...
2025-05-09 15:55:00,448 - WARNING - No record found for Section 182
2025-05-09 15:55:00,449 - INFO - Processing Section 183...
2025-05-09 15:55:04,320 - WARNING - No record found for Section 183
2025-05-09 15:55:04,321 - INFO - Processing Section 184...
2025-05-09 15:55:09,139 - WARNING - No record found for Section 184
2025-05-09 15:55:09,139 - INFO - Processing Section 185...
2025-05-09 15:55:15,365 - WARNING - No record found for Section 185
2025-05-09 15:55:15,365 - INFO - Processing Section 186...
2025-05-09 15:55:20,181 - WARNING - No record found for Section 186
2025-05-09 15:55:20,181 - INFO - Processing Section 187...
2025-05-09 15:55:25,046 - WARNING - No record found for Section 187
2025-05-09 15:55:25,046 - INFO - Processing Section 188...
2025-05-09 15:55:31,370 - WARNING - No record found for Section 188
2025-05-09 15:55:31,372 - INFO - Processing Section 189...
2025-05-09 15:55:36,694 - WARNING - No record found for Section 189
2025-05-09 15:55:36,694 - INFO - Processing Section 190...
2025-05-09 15:55:42,720 - WARNING - No record found for Section 190
2025-05-09 15:55:42,720 - INFO - Processing Section 191...
2025-05-09 15:55:48,039 - WARNING - No record found for Section 191
2025-05-09 15:55:48,046 - INFO - Processing Section 192...
2025-05-09 15:55:52,231 - WARNING - No record found for Section 192
2025-05-09 15:55:52,231 - INFO - Processing Section 193...
2025-05-09 15:55:55,904 - INFO - Updated Section 193
2025-05-09 15:55:55,904 - INFO - Processing Section 194...
2025-05-09 15:55:59,283 - WARNING - No record found for Section 194
2025-05-09 15:55:59,283 - INFO - Processing Section 195...
2025-05-09 16:07:51,353 - INFO - Successfully connected to MySQL database
2025-05-09 16:07:51,353 - INFO - Fetching main page...
2025-05-09 16:07:57,854 - INFO - Found 575 IPC section links
2025-05-09 16:07:57,854 - INFO - Processing Section 1...
2025-05-09 16:08:01,937 - WARNING - No record found for Section 1
2025-05-09 16:08:01,937 - INFO - Processing Section 2...
2025-05-09 16:08:07,571 - WARNING - No record found for Section 2
2025-05-09 16:08:07,571 - INFO - Processing Section 3...
2025-05-09 16:08:12,773 - WARNING - No record found for Section 3
2025-05-09 16:08:12,773 - INFO - Processing Section 4...
2025-05-09 16:08:16,753 - WARNING - No record found for Section 4
2025-05-09 16:08:16,753 - INFO - Processing Section 5...
2025-05-09 16:08:20,161 - WARNING - No record found for Section 5
2025-05-09 16:08:20,161 - INFO - Processing Section 6...
2025-05-09 16:08:23,540 - WARNING - No record found for Section 6
2025-05-09 16:08:23,540 - INFO - Processing Section 7...
2025-05-09 16:08:29,702 - WARNING - No record found for Section 7
2025-05-09 16:08:29,702 - INFO - Processing Section 8...
2025-05-09 16:08:33,337 - WARNING - No record found for Section 8
2025-05-09 16:08:33,337 - INFO - Processing Section 9...
2025-05-09 16:08:37,480 - WARNING - No record found for Section 9
2025-05-09 16:08:37,480 - INFO - Processing Section 10...
2025-05-09 16:08:41,168 - WARNING - No record found for Section 10
2025-05-09 16:08:41,168 - INFO - Processing Section 11...
2025-05-09 16:08:47,205 - WARNING - No record found for Section 11
2025-05-09 16:08:47,205 - INFO - Processing Section 12...
2025-05-09 16:08:52,239 - WARNING - No record found for Section 12
2025-05-09 16:08:52,239 - INFO - Processing Section 13...
2025-05-09 16:08:57,858 - WARNING - No record found for Section 13
2025-05-09 16:08:57,858 - INFO - Processing Section 14...
2025-05-09 16:09:02,805 - WARNING - No record found for Section 14
2025-05-09 16:09:02,805 - INFO - Processing Section 15...
2025-05-09 16:09:07,690 - WARNING - No record found for Section 15
2025-05-09 16:09:07,690 - INFO - Processing Section 16...
2025-05-09 16:09:12,654 - WARNING - No record found for Section 16
2025-05-09 16:09:12,655 - INFO - Processing Section 17...
2025-05-09 16:09:17,000 - WARNING - No record found for Section 17
2025-05-09 16:09:17,000 - INFO - Processing Section 18...
2025-05-09 16:09:20,961 - WARNING - No record found for Section 18
2025-05-09 16:09:20,961 - INFO - Processing Section 19...
2025-05-09 16:09:26,551 - WARNING - No record found for Section 19
2025-05-09 16:09:26,556 - INFO - Processing Section 20...
2025-05-09 16:09:29,999 - WARNING - No record found for Section 20
2025-05-09 16:09:29,999 - INFO - Processing Section 21...
2025-05-09 16:09:33,077 - INFO - Database connection closed
2025-05-09 16:09:57,516 - INFO - Successfully connected to MySQL database
2025-05-09 16:09:57,517 - INFO - Fetching main page...
2025-05-09 16:10:02,000 - INFO - Found 575 IPC section links
2025-05-09 16:10:02,002 - INFO - Processing Section 1...
2025-05-09 16:10:08,286 - ERROR - Error processing Section 1: 1062 (23000): Duplicate entry '1' for key 'ipc_sections.section_number'
2025-05-09 16:10:08,286 - INFO - Processing Section 2...
2025-05-09 16:10:14,356 - ERROR - Error processing Section 2: 1062 (23000): Duplicate entry '2' for key 'ipc_sections.section_number'
2025-05-09 16:10:14,356 - INFO - Processing Section 3...
2025-05-09 16:10:17,819 - ERROR - Error processing Section 3: 1062 (23000): Duplicate entry '3' for key 'ipc_sections.section_number'
2025-05-09 16:10:17,819 - INFO - Processing Section 4...
2025-05-09 16:10:23,238 - ERROR - Error processing Section 4: 1062 (23000): Duplicate entry '4' for key 'ipc_sections.section_number'
2025-05-09 16:10:23,238 - INFO - Processing Section 5...
2025-05-09 16:10:27,814 - ERROR - Error processing Section 5: 1062 (23000): Duplicate entry '5' for key 'ipc_sections.section_number'
2025-05-09 16:10:27,820 - INFO - Processing Section 6...
2025-05-09 16:10:32,236 - INFO - Database connection closed
2025-05-09 16:10:52,636 - INFO - Successfully connected to MySQL database
2025-05-09 16:10:52,637 - INFO - Fetching main page...
2025-05-09 16:10:57,597 - INFO - Found 575 IPC section links
2025-05-09 16:10:57,597 - INFO - Processing Section 1...
2025-05-09 16:11:02,775 - INFO - Updated Section 1
2025-05-09 16:11:02,775 - INFO - Processing Section 2...
2025-05-09 16:11:08,610 - INFO - Updated Section 2
2025-05-09 16:11:08,614 - INFO - Processing Section 3...
2025-05-09 16:11:13,247 - INFO - Updated Section 3
2025-05-09 16:11:13,247 - INFO - Processing Section 4...
2025-05-09 16:11:17,419 - INFO - Updated Section 4
2025-05-09 16:11:17,419 - INFO - Processing Section 5...
2025-05-09 16:11:21,717 - INFO - Updated Section 5
2025-05-09 16:11:21,717 - INFO - Processing Section 6...
2025-05-09 16:11:28,061 - INFO - Updated Section 6
2025-05-09 16:11:28,061 - INFO - Processing Section 7...
2025-05-09 16:11:31,410 - INFO - Updated Section 7
2025-05-09 16:11:31,413 - INFO - Processing Section 8...
2025-05-09 16:11:35,447 - INFO - Updated Section 8
2025-05-09 16:11:35,447 - INFO - Processing Section 9...
2025-05-09 16:11:40,296 - INFO - Updated Section 9
2025-05-09 16:11:40,296 - INFO - Processing Section 10...
2025-05-09 16:11:45,682 - INFO - Updated Section 10
2025-05-09 16:11:45,682 - INFO - Processing Section 11...
2025-05-09 16:11:49,271 - INFO - Updated Section 11
2025-05-09 16:11:49,279 - INFO - Processing Section 12...
2025-05-09 16:11:53,674 - INFO - Updated Section 12
2025-05-09 16:11:53,674 - INFO - Processing Section 13...
2025-05-09 16:11:59,921 - INFO - Updated Section 13
2025-05-09 16:11:59,922 - INFO - Processing Section 14...
2025-05-09 16:12:04,419 - INFO - Updated Section 14
2025-05-09 16:12:04,419 - INFO - Processing Section 15...
2025-05-09 16:12:10,580 - INFO - Updated Section 15
2025-05-09 16:12:10,588 - INFO - Processing Section 16...
2025-05-09 16:12:16,221 - INFO - Updated Section 16
2025-05-09 16:12:16,221 - INFO - Processing Section 17...
2025-05-09 16:12:22,248 - INFO - Updated Section 17
2025-05-09 16:12:22,248 - INFO - Processing Section 18...
2025-05-09 16:12:26,330 - INFO - Updated Section 18
2025-05-09 16:12:26,330 - INFO - Processing Section 19...
2025-05-09 16:12:31,098 - INFO - Updated Section 19
2025-05-09 16:12:31,106 - INFO - Processing Section 20...
2025-05-09 16:12:35,171 - INFO - Updated Section 20
2025-05-09 16:12:35,171 - INFO - Processing Section 21...
2025-05-09 16:12:40,097 - INFO - Updated Section 21
2025-05-09 16:12:40,104 - INFO - Processing Section 22...
2025-05-09 16:12:44,331 - INFO - Updated Section 22
2025-05-09 16:12:44,331 - INFO - Processing Section 23...
2025-05-09 16:12:49,731 - INFO - Updated Section 23
2025-05-09 16:12:49,731 - INFO - Processing Section 24...
2025-05-09 16:12:53,787 - INFO - Updated Section 24
2025-05-09 16:12:53,787 - INFO - Processing Section 25...
2025-05-09 16:12:57,813 - INFO - Updated Section 25
2025-05-09 16:12:57,813 - INFO - Processing Section 26...
2025-05-09 16:13:01,353 - INFO - Updated Section 26
2025-05-09 16:13:01,353 - INFO - Processing Section 27...
2025-05-09 16:13:04,862 - INFO - Updated Section 27
2025-05-09 16:13:04,862 - INFO - Processing Section 28...
2025-05-09 16:13:09,232 - INFO - Updated Section 28
2025-05-09 16:13:09,238 - INFO - Processing Section 29...
2025-05-09 16:13:13,561 - INFO - Updated Section 29
2025-05-09 16:13:13,561 - INFO - Processing Section 29A...
2025-05-09 16:13:18,557 - INFO - Updated Section 29A
2025-05-09 16:13:18,557 - INFO - Processing Section 30...
2025-05-09 16:13:23,060 - INFO - Updated Section 30
2025-05-09 16:13:23,060 - INFO - Processing Section 31...
2025-05-09 16:13:28,001 - INFO - Updated Section 31
2025-05-09 16:13:28,009 - INFO - Processing Section 32...
2025-05-09 16:13:31,252 - INFO - Updated Section 32
2025-05-09 16:13:31,252 - INFO - Processing Section 33...
2025-05-09 16:13:35,921 - INFO - Updated Section 33
2025-05-09 16:13:35,921 - INFO - Processing Section 34...
2025-05-09 16:13:40,367 - INFO - Updated Section 34
2025-05-09 16:13:40,367 - INFO - Processing Section 35...
2025-05-09 16:13:43,872 - INFO - Updated Section 35
2025-05-09 16:13:43,878 - INFO - Processing Section 36...
2025-05-09 16:13:48,861 - INFO - Updated Section 36
2025-05-09 16:13:48,861 - INFO - Processing Section 37...
2025-05-09 16:13:54,439 - INFO - Updated Section 37
2025-05-09 16:13:54,440 - INFO - Processing Section 38...
2025-05-09 16:14:00,843 - INFO - Updated Section 38
2025-05-09 16:14:00,843 - INFO - Processing Section 39...
2025-05-09 16:14:06,015 - INFO - Updated Section 39
2025-05-09 16:14:06,015 - INFO - Processing Section 40...
2025-05-09 16:14:09,587 - INFO - Updated Section 40
2025-05-09 16:14:09,593 - INFO - Processing Section 41...
2025-05-09 16:14:14,269 - INFO - Updated Section 41
2025-05-09 16:14:14,269 - INFO - Processing Section 42...
2025-05-09 16:14:18,677 - INFO - Updated Section 42
2025-05-09 16:14:18,677 - INFO - Processing Section 43...
2025-05-09 16:14:22,050 - INFO - Updated Section 43
2025-05-09 16:14:22,050 - INFO - Processing Section 44...
2025-05-09 16:14:25,560 - INFO - Updated Section 44
2025-05-09 16:14:25,560 - INFO - Processing Section 45...
2025-05-09 16:14:31,827 - INFO - Updated Section 45
2025-05-09 16:14:31,829 - INFO - Processing Section 46...
2025-05-09 16:14:36,069 - INFO - Updated Section 46
2025-05-09 16:14:36,077 - INFO - Processing Section 47...
2025-05-09 16:14:39,696 - INFO - Updated Section 47
2025-05-09 16:14:39,701 - INFO - Processing Section 48...
2025-05-09 16:14:44,578 - INFO - Updated Section 48
2025-05-09 16:14:44,578 - INFO - Processing Section 49...
2025-05-09 16:14:50,208 - INFO - Updated Section 49
2025-05-09 16:14:50,213 - INFO - Processing Section 50...
2025-05-09 16:14:56,693 - INFO - Updated Section 50
2025-05-09 16:14:56,693 - INFO - Processing Section 51...
2025-05-09 16:15:02,168 - INFO - Updated Section 51
2025-05-09 16:15:02,171 - INFO - Processing Section 52...
2025-05-09 16:15:05,476 - INFO - Updated Section 52
2025-05-09 16:15:05,476 - INFO - Processing Section 52A...
2025-05-09 16:15:10,488 - INFO - Updated Section 52A
2025-05-09 16:15:10,488 - INFO - Processing Section 53...
2025-05-09 16:15:20,906 - INFO - Updated Section 53
2025-05-09 16:15:20,906 - INFO - Processing Section 53A...
2025-05-09 16:15:25,535 - INFO - Updated Section 53A
2025-05-09 16:15:25,535 - INFO - Processing Section 54...
2025-05-09 16:15:29,375 - INFO - Updated Section 54
2025-05-09 16:15:29,376 - INFO - Processing Section 55...
2025-05-09 16:15:34,615 - INFO - Updated Section 55
2025-05-09 16:15:34,615 - INFO - Processing Section 55A...
2025-05-09 16:15:40,809 - INFO - Updated Section 55A
2025-05-09 16:15:40,810 - INFO - Processing Section 56...
2025-05-09 16:15:44,675 - INFO - Updated Section 56
2025-05-09 16:15:44,677 - INFO - Processing Section 57...
2025-05-09 16:15:48,909 - INFO - Updated Section 57
2025-05-09 16:15:48,910 - INFO - Processing Section 58...
2025-05-09 16:15:53,175 - INFO - Updated Section 58
2025-05-09 16:15:53,175 - INFO - Processing Section 59...
2025-05-09 16:15:59,078 - INFO - Updated Section 59
2025-05-09 16:15:59,079 - INFO - Processing Section 60...
2025-05-09 16:16:02,469 - INFO - Updated Section 60
2025-05-09 16:16:02,469 - INFO - Processing Section 61...
2025-05-09 16:16:08,603 - INFO - Updated Section 61
2025-05-09 16:16:08,604 - INFO - Processing Section 62...
2025-05-09 16:16:14,698 - INFO - Updated Section 62
2025-05-09 16:16:14,699 - INFO - Processing Section 63...
2025-05-09 16:16:18,748 - INFO - Updated Section 63
2025-05-09 16:16:18,749 - INFO - Processing Section 64...
2025-05-09 16:16:24,920 - INFO - Updated Section 64
2025-05-09 16:16:24,921 - INFO - Processing Section 65...
2025-05-09 16:16:30,310 - INFO - Updated Section 65
2025-05-09 16:16:30,311 - INFO - Processing Section 66...
2025-05-09 16:16:36,461 - INFO - Updated Section 66
2025-05-09 16:16:36,461 - INFO - Processing Section 67...
2025-05-09 16:16:41,817 - INFO - Updated Section 67
2025-05-09 16:16:41,818 - INFO - Processing Section 68...
2025-05-09 16:16:46,052 - INFO - Updated Section 68
2025-05-09 16:16:46,052 - INFO - Processing Section 69...
2025-05-09 16:16:50,621 - INFO - Updated Section 69
2025-05-09 16:16:50,623 - INFO - Processing Section 70...
2025-05-09 16:16:56,661 - INFO - Updated Section 70
2025-05-09 16:16:56,662 - INFO - Processing Section 71...
2025-05-09 16:17:02,366 - INFO - Updated Section 71
2025-05-09 16:17:02,367 - INFO - Processing Section 72...
2025-05-09 16:17:07,754 - INFO - Updated Section 72
2025-05-09 16:17:07,754 - INFO - Processing Section 73...
2025-05-09 16:17:12,930 - INFO - Updated Section 73
2025-05-09 16:17:12,930 - INFO - Processing Section 74...
2025-05-09 16:17:16,885 - INFO - Updated Section 74
2025-05-09 16:17:16,886 - INFO - Processing Section 75...
2025-05-09 16:17:21,020 - INFO - Updated Section 75
2025-05-09 16:17:21,021 - INFO - Processing Section 76...
2025-05-09 16:17:26,820 - INFO - Updated Section 76
2025-05-09 16:17:26,821 - INFO - Processing Section 77...
2025-05-09 16:17:32,770 - INFO - Updated Section 77
2025-05-09 16:17:32,771 - INFO - Processing Section 78...
2025-05-09 16:17:38,360 - INFO - Updated Section 78
2025-05-09 16:17:38,360 - INFO - Processing Section 79...
2025-05-09 16:17:43,043 - INFO - Updated Section 79
2025-05-09 16:17:43,043 - INFO - Processing Section 80...
2025-05-09 16:17:49,101 - INFO - Updated Section 80
2025-05-09 16:17:49,102 - INFO - Processing Section 81...
2025-05-09 16:17:53,952 - INFO - Updated Section 81
2025-05-09 16:17:53,952 - INFO - Processing Section 82...
2025-05-09 16:17:59,028 - INFO - Updated Section 82
2025-05-09 16:17:59,029 - INFO - Processing Section 83...
2025-05-09 16:18:03,121 - INFO - Updated Section 83
2025-05-09 16:18:03,121 - INFO - Processing Section 84...
2025-05-09 16:18:07,044 - INFO - Updated Section 84
2025-05-09 16:18:07,044 - INFO - Processing Section 85...
2025-05-09 16:18:13,111 - INFO - Updated Section 85
2025-05-09 16:18:13,111 - INFO - Processing Section 86...
2025-05-09 16:18:19,157 - INFO - Updated Section 86
2025-05-09 16:18:19,157 - INFO - Processing Section 87...
2025-05-09 16:18:24,150 - INFO - Updated Section 87
2025-05-09 16:18:24,150 - INFO - Processing Section 88...
2025-05-09 16:18:30,214 - INFO - Updated Section 88
2025-05-09 16:18:30,215 - INFO - Processing Section 89...
2025-05-09 16:18:33,791 - INFO - Updated Section 89
2025-05-09 16:18:33,791 - INFO - Processing Section 90...
2025-05-09 16:18:39,961 - INFO - Updated Section 90
2025-05-09 16:18:39,961 - INFO - Processing Section 91...
2025-05-09 16:18:44,637 - INFO - Updated Section 91
2025-05-09 16:18:44,638 - INFO - Processing Section 92...
2025-05-09 16:18:49,189 - INFO - Updated Section 92
2025-05-09 16:18:49,189 - INFO - Processing Section 93...
2025-05-09 16:18:55,043 - INFO - Updated Section 93
2025-05-09 16:18:55,043 - INFO - Processing Section 94...
2025-05-09 16:18:59,479 - INFO - Updated Section 94
2025-05-09 16:18:59,479 - INFO - Processing Section 95...
2025-05-09 16:19:03,384 - INFO - Updated Section 95
2025-05-09 16:19:03,385 - INFO - Processing Section 96...
2025-05-09 16:19:09,549 - INFO - Updated Section 96
2025-05-09 16:19:09,549 - INFO - Processing Section 97...
2025-05-09 16:19:14,004 - INFO - Updated Section 97
2025-05-09 16:19:14,005 - INFO - Processing Section 98...
2025-05-09 16:19:18,575 - INFO - Updated Section 98
2025-05-09 16:19:18,575 - INFO - Processing Section 99...
2025-05-09 16:19:22,874 - INFO - Updated Section 99
2025-05-09 16:19:22,874 - INFO - Processing Section 100...
2025-05-09 16:19:28,310 - INFO - Updated Section 100
2025-05-09 16:19:28,311 - INFO - Processing Section 101...
2025-05-09 16:19:34,089 - INFO - Updated Section 101
2025-05-09 16:19:34,089 - INFO - Processing Section 102...
2025-05-09 16:19:39,508 - INFO - Updated Section 102
2025-05-09 16:19:39,508 - INFO - Processing Section 103...
2025-05-09 16:19:45,249 - INFO - Updated Section 103
2025-05-09 16:19:45,250 - INFO - Processing Section 104...
2025-05-09 16:19:50,010 - INFO - Updated Section 104
2025-05-09 16:19:50,010 - INFO - Processing Section 105...
2025-05-09 16:19:53,798 - INFO - Updated Section 105
2025-05-09 16:19:53,798 - INFO - Processing Section 106...
2025-05-09 16:19:59,326 - INFO - Updated Section 106
2025-05-09 16:19:59,326 - INFO - Processing Section 107...
2025-05-09 16:20:03,553 - INFO - Updated Section 107
2025-05-09 16:20:03,553 - INFO - Processing Section 108...
2025-05-09 16:20:07,998 - INFO - Updated Section 108
2025-05-09 16:20:07,998 - INFO - Processing Section 108A...
2025-05-09 16:20:12,073 - INFO - Updated Section 108A
2025-05-09 16:20:12,073 - INFO - Processing Section 109...
2025-05-09 16:20:18,033 - INFO - Updated Section 109
2025-05-09 16:20:18,034 - INFO - Processing Section 110...
2025-05-09 16:20:23,248 - INFO - Updated Section 110
2025-05-09 16:20:23,249 - INFO - Processing Section 111...
2025-05-09 16:20:27,052 - INFO - Updated Section 111
2025-05-09 16:20:27,052 - INFO - Processing Section 112...
2025-05-09 16:20:32,759 - INFO - Updated Section 112
2025-05-09 16:20:32,759 - INFO - Processing Section 113...
2025-05-09 16:20:36,701 - INFO - Updated Section 113
2025-05-09 16:20:36,701 - INFO - Processing Section 114...
2025-05-09 16:20:41,879 - INFO - Updated Section 114
2025-05-09 16:20:41,879 - INFO - Processing Section 115...
2025-05-09 16:20:46,186 - INFO - Updated Section 115
2025-05-09 16:20:46,187 - INFO - Processing Section 116...
2025-05-09 16:20:50,962 - INFO - Updated Section 116
2025-05-09 16:20:50,962 - INFO - Processing Section 117...
2025-05-09 16:20:56,781 - INFO - Updated Section 117
2025-05-09 16:20:56,781 - INFO - Processing Section 118...
2025-05-09 16:21:00,885 - INFO - Updated Section 118
2025-05-09 16:21:00,886 - INFO - Processing Section 119...
2025-05-09 16:21:07,022 - INFO - Updated Section 119
2025-05-09 16:21:07,022 - INFO - Processing Section 120...
2025-05-09 16:21:12,819 - INFO - Updated Section 120
2025-05-09 16:21:12,820 - INFO - Processing Section 120A...
2025-05-09 16:21:18,909 - INFO - Updated Section 120A
2025-05-09 16:21:18,910 - INFO - Processing Section 120B...
2025-05-09 16:21:23,445 - INFO - Updated Section 120B
2025-05-09 16:21:23,445 - INFO - Processing Section 121...
2025-05-09 16:21:29,632 - INFO - Updated Section 121
2025-05-09 16:21:29,633 - INFO - Processing Section 121A...
2025-05-09 16:21:33,095 - INFO - Updated Section 121A
2025-05-09 16:21:33,095 - INFO - Processing Section 122...
2025-05-09 16:21:38,828 - INFO - Updated Section 122
2025-05-09 16:21:38,828 - INFO - Processing Section 123...
2025-05-09 16:21:42,811 - INFO - Updated Section 123
2025-05-09 16:21:42,811 - INFO - Processing Section 124...
2025-05-09 16:21:47,125 - INFO - Updated Section 124
2025-05-09 16:21:47,126 - INFO - Processing Section 124A...
2025-05-09 16:21:51,115 - INFO - Updated Section 124A
2025-05-09 16:21:51,115 - INFO - Processing Section 125...
2025-05-09 16:21:56,051 - INFO - Updated Section 125
2025-05-09 16:21:56,052 - INFO - Processing Section 126...
2025-05-09 16:22:00,943 - INFO - Updated Section 126
2025-05-09 16:22:00,943 - INFO - Processing Section 127...
2025-05-09 16:22:06,571 - INFO - Updated Section 127
2025-05-09 16:22:06,571 - INFO - Processing Section 128...
2025-05-09 16:22:10,927 - INFO - Updated Section 128
2025-05-09 16:22:10,928 - INFO - Processing Section 129...
2025-05-09 16:22:15,643 - INFO - Updated Section 129
2025-05-09 16:22:15,643 - INFO - Processing Section 130...
2025-05-09 16:22:19,824 - INFO - Updated Section 130
2025-05-09 16:22:19,824 - INFO - Processing Section 131...
2025-05-09 16:22:25,579 - INFO - Updated Section 131
2025-05-09 16:22:25,580 - INFO - Processing Section 132...
2025-05-09 16:22:29,636 - INFO - Updated Section 132
2025-05-09 16:22:29,637 - INFO - Processing Section 133...
2025-05-09 16:22:34,890 - INFO - Updated Section 133
2025-05-09 16:22:34,890 - INFO - Processing Section 134...
2025-05-09 16:22:39,602 - INFO - Updated Section 134
2025-05-09 16:22:39,603 - INFO - Processing Section 135...
2025-05-09 16:22:43,434 - INFO - Updated Section 135
2025-05-09 16:22:43,434 - INFO - Processing Section 136...
2025-05-09 16:22:49,551 - INFO - Updated Section 136
2025-05-09 16:22:49,551 - INFO - Processing Section 137...
2025-05-09 16:22:55,224 - INFO - Updated Section 137
2025-05-09 16:22:55,225 - INFO - Processing Section 138...
2025-05-09 16:23:01,252 - INFO - Updated Section 138
2025-05-09 16:23:01,253 - INFO - Processing Section 138A...
2025-05-09 16:23:06,920 - INFO - Updated Section 138A
2025-05-09 16:23:06,921 - INFO - Processing Section 139...
2025-05-09 16:23:12,840 - INFO - Updated Section 139
2025-05-09 16:23:12,840 - INFO - Processing Section 140...
2025-05-09 16:23:17,229 - INFO - Updated Section 140
2025-05-09 16:23:17,230 - INFO - Processing Section 141...
2025-05-09 16:23:22,724 - INFO - Updated Section 141
2025-05-09 16:23:22,724 - INFO - Processing Section 142...
2025-05-09 16:23:28,185 - INFO - Updated Section 142
2025-05-09 16:23:28,185 - INFO - Processing Section 143...
2025-05-09 16:23:32,325 - INFO - Updated Section 143
2025-05-09 16:23:32,326 - INFO - Processing Section 144...
2025-05-09 16:23:36,935 - INFO - Updated Section 144
2025-05-09 16:23:36,936 - INFO - Processing Section 145...
2025-05-09 16:23:42,708 - INFO - Updated Section 145
2025-05-09 16:23:42,709 - INFO - Processing Section 146...
2025-05-09 16:23:47,039 - INFO - Updated Section 146
2025-05-09 16:23:47,040 - INFO - Processing Section 147...
2025-05-09 16:23:52,889 - INFO - Updated Section 147
2025-05-09 16:23:52,889 - INFO - Processing Section 148...
2025-05-09 16:23:57,103 - INFO - Updated Section 148
2025-05-09 16:23:57,104 - INFO - Processing Section 149...
2025-05-09 16:24:00,769 - INFO - Updated Section 149
2025-05-09 16:24:00,770 - INFO - Processing Section 150...
2025-05-09 16:24:05,563 - INFO - Updated Section 150
2025-05-09 16:24:05,564 - INFO - Processing Section 151...
2025-05-09 16:24:09,358 - INFO - Updated Section 151
2025-05-09 16:24:09,359 - INFO - Processing Section 152...
2025-05-09 16:24:14,945 - INFO - Updated Section 152
2025-05-09 16:24:14,945 - INFO - Processing Section 153...
2025-05-09 16:24:20,717 - INFO - Updated Section 153
2025-05-09 16:24:20,718 - INFO - Processing Section 153A...
2025-05-09 16:24:24,236 - INFO - Updated Section 153A
2025-05-09 16:24:24,237 - INFO - Processing Section 153AA...
2025-05-09 16:24:27,714 - INFO - Updated Section 153AA
2025-05-09 16:24:27,715 - INFO - Processing Section 153B...
2025-05-09 16:24:32,521 - INFO - Updated Section 153B
2025-05-09 16:24:32,521 - INFO - Processing Section 154...
2025-05-09 16:24:37,888 - INFO - Updated Section 154
2025-05-09 16:24:37,889 - INFO - Processing Section 155...
2025-05-09 16:24:44,078 - INFO - Updated Section 155
2025-05-09 16:24:44,078 - INFO - Processing Section 156...
2025-05-09 16:24:47,419 - INFO - Updated Section 156
2025-05-09 16:24:47,420 - INFO - Processing Section 157...
2025-05-09 16:24:51,104 - INFO - Updated Section 157
2025-05-09 16:24:51,104 - INFO - Processing Section 158...
2025-05-09 16:24:56,297 - INFO - Updated Section 158
2025-05-09 16:24:56,298 - INFO - Processing Section 159...
2025-05-09 16:25:01,781 - INFO - Updated Section 159
2025-05-09 16:25:01,781 - INFO - Processing Section 160...
2025-05-09 16:25:06,035 - INFO - Updated Section 160
2025-05-09 16:25:06,036 - INFO - Processing Section 161...
2025-05-09 16:25:12,155 - INFO - Updated Section 161
2025-05-09 16:25:12,156 - INFO - Processing Section 162...
2025-05-09 16:25:16,826 - INFO - Updated Section 162
2025-05-09 16:25:16,826 - INFO - Processing Section 163...
2025-05-09 16:25:21,905 - INFO - Updated Section 163
2025-05-09 16:25:21,906 - INFO - Processing Section 164...
2025-05-09 16:25:28,044 - INFO - Updated Section 164
2025-05-09 16:25:28,045 - INFO - Processing Section 165...
2025-05-09 16:25:33,403 - INFO - Updated Section 165
2025-05-09 16:25:33,404 - INFO - Processing Section 165A...
2025-05-09 16:25:39,583 - INFO - Updated Section 165A
2025-05-09 16:25:39,584 - INFO - Processing Section 166...
2025-05-09 16:25:43,075 - INFO - Updated Section 166
2025-05-09 16:25:43,075 - INFO - Processing Section 166A...
2025-05-09 16:25:47,921 - INFO - Updated Section 166A
2025-05-09 16:25:47,922 - INFO - Processing Section 166B...
2025-05-09 16:25:51,644 - INFO - Updated Section 166B
2025-05-09 16:25:51,644 - INFO - Processing Section 167...
2025-05-09 16:25:55,276 - INFO - Updated Section 167
2025-05-09 16:25:55,276 - INFO - Processing Section 168...
2025-05-09 16:26:01,345 - INFO - Updated Section 168
2025-05-09 16:26:01,346 - INFO - Processing Section 169...
2025-05-09 16:26:06,353 - INFO - Updated Section 169
2025-05-09 16:26:06,353 - INFO - Processing Section 170...
2025-05-09 16:26:11,949 - INFO - Updated Section 170
2025-05-09 16:26:11,949 - INFO - Processing Section 171...
2025-05-09 16:26:17,784 - INFO - Updated Section 171
2025-05-09 16:26:17,784 - INFO - Processing Section 171A...
2025-05-09 16:26:23,779 - INFO - Updated Section 171A
2025-05-09 16:26:23,779 - INFO - Processing Section 171B...
2025-05-09 16:26:28,217 - INFO - Updated Section 171B
2025-05-09 16:26:28,218 - INFO - Processing Section 171C...
2025-05-09 16:26:31,927 - INFO - Updated Section 171C
2025-05-09 16:26:31,928 - INFO - Processing Section 171D...
2025-05-09 16:26:35,329 - INFO - Updated Section 171D
2025-05-09 16:26:35,330 - INFO - Processing Section 171E...
2025-05-09 16:26:41,099 - INFO - Updated Section 171E
2025-05-09 16:26:41,100 - INFO - Processing Section 171F...
2025-05-09 16:26:45,927 - INFO - Updated Section 171F
2025-05-09 16:26:45,927 - INFO - Processing Section 171G...
2025-05-09 16:26:49,792 - INFO - Updated Section 171G
2025-05-09 16:26:49,792 - INFO - Processing Section 171H...
2025-05-09 16:26:55,198 - INFO - Updated Section 171H
2025-05-09 16:26:55,200 - INFO - Processing Section 171I...
2025-05-09 16:27:00,453 - INFO - Updated Section 171I
2025-05-09 16:27:00,454 - INFO - Processing Section 172...
2025-05-09 16:27:03,753 - INFO - Updated Section 172
2025-05-09 16:27:03,754 - INFO - Processing Section 173...
2025-05-09 16:27:08,380 - INFO - Updated Section 173
2025-05-09 16:27:08,382 - INFO - Processing Section 174...
2025-05-09 16:27:14,403 - INFO - Updated Section 174
2025-05-09 16:27:14,404 - INFO - Processing Section 174A...
2025-05-09 16:27:17,887 - INFO - Updated Section 174A
2025-05-09 16:27:17,887 - INFO - Processing Section 175...
2025-05-09 16:27:23,613 - INFO - Updated Section 175
2025-05-09 16:27:23,613 - INFO - Processing Section 176...
2025-05-09 16:27:29,142 - INFO - Updated Section 176
2025-05-09 16:27:29,142 - INFO - Processing Section 177...
2025-05-09 16:27:35,255 - INFO - Updated Section 177
2025-05-09 16:27:35,255 - INFO - Processing Section 178...
2025-05-09 16:27:39,474 - INFO - Updated Section 178
2025-05-09 16:27:39,475 - INFO - Processing Section 179...
2025-05-09 16:29:08,893 - INFO - Successfully connected to MySQL database
2025-05-09 16:29:08,900 - INFO - Fetching main page...
2025-05-09 16:29:14,261 - INFO - Found 575 IPC section links
2025-05-09 16:29:14,261 - INFO - Processing Section 1...
2025-05-09 16:29:19,437 - INFO - Updated Section 1
2025-05-09 16:29:19,437 - INFO - Processing Section 2...
2025-05-09 16:29:23,697 - INFO - Updated Section 2
2025-05-09 16:29:23,697 - INFO - Processing Section 3...
2025-05-09 16:29:28,326 - INFO - Updated Section 3
2025-05-09 16:29:28,326 - INFO - Processing Section 4...
2025-05-09 16:29:34,202 - INFO - Updated Section 4
2025-05-09 16:29:34,202 - INFO - Processing Section 5...
2025-05-09 16:29:38,736 - INFO - Updated Section 5
2025-05-09 16:29:38,736 - INFO - Processing Section 6...
2025-05-09 16:29:43,367 - INFO - Updated Section 6
2025-05-09 16:29:43,368 - INFO - Processing Section 7...
2025-05-09 16:29:48,729 - INFO - Updated Section 7
2025-05-09 16:29:48,729 - INFO - Processing Section 8...
2025-05-09 16:29:54,927 - INFO - Updated Section 8
2025-05-09 16:29:54,929 - INFO - Processing Section 9...
2025-05-09 16:30:00,000 - INFO - Updated Section 9
2025-05-09 16:30:00,001 - INFO - Processing Section 10...
2025-05-09 16:30:05,459 - INFO - Updated Section 10
2025-05-09 16:30:05,461 - INFO - Processing Section 11...
2025-05-09 16:30:09,311 - INFO - Updated Section 11
2025-05-09 16:30:09,311 - INFO - Processing Section 12...
2025-05-09 16:30:15,044 - INFO - Updated Section 12
2025-05-09 16:30:15,045 - INFO - Processing Section 13...
2025-05-09 16:30:19,580 - INFO - Updated Section 13
2025-05-09 16:30:19,580 - INFO - Processing Section 14...
2025-05-09 16:30:24,995 - INFO - Updated Section 14
2025-05-09 16:30:24,996 - INFO - Processing Section 15...
2025-05-09 16:30:28,744 - INFO - Updated Section 15
2025-05-09 16:30:28,745 - INFO - Processing Section 16...
2025-05-09 16:30:32,337 - INFO - Updated Section 16
2025-05-09 16:30:32,337 - INFO - Processing Section 17...
2025-05-09 16:30:35,991 - INFO - Updated Section 17
2025-05-09 16:30:35,993 - INFO - Processing Section 18...
2025-05-09 16:30:40,462 - INFO - Updated Section 18
2025-05-09 16:30:40,462 - INFO - Processing Section 19...
2025-05-09 16:30:45,410 - INFO - Updated Section 19
2025-05-09 16:30:45,410 - INFO - Processing Section 20...
2025-05-09 16:30:50,682 - INFO - Updated Section 20
2025-05-09 16:30:50,683 - INFO - Processing Section 21...
2025-05-09 16:30:55,167 - INFO - Updated Section 21
2025-05-09 16:30:55,168 - INFO - Processing Section 22...
2025-05-09 16:30:58,659 - INFO - Updated Section 22
2025-05-09 16:30:58,660 - INFO - Processing Section 23...
2025-05-09 16:31:04,284 - INFO - Updated Section 23
2025-05-09 16:31:04,284 - INFO - Processing Section 24...
2025-05-09 16:31:09,882 - INFO - Updated Section 24
2025-05-09 16:31:09,883 - INFO - Processing Section 25...
2025-05-09 16:31:13,577 - INFO - Updated Section 25
2025-05-09 16:31:13,577 - INFO - Processing Section 26...
2025-05-09 16:31:18,184 - INFO - Updated Section 26
2025-05-09 16:31:18,184 - INFO - Processing Section 27...
2025-05-09 16:31:21,868 - INFO - Updated Section 27
2025-05-09 16:31:21,868 - INFO - Processing Section 28...
2025-05-09 16:31:25,654 - INFO - Updated Section 28
2025-05-09 16:31:25,656 - INFO - Processing Section 29...
2025-05-09 16:31:31,431 - INFO - Updated Section 29
2025-05-09 16:31:31,432 - INFO - Processing Section 29A...
2025-05-09 16:31:37,402 - INFO - Updated Section 29A
2025-05-09 16:31:37,402 - INFO - Processing Section 30...
2025-05-09 16:31:43,381 - INFO - Updated Section 30
2025-05-09 16:31:43,381 - INFO - Processing Section 31...
2025-05-09 16:31:49,239 - INFO - Updated Section 31
2025-05-09 16:31:49,239 - INFO - Processing Section 32...
2025-05-09 16:31:54,111 - INFO - Updated Section 32
2025-05-09 16:31:54,111 - INFO - Processing Section 33...
2025-05-09 16:31:58,241 - INFO - Updated Section 33
2025-05-09 16:31:58,243 - INFO - Processing Section 34...
2025-05-09 16:32:04,372 - INFO - Updated Section 34
2025-05-09 16:32:04,374 - INFO - Processing Section 35...
2025-05-09 16:32:09,882 - INFO - Updated Section 35
2025-05-09 16:32:09,883 - INFO - Processing Section 36...
2025-05-09 16:32:15,181 - INFO - Updated Section 36
2025-05-09 16:32:15,181 - INFO - Processing Section 37...
2025-05-09 16:32:18,893 - INFO - Updated Section 37
2025-05-09 16:32:18,894 - INFO - Processing Section 38...
2025-05-09 16:32:23,244 - INFO - Updated Section 38
2025-05-09 16:32:23,244 - INFO - Processing Section 39...
2025-05-09 16:32:29,329 - INFO - Updated Section 39
2025-05-09 16:32:29,330 - INFO - Processing Section 40...
2025-05-09 16:32:35,247 - INFO - Updated Section 40
2025-05-09 16:32:35,247 - INFO - Processing Section 41...
2025-05-09 16:32:40,817 - INFO - Updated Section 41
2025-05-09 16:32:40,817 - INFO - Processing Section 42...
2025-05-09 16:32:44,211 - INFO - Updated Section 42
2025-05-09 16:32:44,211 - INFO - Processing Section 43...
2025-05-09 16:32:49,269 - INFO - Updated Section 43
2025-05-09 16:32:49,269 - INFO - Processing Section 44...
2025-05-09 16:32:53,999 - INFO - Updated Section 44
2025-05-09 16:32:54,000 - INFO - Processing Section 45...
2025-05-09 16:32:59,065 - INFO - Updated Section 45
2025-05-09 16:32:59,067 - INFO - Processing Section 46...
2025-05-09 16:33:03,182 - INFO - Updated Section 46
2025-05-09 16:33:03,182 - INFO - Processing Section 47...
2025-05-09 16:33:08,358 - INFO - Updated Section 47
2025-05-09 16:33:08,359 - INFO - Processing Section 48...
2025-05-09 16:33:12,876 - INFO - Updated Section 48
2025-05-09 16:33:12,877 - INFO - Processing Section 49...
2025-05-09 16:33:16,671 - INFO - Updated Section 49
2025-05-09 16:33:16,671 - INFO - Processing Section 50...
2025-05-09 16:33:22,887 - INFO - Updated Section 50
2025-05-09 16:33:22,888 - INFO - Processing Section 51...
2025-05-09 16:33:28,409 - INFO - Updated Section 51
2025-05-09 16:33:28,411 - INFO - Processing Section 52...
2025-05-09 16:33:32,736 - INFO - Updated Section 52
2025-05-09 16:33:32,737 - INFO - Processing Section 52A...
2025-05-09 16:33:37,275 - INFO - Updated Section 52A
2025-05-09 16:33:37,275 - INFO - Processing Section 53...
2025-05-09 16:33:43,396 - INFO - Updated Section 53
2025-05-09 16:33:43,397 - INFO - Processing Section 53A...
2025-05-09 16:33:47,077 - INFO - Updated Section 53A
2025-05-09 16:33:47,077 - INFO - Processing Section 54...
2025-05-09 16:33:53,214 - INFO - Updated Section 54
2025-05-09 16:33:53,215 - INFO - Processing Section 55...
2025-05-09 16:33:57,395 - INFO - Updated Section 55
2025-05-09 16:33:57,395 - INFO - Processing Section 55A...
2025-05-09 16:34:01,853 - INFO - Updated Section 55A
2025-05-09 16:34:01,853 - INFO - Processing Section 56...
2025-05-09 16:34:07,277 - INFO - Updated Section 56
2025-05-09 16:34:07,278 - INFO - Processing Section 57...
2025-05-09 16:34:12,380 - INFO - Updated Section 57
2025-05-09 16:34:12,381 - INFO - Processing Section 58...
2025-05-09 16:34:16,289 - INFO - Updated Section 58
2025-05-09 16:34:16,290 - INFO - Processing Section 59...
2025-05-09 16:34:21,982 - INFO - Updated Section 59
2025-05-09 16:34:21,982 - INFO - Processing Section 60...
2025-05-09 16:34:26,937 - INFO - Updated Section 60
2025-05-09 16:34:26,937 - INFO - Processing Section 61...
2025-05-09 16:34:32,328 - INFO - Updated Section 61
2025-05-09 16:34:32,330 - INFO - Processing Section 62...
2025-05-09 16:34:35,770 - INFO - Updated Section 62
2025-05-09 16:34:35,771 - INFO - Processing Section 63...
2025-05-09 16:34:39,964 - INFO - Updated Section 63
2025-05-09 16:34:39,964 - INFO - Processing Section 64...
2025-05-09 16:34:46,078 - INFO - Updated Section 64
2025-05-09 16:34:46,079 - INFO - Processing Section 65...
2025-05-09 16:34:50,703 - INFO - Updated Section 65
2025-05-09 16:34:50,704 - INFO - Processing Section 66...
2025-05-09 16:34:54,917 - INFO - Updated Section 66
2025-05-09 16:34:54,917 - INFO - Processing Section 67...
2025-05-09 16:34:59,317 - INFO - Updated Section 67
2025-05-09 16:34:59,318 - INFO - Processing Section 68...
2025-05-09 16:35:04,906 - INFO - Updated Section 68
2025-05-09 16:35:04,906 - INFO - Processing Section 69...
2025-05-09 16:35:10,286 - INFO - Updated Section 69
2025-05-09 16:35:10,286 - INFO - Processing Section 70...
2025-05-09 16:35:15,255 - INFO - Updated Section 70
2025-05-09 16:35:15,256 - INFO - Processing Section 71...
2025-05-09 16:35:18,655 - INFO - Updated Section 71
2025-05-09 16:35:18,656 - INFO - Processing Section 72...
2025-05-09 16:35:23,036 - INFO - Updated Section 72
2025-05-09 16:35:23,036 - INFO - Processing Section 73...
2025-05-09 16:35:27,164 - INFO - Updated Section 73
2025-05-09 16:35:27,164 - INFO - Processing Section 74...
2025-05-09 16:35:30,946 - INFO - Updated Section 74
2025-05-09 16:35:30,946 - INFO - Processing Section 75...
2025-05-09 16:35:35,350 - INFO - Updated Section 75
2025-05-09 16:35:35,351 - INFO - Processing Section 76...
2025-05-09 16:35:38,566 - INFO - Updated Section 76
2025-05-09 16:35:38,567 - INFO - Processing Section 77...
2025-05-09 16:35:44,650 - INFO - Updated Section 77
2025-05-09 16:35:44,651 - INFO - Processing Section 78...
2025-05-09 16:35:48,121 - INFO - Updated Section 78
2025-05-09 16:35:48,122 - INFO - Processing Section 79...
2025-05-09 16:35:52,389 - INFO - Updated Section 79
2025-05-09 16:35:52,389 - INFO - Processing Section 80...
2025-05-09 16:35:58,107 - INFO - Updated Section 80
2025-05-09 16:35:58,109 - INFO - Processing Section 81...
2025-05-09 16:36:03,477 - INFO - Updated Section 81
2025-05-09 16:36:03,478 - INFO - Processing Section 82...
2025-05-09 16:36:09,675 - INFO - Updated Section 82
2025-05-09 16:36:09,677 - INFO - Processing Section 83...
2025-05-09 16:36:13,681 - INFO - Updated Section 83
2025-05-09 16:36:13,681 - INFO - Processing Section 84...
2025-05-09 16:36:19,806 - INFO - Updated Section 84
2025-05-09 16:36:19,806 - INFO - Processing Section 85...
2025-05-09 16:36:25,232 - INFO - Updated Section 85
2025-05-09 16:36:25,232 - INFO - Processing Section 86...
2025-05-09 16:36:28,615 - INFO - Updated Section 86
2025-05-09 16:36:28,616 - INFO - Processing Section 87...
2025-05-09 16:36:34,525 - INFO - Updated Section 87
2025-05-09 16:36:34,526 - INFO - Processing Section 88...
2025-05-09 16:36:39,010 - INFO - Updated Section 88
2025-05-09 16:36:39,011 - INFO - Processing Section 89...
2025-05-09 16:36:44,815 - INFO - Updated Section 89
2025-05-09 16:36:44,815 - INFO - Processing Section 90...
2025-05-09 16:36:49,034 - INFO - Updated Section 90
2025-05-09 16:36:49,035 - INFO - Processing Section 91...
2025-05-09 16:36:54,416 - INFO - Updated Section 91
2025-05-09 16:36:54,418 - INFO - Processing Section 92...
2025-05-09 16:36:58,091 - INFO - Updated Section 92
2025-05-09 16:36:58,091 - INFO - Processing Section 93...
2025-05-09 16:37:03,721 - INFO - Updated Section 93
2025-05-09 16:37:03,721 - INFO - Processing Section 94...
2025-05-09 16:37:08,328 - INFO - Updated Section 94
2025-05-09 16:37:08,330 - INFO - Processing Section 95...
2025-05-09 16:37:14,150 - INFO - Updated Section 95
2025-05-09 16:37:14,151 - INFO - Processing Section 96...
2025-05-09 16:37:20,134 - INFO - Updated Section 96
2025-05-09 16:37:20,134 - INFO - Processing Section 97...
2025-05-09 16:37:25,324 - INFO - Updated Section 97
2025-05-09 16:37:25,324 - INFO - Processing Section 98...
2025-05-09 16:37:31,223 - INFO - Updated Section 98
2025-05-09 16:37:31,224 - INFO - Processing Section 99...
2025-05-09 16:37:34,498 - INFO - Updated Section 99
2025-05-09 16:37:34,498 - INFO - Processing Section 100...
2025-05-09 16:37:40,309 - INFO - Updated Section 100
2025-05-09 16:37:40,311 - INFO - Processing Section 101...
2025-05-09 16:37:44,380 - INFO - Updated Section 101
2025-05-09 16:37:44,381 - INFO - Processing Section 102...
2025-05-09 16:37:48,522 - INFO - Updated Section 102
2025-05-09 16:37:48,522 - INFO - Processing Section 103...
2025-05-09 16:37:53,583 - INFO - Updated Section 103
2025-05-09 16:37:53,584 - INFO - Processing Section 104...
2025-05-09 16:37:58,477 - INFO - Updated Section 104
2025-05-09 16:37:58,478 - INFO - Processing Section 105...
2025-05-09 16:38:03,111 - INFO - Updated Section 105
2025-05-09 16:38:03,112 - INFO - Processing Section 106...
2025-05-09 16:38:07,444 - INFO - Updated Section 106
2025-05-09 16:38:07,445 - INFO - Processing Section 107...
2025-05-09 16:38:13,500 - INFO - Updated Section 107
2025-05-09 16:38:13,502 - INFO - Processing Section 108...
2025-05-09 16:38:19,382 - INFO - Updated Section 108
2025-05-09 16:38:19,383 - INFO - Processing Section 108A...
2025-05-09 16:38:23,062 - INFO - Updated Section 108A
2025-05-09 16:38:23,063 - INFO - Processing Section 109...
2025-05-09 16:38:28,262 - INFO - Updated Section 109
2025-05-09 16:38:28,262 - INFO - Processing Section 110...
2025-05-09 16:38:33,762 - INFO - Updated Section 110
2025-05-09 16:38:33,763 - INFO - Processing Section 111...
2025-05-09 16:38:37,788 - INFO - Updated Section 111
2025-05-09 16:38:37,788 - INFO - Processing Section 112...
2025-05-09 16:38:42,769 - INFO - Updated Section 112
2025-05-09 16:38:42,769 - INFO - Processing Section 113...
2025-05-09 16:38:48,265 - INFO - Updated Section 113
2025-05-09 16:38:48,265 - INFO - Processing Section 114...
2025-05-09 16:38:53,755 - INFO - Updated Section 114
2025-05-09 16:38:53,755 - INFO - Processing Section 115...
2025-05-09 16:38:59,156 - INFO - Updated Section 115
2025-05-09 16:38:59,156 - INFO - Processing Section 116...
2025-05-09 16:39:02,846 - INFO - Updated Section 116
2025-05-09 16:39:02,848 - INFO - Processing Section 117...
2025-05-09 16:39:07,794 - INFO - Updated Section 117
2025-05-09 16:39:07,794 - INFO - Processing Section 118...
2025-05-09 16:39:13,407 - INFO - Updated Section 118
2025-05-09 16:39:13,408 - INFO - Processing Section 119...
2025-05-09 16:39:18,519 - INFO - Updated Section 119
2025-05-09 16:39:18,519 - INFO - Processing Section 120...
2025-05-09 16:39:23,874 - INFO - Updated Section 120
2025-05-09 16:39:23,874 - INFO - Processing Section 120A...
2025-05-09 16:39:29,670 - INFO - Updated Section 120A
2025-05-09 16:39:29,670 - INFO - Processing Section 120B...
2025-05-09 16:39:35,652 - INFO - Updated Section 120B
2025-05-09 16:39:35,652 - INFO - Processing Section 121...
2025-05-09 16:39:39,112 - INFO - Updated Section 121
2025-05-09 16:39:39,113 - INFO - Processing Section 121A...
2025-05-09 16:39:44,648 - INFO - Updated Section 121A
2025-05-09 16:39:44,649 - INFO - Processing Section 122...
2025-05-09 16:39:49,346 - INFO - Updated Section 122
2025-05-09 16:39:49,348 - INFO - Processing Section 123...
2025-05-09 16:39:54,931 - INFO - Updated Section 123
2025-05-09 16:39:54,932 - INFO - Processing Section 124...
2025-05-09 16:39:59,902 - INFO - Updated Section 124
2025-05-09 16:39:59,903 - INFO - Processing Section 124A...
2025-05-09 16:40:05,899 - INFO - Updated Section 124A
2025-05-09 16:40:05,899 - INFO - Processing Section 125...
2025-05-09 16:40:10,756 - INFO - Updated Section 125
2025-05-09 16:40:10,756 - INFO - Processing Section 126...
2025-05-09 16:40:14,742 - INFO - Updated Section 126
2025-05-09 16:40:14,743 - INFO - Processing Section 127...
2025-05-09 16:40:20,828 - INFO - Updated Section 127
2025-05-09 16:40:20,828 - INFO - Processing Section 128...
2025-05-09 16:40:26,574 - INFO - Updated Section 128
2025-05-09 16:40:26,575 - INFO - Processing Section 129...
2025-05-09 16:40:31,466 - INFO - Updated Section 129
2025-05-09 16:40:31,467 - INFO - Processing Section 130...
2025-05-09 16:40:35,584 - INFO - Updated Section 130
2025-05-09 16:40:35,584 - INFO - Processing Section 131...
2025-05-09 16:40:40,555 - INFO - Updated Section 131
2025-05-09 16:40:40,557 - INFO - Processing Section 132...
2025-05-09 16:40:44,265 - INFO - Updated Section 132
2025-05-09 16:40:44,265 - INFO - Processing Section 133...
2025-05-09 16:40:48,148 - INFO - Updated Section 133
2025-05-09 16:40:48,149 - INFO - Processing Section 134...
2025-05-09 16:40:53,236 - INFO - Updated Section 134
2025-05-09 16:40:53,237 - INFO - Processing Section 135...
2025-05-09 16:40:56,887 - INFO - Updated Section 135
2025-05-09 16:40:56,889 - INFO - Processing Section 136...
2025-05-09 16:41:02,446 - INFO - Updated Section 136
2025-05-09 16:41:02,447 - INFO - Processing Section 137...
2025-05-09 16:41:07,418 - INFO - Updated Section 137
2025-05-09 16:41:07,418 - INFO - Processing Section 138...
2025-05-09 16:41:12,830 - INFO - Updated Section 138
2025-05-09 16:41:12,831 - INFO - Processing Section 138A...
2025-05-09 16:41:16,359 - INFO - Updated Section 138A
2025-05-09 16:41:16,359 - INFO - Processing Section 139...
2025-05-09 16:41:19,921 - INFO - Updated Section 139
2025-05-09 16:41:19,923 - INFO - Processing Section 140...
2025-05-09 16:41:24,303 - INFO - Updated Section 140
2025-05-09 16:41:24,304 - INFO - Processing Section 141...
2025-05-09 16:41:29,748 - INFO - Updated Section 141
2025-05-09 16:41:29,749 - INFO - Processing Section 142...
2025-05-09 16:41:35,380 - INFO - Updated Section 142
2025-05-09 16:41:35,383 - INFO - Processing Section 143...
2025-05-09 16:41:39,470 - INFO - Updated Section 143
2025-05-09 16:41:39,470 - INFO - Processing Section 144...
2025-05-09 16:41:45,051 - INFO - Updated Section 144
2025-05-09 16:41:45,051 - INFO - Processing Section 145...
2025-05-09 16:41:50,120 - INFO - Updated Section 145
2025-05-09 16:41:50,121 - INFO - Processing Section 146...
2025-05-09 16:41:53,669 - INFO - Updated Section 146
2025-05-09 16:41:53,669 - INFO - Processing Section 147...
2025-05-09 16:41:58,619 - INFO - Updated Section 147
2025-05-09 16:41:58,621 - INFO - Processing Section 148...
2025-05-09 16:42:04,296 - INFO - Updated Section 148
2025-05-09 16:42:04,296 - INFO - Processing Section 149...
2025-05-09 16:42:09,320 - INFO - Updated Section 149
2025-05-09 16:42:09,321 - INFO - Processing Section 150...
2025-05-09 16:42:14,675 - INFO - Updated Section 150
2025-05-09 16:42:14,675 - INFO - Processing Section 151...
2025-05-09 16:42:18,349 - INFO - Updated Section 151
2025-05-09 16:42:18,349 - INFO - Processing Section 152...
2025-05-09 16:42:23,332 - INFO - Updated Section 152
2025-05-09 16:42:23,334 - INFO - Processing Section 153...
2025-05-09 16:42:28,326 - INFO - Updated Section 153
2025-05-09 16:42:28,328 - INFO - Processing Section 153A...
2025-05-09 16:42:32,634 - INFO - Updated Section 153A
2025-05-09 16:42:32,634 - INFO - Processing Section 153AA...
2025-05-09 16:42:38,161 - INFO - Updated Section 153AA
2025-05-09 16:42:38,162 - INFO - Processing Section 153B...
2025-05-09 16:42:42,833 - INFO - Updated Section 153B
2025-05-09 16:42:42,834 - INFO - Processing Section 154...
2025-05-09 16:42:47,850 - INFO - Updated Section 154
2025-05-09 16:42:47,851 - INFO - Processing Section 155...
2025-05-09 16:42:53,866 - INFO - Updated Section 155
2025-05-09 16:42:53,866 - INFO - Processing Section 156...
2025-05-09 16:43:00,002 - INFO - Updated Section 156
2025-05-09 16:43:00,004 - INFO - Processing Section 157...
2025-05-09 16:43:05,566 - INFO - Updated Section 157
2025-05-09 16:43:05,567 - INFO - Processing Section 158...
2025-05-09 16:43:09,814 - INFO - Updated Section 158
2025-05-09 16:43:09,814 - INFO - Processing Section 159...
2025-05-09 16:43:15,056 - INFO - Updated Section 159
2025-05-09 16:43:15,057 - INFO - Processing Section 160...
2025-05-09 16:43:20,510 - INFO - Updated Section 160
2025-05-09 16:43:20,511 - INFO - Processing Section 161...
2025-05-09 16:43:26,526 - INFO - Updated Section 161
2025-05-09 16:43:26,526 - INFO - Processing Section 162...
2025-05-09 16:43:30,492 - INFO - Updated Section 162
2025-05-09 16:43:30,493 - INFO - Processing Section 163...
2025-05-09 16:43:35,579 - INFO - Updated Section 163
2025-05-09 16:43:35,580 - INFO - Processing Section 164...
2025-05-09 16:43:40,929 - INFO - Updated Section 164
2025-05-09 16:43:40,930 - INFO - Processing Section 165...
2025-05-09 16:43:45,077 - INFO - Updated Section 165
2025-05-09 16:43:45,078 - INFO - Processing Section 165A...
2025-05-09 16:43:49,899 - INFO - Updated Section 165A
2025-05-09 16:43:49,899 - INFO - Processing Section 166...
2025-05-09 16:43:54,985 - INFO - Updated Section 166
2025-05-09 16:43:54,985 - INFO - Processing Section 166A...
2025-05-09 16:44:00,845 - INFO - Updated Section 166A
2025-05-09 16:44:00,846 - INFO - Processing Section 166B...
2025-05-09 16:44:05,869 - INFO - Updated Section 166B
2025-05-09 16:44:05,870 - INFO - Processing Section 167...
2025-05-09 16:44:12,122 - INFO - Updated Section 167
2025-05-09 16:44:12,122 - INFO - Processing Section 168...
2025-05-09 16:44:15,471 - INFO - Updated Section 168
2025-05-09 16:44:15,472 - INFO - Processing Section 169...
2025-05-09 16:44:19,489 - INFO - Updated Section 169
2025-05-09 16:44:19,490 - INFO - Processing Section 170...
2025-05-09 16:44:25,611 - INFO - Updated Section 170
2025-05-09 16:44:25,612 - INFO - Processing Section 171...
2025-05-09 16:44:32,080 - INFO - Updated Section 171
2025-05-09 16:44:32,081 - INFO - Processing Section 171A...
2025-05-09 16:44:37,624 - INFO - Updated Section 171A
2025-05-09 16:44:37,624 - INFO - Processing Section 171B...
2025-05-09 16:44:41,320 - INFO - Updated Section 171B
2025-05-09 16:44:41,321 - INFO - Processing Section 171C...
2025-05-09 16:44:44,930 - INFO - Updated Section 171C
2025-05-09 16:44:44,930 - INFO - Processing Section 171D...
2025-05-09 16:44:51,135 - INFO - Updated Section 171D
2025-05-09 16:44:51,135 - INFO - Processing Section 171E...
2025-05-09 16:44:55,114 - INFO - Updated Section 171E
2025-05-09 16:44:55,116 - INFO - Processing Section 171F...
2025-05-09 16:44:59,800 - INFO - Updated Section 171F
2025-05-09 16:44:59,800 - INFO - Processing Section 171G...
2025-05-09 16:45:05,468 - INFO - Updated Section 171G
2025-05-09 16:45:05,468 - INFO - Processing Section 171H...
2025-05-09 16:45:11,519 - INFO - Updated Section 171H
2025-05-09 16:45:11,519 - INFO - Processing Section 171I...
2025-05-09 16:45:16,590 - INFO - Updated Section 171I
2025-05-09 16:45:16,592 - INFO - Processing Section 172...
2025-05-09 16:45:21,845 - INFO - Updated Section 172
2025-05-09 16:45:21,845 - INFO - Processing Section 173...
2025-05-09 16:45:26,734 - INFO - Updated Section 173
2025-05-09 16:45:26,735 - INFO - Processing Section 174...
2025-05-09 16:45:32,294 - INFO - Updated Section 174
2025-05-09 16:45:32,294 - INFO - Processing Section 174A...
2025-05-09 16:45:36,151 - INFO - Updated Section 174A
2025-05-09 16:45:36,153 - INFO - Processing Section 175...
2025-05-09 16:45:41,948 - INFO - Updated Section 175
2025-05-09 16:45:41,949 - INFO - Processing Section 176...
2025-05-09 16:45:46,914 - INFO - Updated Section 176
2025-05-09 16:45:46,915 - INFO - Processing Section 177...
2025-05-09 16:45:51,617 - INFO - Updated Section 177
2025-05-09 16:45:51,618 - INFO - Processing Section 178...
2025-05-09 16:45:55,186 - INFO - Updated Section 178
2025-05-09 16:45:55,187 - INFO - Processing Section 179...
2025-05-09 16:45:58,532 - INFO - Updated Section 179
2025-05-09 16:45:58,533 - INFO - Processing Section 180...
2025-05-09 16:46:04,428 - INFO - Updated Section 180
2025-05-09 16:46:04,428 - INFO - Processing Section 181...
2025-05-09 16:46:09,126 - INFO - Updated Section 181
2025-05-09 16:46:09,126 - INFO - Processing Section 182...
2025-05-09 16:46:14,697 - INFO - Updated Section 182
2025-05-09 16:46:14,698 - INFO - Processing Section 183...
2025-05-09 16:46:19,641 - INFO - Updated Section 183
2025-05-09 16:46:19,641 - INFO - Processing Section 184...
2025-05-09 16:46:25,457 - INFO - Updated Section 184
2025-05-09 16:46:25,459 - INFO - Processing Section 185...
2025-05-09 16:46:28,893 - INFO - Updated Section 185
2025-05-09 16:46:28,894 - INFO - Processing Section 186...
2025-05-09 16:46:33,058 - INFO - Updated Section 186
2025-05-09 16:46:33,059 - INFO - Processing Section 187...
2025-05-09 16:46:37,381 - INFO - Updated Section 187
2025-05-09 16:46:37,382 - INFO - Processing Section 188...
2025-05-09 16:46:42,966 - INFO - Updated Section 188
2025-05-09 16:46:42,967 - INFO - Processing Section 189...
2025-05-09 16:46:49,077 - INFO - Updated Section 189
2025-05-09 16:46:49,078 - INFO - Processing Section 190...
2025-05-09 16:46:54,161 - INFO - Updated Section 190
2025-05-09 16:46:54,162 - INFO - Processing Section 191...
2025-05-09 16:46:59,625 - INFO - Updated Section 191
2025-05-09 16:46:59,625 - INFO - Processing Section 192...
2025-05-09 16:47:04,642 - INFO - Updated Section 192
2025-05-09 16:47:04,643 - INFO - Processing Section 193...
2025-05-09 16:47:10,009 - INFO - Updated Section 193
2025-05-09 16:47:10,009 - INFO - Processing Section 194...
2025-05-09 16:47:13,758 - INFO - Updated Section 194
2025-05-09 16:47:13,759 - INFO - Processing Section 195...
2025-05-09 16:47:17,087 - INFO - Updated Section 195
2025-05-09 16:47:17,090 - INFO - Processing Section 195A...
2025-05-09 16:47:22,395 - INFO - Updated Section 195A
2025-05-09 16:47:22,395 - INFO - Processing Section 196...
2025-05-09 16:47:26,153 - INFO - Updated Section 196
2025-05-09 16:47:26,155 - INFO - Processing Section 197...
2025-05-09 16:47:29,918 - INFO - Updated Section 197
2025-05-09 16:47:29,918 - INFO - Processing Section 198...
2025-05-09 16:47:35,950 - INFO - Updated Section 198
2025-05-09 16:47:35,950 - INFO - Processing Section 199...
2025-05-09 16:47:39,567 - INFO - Updated Section 199
2025-05-09 16:47:39,567 - INFO - Processing Section 200...
2025-05-09 16:47:43,660 - INFO - Updated Section 200
2025-05-09 16:47:43,660 - INFO - Processing Section 201...
2025-05-09 16:47:47,417 - INFO - Updated Section 201
2025-05-09 16:47:47,418 - INFO - Processing Section 202...
2025-05-09 16:47:51,707 - INFO - Updated Section 202
2025-05-09 16:47:51,708 - INFO - Processing Section 203...
2025-05-09 16:47:56,006 - INFO - Updated Section 203
2025-05-09 16:47:56,006 - INFO - Processing Section 204...
2025-05-09 16:47:59,625 - INFO - Updated Section 204
2025-05-09 16:47:59,626 - INFO - Processing Section 205...
2025-05-09 16:48:04,090 - INFO - Updated Section 205
2025-05-09 16:48:04,090 - INFO - Processing Section 206...
2025-05-09 16:48:09,557 - INFO - Updated Section 206
2025-05-09 16:48:09,558 - INFO - Processing Section 207...
2025-05-09 16:48:14,018 - INFO - Updated Section 207
2025-05-09 16:48:14,019 - INFO - Processing Section 208...
2025-05-09 16:48:18,597 - INFO - Updated Section 208
2025-05-09 16:48:18,598 - INFO - Processing Section 209...
2025-05-09 16:48:23,002 - INFO - Updated Section 209
2025-05-09 16:48:23,002 - INFO - Processing Section 210...
2025-05-09 16:48:28,146 - INFO - Updated Section 210
2025-05-09 16:48:28,147 - INFO - Processing Section 211...
2025-05-09 16:48:32,840 - INFO - Updated Section 211
2025-05-09 16:48:32,841 - INFO - Processing Section 212...
2025-05-09 16:48:37,290 - INFO - Updated Section 212
2025-05-09 16:48:37,291 - INFO - Processing Section 213...
2025-05-09 16:48:43,963 - INFO - Updated Section 213
2025-05-09 16:48:43,966 - INFO - Processing Section 214...
2025-05-09 16:48:49,777 - INFO - Updated Section 214
2025-05-09 16:48:49,777 - INFO - Processing Section 215...
2025-05-09 16:48:55,590 - INFO - Updated Section 215
2025-05-09 16:48:55,591 - INFO - Processing Section 216...
2025-05-09 16:49:01,971 - INFO - Updated Section 216
2025-05-09 16:49:01,972 - INFO - Processing Section 216A...
2025-05-09 16:49:05,273 - INFO - Updated Section 216A
2025-05-09 16:49:05,273 - INFO - Processing Section 216B...
2025-05-09 16:49:10,074 - INFO - Updated Section 216B
2025-05-09 16:49:10,074 - INFO - Processing Section 217...
2025-05-09 16:49:15,688 - INFO - Updated Section 217
2025-05-09 16:49:15,691 - INFO - Processing Section 218...
2025-05-09 16:49:21,798 - INFO - Updated Section 218
2025-05-09 16:49:21,802 - INFO - Processing Section 219...
2025-05-09 16:49:27,114 - INFO - Updated Section 219
2025-05-09 16:49:27,114 - INFO - Processing Section 220...
2025-05-09 16:49:32,329 - INFO - Updated Section 220
2025-05-09 16:49:32,332 - INFO - Processing Section 221...
2025-05-09 16:49:38,331 - INFO - Updated Section 221
2025-05-09 16:49:38,331 - INFO - Processing Section 222...
2025-05-09 16:49:42,375 - INFO - Updated Section 222
2025-05-09 16:49:42,375 - INFO - Processing Section 223...
2025-05-09 16:49:46,590 - INFO - Updated Section 223
2025-05-09 16:49:46,593 - INFO - Processing Section 224...
2025-05-09 16:49:51,852 - INFO - Updated Section 224
2025-05-09 16:49:51,852 - INFO - Processing Section 225...
2025-05-09 16:49:56,919 - INFO - Updated Section 225
2025-05-09 16:49:56,919 - INFO - Processing Section 225A...
2025-05-09 16:50:02,496 - INFO - Updated Section 225A
2025-05-09 16:50:02,497 - INFO - Processing Section 225B...
2025-05-09 16:50:07,181 - INFO - Updated Section 225B
2025-05-09 16:50:07,181 - INFO - Processing Section 226...
2025-05-09 16:50:13,083 - INFO - Updated Section 226
2025-05-09 16:50:13,084 - INFO - Processing Section 227...
2025-05-09 16:50:19,408 - INFO - Updated Section 227
2025-05-09 16:50:19,412 - INFO - Processing Section 228...
2025-05-09 16:50:22,806 - INFO - Updated Section 228
2025-05-09 16:50:22,808 - INFO - Processing Section 228A...
2025-05-09 16:50:28,436 - INFO - Updated Section 228A
2025-05-09 16:50:28,437 - INFO - Processing Section 229...
2025-05-09 16:50:32,611 - INFO - Updated Section 229
2025-05-09 16:50:32,611 - INFO - Processing Section 229A...
2025-05-09 16:50:36,817 - INFO - Updated Section 229A
2025-05-09 16:50:36,817 - INFO - Processing Section 230...
2025-05-09 16:50:40,745 - INFO - Updated Section 230
2025-05-09 16:50:40,749 - INFO - Processing Section 231...
2025-05-09 16:50:44,775 - INFO - Updated Section 231
2025-05-09 16:50:44,777 - INFO - Processing Section 232...
2025-05-09 16:50:48,499 - INFO - Updated Section 232
2025-05-09 16:50:48,499 - INFO - Processing Section 233...
2025-05-09 16:50:53,006 - INFO - Updated Section 233
2025-05-09 16:50:53,007 - INFO - Processing Section 234...
2025-05-09 16:50:56,949 - INFO - Updated Section 234
2025-05-09 16:50:56,949 - INFO - Processing Section 235...
2025-05-09 16:51:01,260 - INFO - Updated Section 235
2025-05-09 16:51:01,260 - INFO - Processing Section 236...
2025-05-09 16:51:05,959 - INFO - Updated Section 236
2025-05-09 16:51:05,959 - INFO - Processing Section 237...
2025-05-09 16:51:12,360 - INFO - Updated Section 237
2025-05-09 16:51:12,360 - INFO - Processing Section 238...
2025-05-09 16:51:16,092 - INFO - Updated Section 238
2025-05-09 16:51:16,092 - INFO - Processing Section 239...
2025-05-09 16:51:20,180 - INFO - Updated Section 239
2025-05-09 16:51:20,180 - INFO - Processing Section 240...
2025-05-09 16:51:23,610 - INFO - Updated Section 240
2025-05-09 16:51:23,610 - INFO - Processing Section 241...
2025-05-09 16:51:29,047 - INFO - Updated Section 241
2025-05-09 16:51:29,047 - INFO - Processing Section 242...
2025-05-09 16:51:34,059 - INFO - Updated Section 242
2025-05-09 16:51:34,061 - INFO - Processing Section 243...
2025-05-09 16:51:38,237 - INFO - Updated Section 243
2025-05-09 16:51:38,238 - INFO - Processing Section 244...
2025-05-09 16:51:43,581 - INFO - Updated Section 244
2025-05-09 16:51:43,582 - INFO - Processing Section 245...
2025-05-09 16:51:47,471 - INFO - Updated Section 245
2025-05-09 16:51:47,471 - INFO - Processing Section 246...
2025-05-09 16:51:53,286 - INFO - Updated Section 246
2025-05-09 16:51:53,287 - INFO - Processing Section 247...
2025-05-09 16:51:56,607 - INFO - Updated Section 247
2025-05-09 16:51:56,607 - INFO - Processing Section 248...
2025-05-09 16:52:00,511 - INFO - Updated Section 248
2025-05-09 16:52:00,511 - INFO - Processing Section 249...
2025-05-09 16:52:05,305 - INFO - Updated Section 249
2025-05-09 16:52:05,305 - INFO - Processing Section 250...
2025-05-09 16:52:10,299 - INFO - Updated Section 250
2025-05-09 16:52:10,300 - INFO - Processing Section 251...
2025-05-09 16:52:14,728 - INFO - Updated Section 251
2025-05-09 16:52:14,729 - INFO - Processing Section 252...
2025-05-09 16:52:18,200 - INFO - Updated Section 252
2025-05-09 16:52:18,201 - INFO - Processing Section 253...
2025-05-09 16:52:23,782 - INFO - Updated Section 253
2025-05-09 16:52:23,783 - INFO - Processing Section 254...
2025-05-09 16:52:29,597 - INFO - Updated Section 254
2025-05-09 16:52:29,598 - INFO - Processing Section 255...
2025-05-09 16:52:34,113 - INFO - Inserted Section 255
2025-05-09 16:52:34,115 - INFO - Processing Section 256...
2025-05-09 16:52:39,583 - INFO - Updated Section 256
2025-05-09 16:52:39,584 - INFO - Processing Section 257...
2025-05-09 16:52:43,153 - INFO - Updated Section 257
2025-05-09 16:52:43,154 - INFO - Processing Section 258...
2025-05-09 16:52:49,025 - INFO - Updated Section 258
2025-05-09 16:52:49,025 - INFO - Processing Section 259...
2025-05-09 16:52:52,322 - INFO - Updated Section 259
2025-05-09 16:52:52,323 - INFO - Processing Section 260...
2025-05-09 16:52:55,884 - INFO - Updated Section 260
2025-05-09 16:52:55,886 - INFO - Processing Section 261...
2025-05-09 16:53:00,389 - INFO - Updated Section 261
2025-05-09 16:53:00,390 - INFO - Processing Section 262...
2025-05-09 16:53:05,070 - INFO - Updated Section 262
2025-05-09 16:53:05,072 - INFO - Processing Section 263...
2025-05-09 16:53:10,406 - INFO - Updated Section 263
2025-05-09 16:53:10,406 - INFO - Processing Section 263A...
2025-05-09 16:53:14,552 - INFO - Updated Section 263A
2025-05-09 16:53:14,552 - INFO - Processing Section 264...
2025-05-09 16:53:18,453 - INFO - Updated Section 264
2025-05-09 16:53:18,453 - INFO - Processing Section 265...
2025-05-09 16:53:24,069 - INFO - Updated Section 265
2025-05-09 16:53:24,069 - INFO - Processing Section 266...
2025-05-09 16:53:29,109 - INFO - Updated Section 266
2025-05-09 16:53:29,109 - INFO - Processing Section 267...
2025-05-09 16:53:33,360 - INFO - Updated Section 267
2025-05-09 16:53:33,362 - INFO - Processing Section 268...
2025-05-09 16:53:39,018 - INFO - Updated Section 268
2025-05-09 16:53:39,019 - INFO - Processing Section 269...
2025-05-09 16:53:42,985 - INFO - Updated Section 269
2025-05-09 16:53:42,986 - INFO - Processing Section 270...
2025-05-09 16:53:48,250 - INFO - Updated Section 270
2025-05-09 16:53:48,251 - INFO - Processing Section 271...
2025-05-09 16:53:52,886 - INFO - Updated Section 271
2025-05-09 16:53:52,886 - INFO - Processing Section 272...
2025-05-09 16:53:59,181 - INFO - Updated Section 272
2025-05-09 16:53:59,181 - INFO - Processing Section 273...
2025-05-09 16:54:04,478 - INFO - Updated Section 273
2025-05-09 16:54:04,478 - INFO - Processing Section 274...
2025-05-09 16:54:09,509 - INFO - Updated Section 274
2025-05-09 16:54:09,510 - INFO - Processing Section 275...
2025-05-09 16:54:15,078 - INFO - Updated Section 275
2025-05-09 16:54:15,079 - INFO - Processing Section 276...
2025-05-09 16:54:18,471 - INFO - Updated Section 276
2025-05-09 16:54:18,471 - INFO - Processing Section 277...
2025-05-09 16:54:23,234 - INFO - Updated Section 277
2025-05-09 16:54:23,235 - INFO - Processing Section 278...
2025-05-09 16:54:28,787 - INFO - Updated Section 278
2025-05-09 16:54:28,787 - INFO - Processing Section 279...
2025-05-09 16:54:34,361 - INFO - Updated Section 279
2025-05-09 16:54:34,362 - INFO - Processing Section 280...
2025-05-09 16:54:38,110 - INFO - Updated Section 280
2025-05-09 16:54:38,111 - INFO - Processing Section 281...
2025-05-09 16:54:43,380 - INFO - Updated Section 281
2025-05-09 16:54:43,380 - INFO - Processing Section 282...
2025-05-09 16:54:47,910 - INFO - Updated Section 282
2025-05-09 16:54:47,911 - INFO - Processing Section 283...
2025-05-09 16:54:53,857 - INFO - Updated Section 283
2025-05-09 16:54:53,857 - INFO - Processing Section 284...
2025-05-09 16:54:59,900 - INFO - Updated Section 284
2025-05-09 16:54:59,901 - INFO - Processing Section 285...
2025-05-09 16:55:03,709 - INFO - Updated Section 285
2025-05-09 16:55:03,710 - INFO - Processing Section 286...
2025-05-09 16:55:09,383 - INFO - Updated Section 286
2025-05-09 16:55:09,384 - INFO - Processing Section 287...
2025-05-09 16:55:15,493 - INFO - Updated Section 287
2025-05-09 16:55:15,494 - INFO - Processing Section 288...
2025-05-09 16:55:20,654 - INFO - Updated Section 288
2025-05-09 16:55:20,655 - INFO - Processing Section 289...
2025-05-09 16:55:24,261 - INFO - Updated Section 289
2025-05-09 16:55:24,262 - INFO - Processing Section 290...
2025-05-09 16:55:30,051 - INFO - Updated Section 290
2025-05-09 16:55:30,055 - INFO - Processing Section 291...
2025-05-09 16:55:34,132 - INFO - Updated Section 291
2025-05-09 16:55:34,132 - INFO - Processing Section 292...
2025-05-09 16:55:37,788 - INFO - Updated Section 292
2025-05-09 16:55:37,788 - INFO - Processing Section 293...
2025-05-09 16:55:43,672 - INFO - Updated Section 293
2025-05-09 16:55:43,675 - INFO - Processing Section 294...
2025-05-09 16:55:48,945 - INFO - Updated Section 294
2025-05-09 16:55:48,945 - INFO - Processing Section 294A...
2025-05-09 16:55:52,979 - INFO - Updated Section 294A
2025-05-09 16:55:52,980 - INFO - Processing Section 295...
2025-05-09 16:55:58,467 - INFO - Updated Section 295
2025-05-09 16:55:58,467 - INFO - Processing Section 295A...
2025-05-09 16:56:02,074 - INFO - Updated Section 295A
2025-05-09 16:56:02,075 - INFO - Processing Section 296...
2025-05-09 16:56:07,912 - INFO - Updated Section 296
2025-05-09 16:56:07,912 - INFO - Processing Section 297...
2025-05-09 16:56:12,699 - INFO - Updated Section 297
2025-05-09 16:56:12,700 - INFO - Processing Section 298...
2025-05-09 16:56:16,241 - INFO - Updated Section 298
2025-05-09 16:56:16,242 - INFO - Processing Section 299...
2025-05-09 16:56:21,475 - INFO - Updated Section 299
2025-05-09 16:56:21,476 - INFO - Processing Section 300...
2025-05-09 16:56:25,815 - INFO - Updated Section 300
2025-05-09 16:56:25,815 - INFO - Processing Section 301...
2025-05-09 16:56:30,326 - INFO - Updated Section 301
2025-05-09 16:56:30,326 - INFO - Processing Section 302...
2025-05-09 16:56:34,699 - INFO - Updated Section 302
2025-05-09 16:56:34,701 - INFO - Processing Section 303...
2025-05-09 16:56:38,791 - INFO - Updated Section 303
2025-05-09 16:56:38,795 - INFO - Processing Section 304...
2025-05-09 16:56:43,094 - INFO - Updated Section 304
2025-05-09 16:56:43,096 - INFO - Processing Section 304A...
2025-05-09 16:56:49,102 - INFO - Updated Section 304A
2025-05-09 16:56:49,103 - INFO - Processing Section 304B...
2025-05-09 16:56:54,445 - INFO - Updated Section 304B
2025-05-09 16:56:54,446 - INFO - Processing Section 305...
2025-05-09 16:56:59,564 - INFO - Updated Section 305
2025-05-09 16:56:59,565 - INFO - Processing Section 306...
2025-05-09 16:57:09,124 - INFO - Updated Section 306
2025-05-09 16:57:09,125 - INFO - Processing Section 307...
2025-05-09 16:57:15,838 - INFO - Updated Section 307
2025-05-09 16:57:15,839 - INFO - Processing Section 308...
2025-05-09 16:57:24,350 - INFO - Updated Section 308
2025-05-09 16:57:24,350 - INFO - Processing Section 309...
2025-05-09 16:57:30,421 - INFO - Updated Section 309
2025-05-09 16:57:30,422 - INFO - Processing Section 310...
2025-05-09 16:57:38,875 - INFO - Updated Section 310
2025-05-09 16:57:38,877 - INFO - Processing Section 311...
2025-05-09 16:57:46,597 - INFO - Updated Section 311
2025-05-09 16:57:46,600 - INFO - Processing Section 312...
2025-05-09 16:57:50,531 - INFO - Updated Section 312
2025-05-09 16:57:50,532 - INFO - Processing Section 313...
2025-05-09 16:57:57,563 - INFO - Updated Section 313
2025-05-09 16:57:57,564 - INFO - Processing Section 314...
2025-05-09 16:58:02,373 - INFO - Updated Section 314
2025-05-09 16:58:02,374 - INFO - Processing Section 315...
2025-05-09 16:58:10,800 - INFO - Updated Section 315
2025-05-09 16:58:10,801 - INFO - Processing Section 316...
2025-05-09 16:58:19,029 - INFO - Updated Section 316
2025-05-09 16:58:19,030 - INFO - Processing Section 317...
2025-05-09 16:58:25,271 - INFO - Updated Section 317
2025-05-09 16:58:25,271 - INFO - Processing Section 318...
2025-05-09 16:58:36,567 - INFO - Updated Section 318
2025-05-09 16:58:36,567 - INFO - Processing Section 319...
2025-05-09 16:58:47,672 - INFO - Updated Section 319
2025-05-09 16:58:47,674 - INFO - Processing Section 320...
2025-05-09 16:58:53,667 - INFO - Updated Section 320
2025-05-09 16:58:53,668 - INFO - Processing Section 321...
2025-05-09 16:59:01,406 - INFO - Updated Section 321
2025-05-09 16:59:01,406 - INFO - Processing Section 322...
2025-05-09 16:59:15,909 - INFO - Updated Section 322
2025-05-09 16:59:15,910 - INFO - Processing Section 323...
2025-05-09 16:59:23,707 - INFO - Updated Section 323
2025-05-09 16:59:23,717 - INFO - Processing Section 324...
2025-05-09 16:59:44,863 - INFO - Updated Section 324
2025-05-09 16:59:44,864 - INFO - Processing Section 325...
2025-05-09 16:59:51,387 - INFO - Updated Section 325
2025-05-09 16:59:51,399 - INFO - Processing Section 326...
2025-05-09 16:59:55,569 - INFO - Updated Section 326
2025-05-09 16:59:55,570 - INFO - Processing Section 326A...
2025-05-09 17:00:04,278 - INFO - Updated Section 326A
2025-05-09 17:00:04,279 - INFO - Processing Section 326B...
2025-05-09 17:00:11,439 - INFO - Updated Section 326B
2025-05-09 17:00:11,441 - INFO - Processing Section 327...
2025-05-09 17:00:15,159 - INFO - Updated Section 327
2025-05-09 17:00:15,159 - INFO - Processing Section 328...
2025-05-09 17:00:24,581 - INFO - Updated Section 328
2025-05-09 17:00:24,582 - INFO - Processing Section 329...
2025-05-09 17:00:32,789 - INFO - Updated Section 329
2025-05-09 17:00:32,789 - INFO - Processing Section 330...
2025-05-09 17:00:37,617 - INFO - Updated Section 330
2025-05-09 17:00:37,618 - INFO - Processing Section 331...
2025-05-09 17:00:41,616 - INFO - Updated Section 331
2025-05-09 17:00:41,617 - INFO - Processing Section 332...
2025-05-09 17:00:46,784 - INFO - Updated Section 332
2025-05-09 17:00:46,786 - INFO - Processing Section 333...
2025-05-09 17:00:53,118 - INFO - Updated Section 333
2025-05-09 17:00:53,120 - INFO - Processing Section 334...
2025-05-09 17:00:59,587 - INFO - Updated Section 334
2025-05-09 17:00:59,587 - INFO - Processing Section 335...
2025-05-09 17:01:05,208 - INFO - Updated Section 335
2025-05-09 17:01:05,210 - INFO - Processing Section 336...
2025-05-09 17:01:10,142 - INFO - Updated Section 336
2025-05-09 17:01:10,142 - INFO - Processing Section 337...
2025-05-09 17:01:16,877 - INFO - Updated Section 337
2025-05-09 17:01:16,878 - INFO - Processing Section 338...
2025-05-09 17:01:22,295 - INFO - Updated Section 338
2025-05-09 17:01:22,295 - INFO - Processing Section 339...
2025-05-09 17:01:26,980 - INFO - Updated Section 339
2025-05-09 17:01:26,981 - INFO - Processing Section 340...
2025-05-09 17:01:32,892 - INFO - Updated Section 340
2025-05-09 17:01:32,902 - INFO - Processing Section 341...
2025-05-09 17:01:38,683 - INFO - Updated Section 341
2025-05-09 17:01:38,695 - INFO - Processing Section 342...
2025-05-09 17:01:44,738 - INFO - Updated Section 342
2025-05-09 17:01:44,749 - INFO - Processing Section 343...
2025-05-09 17:01:50,966 - INFO - Updated Section 343
2025-05-09 17:01:50,977 - INFO - Processing Section 344...
2025-05-09 17:01:58,214 - INFO - Updated Section 344
2025-05-09 17:01:58,225 - INFO - Processing Section 345...
2025-05-09 17:02:05,877 - INFO - Updated Section 345
2025-05-09 17:02:05,887 - INFO - Processing Section 346...
2025-05-09 17:02:12,091 - INFO - Updated Section 346
2025-05-09 17:02:12,101 - INFO - Processing Section 347...
2025-05-09 17:02:16,496 - INFO - Updated Section 347
2025-05-09 17:02:16,507 - INFO - Processing Section 348...
2025-05-09 17:02:20,840 - INFO - Updated Section 348
2025-05-09 17:02:20,853 - INFO - Processing Section 349...
2025-05-09 17:02:25,661 - INFO - Updated Section 349
2025-05-09 17:02:25,662 - INFO - Processing Section 350...
2025-05-09 17:02:32,747 - INFO - Updated Section 350
2025-05-09 17:02:32,747 - INFO - Processing Section 351...
2025-05-09 17:02:37,841 - INFO - Updated Section 351
2025-05-09 17:02:37,841 - INFO - Processing Section 352...
2025-05-09 17:02:44,683 - INFO - Updated Section 352
2025-05-09 17:02:44,695 - INFO - Processing Section 353...
2025-05-09 17:02:49,088 - INFO - Updated Section 353
2025-05-09 17:02:49,089 - INFO - Processing Section 354...
2025-05-09 17:02:54,612 - INFO - Updated Section 354
2025-05-09 17:02:54,613 - INFO - Processing Section 354A...
2025-05-09 17:03:00,460 - INFO - Updated Section 354A
2025-05-09 17:03:00,472 - INFO - Processing Section 354B...
2025-05-09 17:03:04,734 - INFO - Updated Section 354B
2025-05-09 17:03:04,734 - INFO - Processing Section 354C...
2025-05-09 17:03:09,357 - INFO - Updated Section 354C
2025-05-09 17:03:09,359 - INFO - Processing Section 354D...
2025-05-09 17:03:15,291 - INFO - Updated Section 354D
2025-05-09 17:03:15,292 - INFO - Processing Section 355...
2025-05-09 17:03:20,749 - INFO - Updated Section 355
2025-05-09 17:03:20,750 - INFO - Processing Section 356...
2025-05-09 17:03:26,525 - INFO - Updated Section 356
2025-05-09 17:03:26,526 - INFO - Processing Section 357...
2025-05-09 17:03:30,177 - INFO - Updated Section 357
2025-05-09 17:03:30,190 - INFO - Processing Section 358...
2025-05-09 17:03:34,934 - INFO - Updated Section 358
2025-05-09 17:03:34,934 - INFO - Processing Section 359...
2025-05-09 17:03:41,237 - INFO - Updated Section 359
2025-05-09 17:03:41,238 - INFO - Processing Section 360...
2025-05-09 17:03:47,554 - INFO - Updated Section 360
2025-05-09 17:03:47,556 - INFO - Processing Section 361...
2025-05-09 17:03:53,299 - INFO - Updated Section 361
2025-05-09 17:03:53,300 - INFO - Processing Section 362...
2025-05-09 17:03:58,918 - INFO - Updated Section 362
2025-05-09 17:03:58,918 - INFO - Processing Section 363...
2025-05-09 17:04:03,473 - INFO - Updated Section 363
2025-05-09 17:04:03,485 - INFO - Processing Section 363A...
2025-05-09 17:04:07,626 - INFO - Updated Section 363A
2025-05-09 17:04:07,627 - INFO - Processing Section 364...
2025-05-09 17:04:12,462 - INFO - Updated Section 364
2025-05-09 17:04:12,462 - INFO - Processing Section 364A...
2025-05-09 17:04:16,778 - INFO - Updated Section 364A
2025-05-09 17:04:16,779 - INFO - Processing Section 365...
2025-05-09 17:04:23,088 - INFO - Updated Section 365
2025-05-09 17:04:23,099 - INFO - Processing Section 366...
2025-05-09 17:04:27,653 - INFO - Updated Section 366
2025-05-09 17:04:27,653 - INFO - Processing Section 366A...
2025-05-09 17:04:31,426 - INFO - Updated Section 366A
2025-05-09 17:04:31,426 - INFO - Processing Section 366B...
2025-05-09 17:04:36,110 - INFO - Updated Section 366B
2025-05-09 17:04:36,112 - INFO - Processing Section 367...
2025-05-09 17:04:41,049 - INFO - Updated Section 367
2025-05-09 17:04:41,049 - INFO - Processing Section 368...
2025-05-09 17:04:45,573 - INFO - Updated Section 368
2025-05-09 17:04:45,575 - INFO - Processing Section 369...
2025-05-09 17:04:52,361 - INFO - Updated Section 369
2025-05-09 17:04:52,362 - INFO - Processing Section 370...
2025-05-09 17:04:56,883 - INFO - Updated Section 370
2025-05-09 17:04:56,883 - INFO - Processing Section 370A...
2025-05-09 17:05:03,503 - INFO - Updated Section 370A
2025-05-09 17:05:03,504 - INFO - Processing Section 371...
2025-05-09 17:05:08,637 - INFO - Updated Section 371
2025-05-09 17:05:08,637 - INFO - Processing Section 372...
2025-05-09 17:05:12,254 - INFO - Updated Section 372
2025-05-09 17:05:12,255 - INFO - Processing Section 373...
2025-05-09 17:05:16,090 - INFO - Updated Section 373
2025-05-09 17:05:16,091 - INFO - Processing Section 374...
2025-05-09 17:05:20,604 - INFO - Updated Section 374
2025-05-09 17:05:20,605 - INFO - Processing Section 375...
2025-05-09 17:05:26,385 - INFO - Updated Section 375
2025-05-09 17:05:26,385 - INFO - Processing Section 376...
2025-05-09 17:05:31,743 - INFO - Updated Section 376
2025-05-09 17:05:31,757 - INFO - Processing Section 376A...
2025-05-09 17:05:37,137 - INFO - Updated Section 376A
2025-05-09 17:05:37,148 - INFO - Processing Section 376AB...
2025-05-09 17:05:42,655 - INFO - Updated Section 376AB
2025-05-09 17:05:42,664 - INFO - Processing Section 376B...
2025-05-09 17:05:48,198 - INFO - Updated Section 376B
2025-05-09 17:05:48,199 - INFO - Processing Section 376C...
2025-05-09 17:05:54,574 - INFO - Updated Section 376C
2025-05-09 17:05:54,575 - INFO - Processing Section 376D...
2025-05-09 17:05:58,165 - INFO - Updated Section 376D
2025-05-09 17:05:58,166 - INFO - Processing Section 376DA...
2025-05-09 17:06:03,492 - INFO - Updated Section 376DA
2025-05-09 17:06:03,503 - INFO - Processing Section 376DB...
2025-05-09 17:06:10,292 - INFO - Updated Section 376DB
2025-05-09 17:06:10,294 - INFO - Processing Section 376E...
2025-05-09 17:06:15,244 - INFO - Updated Section 376E
2025-05-09 17:06:15,246 - INFO - Processing Section 377...
2025-05-09 17:06:20,514 - INFO - Updated Section 377
2025-05-09 17:06:20,516 - INFO - Processing Section 378...
2025-05-09 17:06:24,372 - INFO - Updated Section 378
2025-05-09 17:06:24,372 - INFO - Processing Section 379...
2025-05-09 17:06:29,986 - INFO - Updated Section 379
2025-05-09 17:06:29,998 - INFO - Processing Section 380...
2025-05-09 17:06:33,414 - INFO - Updated Section 380
2025-05-09 17:06:33,416 - INFO - Processing Section 381...
2025-05-09 17:06:40,079 - INFO - Updated Section 381
2025-05-09 17:06:40,081 - INFO - Processing Section 382...
2025-05-09 17:06:45,009 - INFO - Updated Section 382
2025-05-09 17:06:45,010 - INFO - Processing Section 383...
2025-05-09 17:06:51,187 - INFO - Updated Section 383
2025-05-09 17:06:51,188 - INFO - Processing Section 384...
2025-05-09 17:06:55,827 - INFO - Updated Section 384
2025-05-09 17:06:55,837 - INFO - Processing Section 385...
2025-05-09 17:06:59,698 - INFO - Updated Section 385
2025-05-09 17:06:59,699 - INFO - Processing Section 386...
2025-05-09 17:07:04,721 - INFO - Updated Section 386
2025-05-09 17:07:04,722 - INFO - Processing Section 387...
2025-05-09 17:07:08,645 - INFO - Updated Section 387
2025-05-09 17:07:08,646 - INFO - Processing Section 388...
2025-05-09 17:07:14,027 - INFO - Updated Section 388
2025-05-09 17:07:14,038 - INFO - Processing Section 389...
2025-05-09 17:07:21,034 - INFO - Updated Section 389
2025-05-09 17:07:21,034 - INFO - Processing Section 390...
2025-05-09 17:07:26,396 - INFO - Updated Section 390
2025-05-09 17:07:26,397 - INFO - Processing Section 391...
2025-05-09 17:07:32,573 - INFO - Updated Section 391
2025-05-09 17:07:32,574 - INFO - Processing Section 392...
2025-05-09 17:07:37,951 - INFO - Updated Section 392
2025-05-09 17:07:37,964 - INFO - Processing Section 393...
2025-05-09 17:07:43,511 - INFO - Updated Section 393
2025-05-09 17:07:43,512 - INFO - Processing Section 394...
2025-05-09 17:07:48,938 - INFO - Updated Section 394
2025-05-09 17:07:48,939 - INFO - Processing Section 395...
2025-05-09 17:07:53,905 - INFO - Updated Section 395
2025-05-09 17:07:53,915 - INFO - Processing Section 396...
2025-05-09 17:07:57,884 - INFO - Updated Section 396
2025-05-09 17:07:57,885 - INFO - Processing Section 397...
2025-05-09 17:08:04,965 - INFO - Updated Section 397
2025-05-09 17:08:04,966 - INFO - Processing Section 398...
2025-05-09 17:08:10,298 - INFO - Updated Section 398
2025-05-09 17:08:10,298 - INFO - Processing Section 399...
2025-05-09 17:08:14,179 - INFO - Updated Section 399
2025-05-09 17:08:14,180 - INFO - Processing Section 400...
2025-05-09 17:08:19,869 - INFO - Updated Section 400
2025-05-09 17:08:19,881 - INFO - Processing Section 401...
2025-05-09 17:08:23,659 - INFO - Updated Section 401
2025-05-09 17:08:23,670 - INFO - Processing Section 402...
2025-05-09 17:08:27,292 - INFO - Updated Section 402
2025-05-09 17:08:27,292 - INFO - Processing Section 403...
2025-05-09 17:08:34,597 - INFO - Updated Section 403
2025-05-09 17:08:34,598 - INFO - Processing Section 404...
2025-05-09 17:08:43,098 - INFO - Updated Section 404
2025-05-09 17:08:43,098 - INFO - Processing Section 405...
2025-05-09 17:08:49,319 - INFO - Updated Section 405
2025-05-09 17:08:49,319 - INFO - Processing Section 406...
2025-05-09 17:08:54,588 - INFO - Updated Section 406
2025-05-09 17:08:54,600 - INFO - Processing Section 407...
2025-05-09 17:09:02,266 - INFO - Updated Section 407
2025-05-09 17:09:02,267 - INFO - Processing Section 408...
2025-05-09 17:09:49,501 - WARNING - Attempt 1 failed for https://devgan.in//ipc/section/408/: HTTPSConnectionPool(host='devgan.in', port=443): Read timed out. (read timeout=30)
2025-05-09 17:10:00,233 - INFO - Updated Section 408
2025-05-09 17:10:00,234 - INFO - Processing Section 409...
2025-05-09 17:10:04,003 - INFO - Updated Section 409
2025-05-09 17:10:04,004 - INFO - Processing Section 410...
2025-05-09 17:10:07,724 - INFO - Updated Section 410
2025-05-09 17:10:07,726 - INFO - Processing Section 411...
2025-05-09 17:10:12,915 - INFO - Updated Section 411
2025-05-09 17:10:12,916 - INFO - Processing Section 412...
2025-05-09 17:10:18,729 - INFO - Updated Section 412
2025-05-09 17:10:18,729 - INFO - Processing Section 413...
2025-05-09 17:10:26,196 - INFO - Updated Section 413
2025-05-09 17:10:26,197 - INFO - Processing Section 414...
2025-05-09 17:10:31,583 - INFO - Updated Section 414
2025-05-09 17:10:31,584 - INFO - Processing Section 415...
2025-05-09 17:10:36,748 - INFO - Updated Section 415
2025-05-09 17:10:36,749 - INFO - Processing Section 416...
2025-05-09 17:10:40,523 - INFO - Updated Section 416
2025-05-09 17:10:40,524 - INFO - Processing Section 417...
2025-05-09 17:10:44,525 - INFO - Updated Section 417
2025-05-09 17:10:44,527 - INFO - Processing Section 418...
2025-05-09 17:10:49,005 - INFO - Updated Section 418
2025-05-09 17:10:49,006 - INFO - Processing Section 419...
2025-05-09 17:10:53,008 - INFO - Updated Section 419
2025-05-09 17:10:53,018 - INFO - Processing Section 420...
2025-05-09 17:10:57,208 - INFO - Updated Section 420
2025-05-09 17:10:57,208 - INFO - Processing Section 421...
2025-05-09 17:11:02,302 - INFO - Updated Section 421
2025-05-09 17:11:02,304 - INFO - Processing Section 422...
2025-05-09 17:11:05,830 - INFO - Updated Section 422
2025-05-09 17:11:05,830 - INFO - Processing Section 423...
2025-05-09 17:11:11,432 - INFO - Updated Section 423
2025-05-09 17:11:11,433 - INFO - Processing Section 424...
2025-05-09 17:11:17,535 - INFO - Updated Section 424
2025-05-09 17:11:17,536 - INFO - Processing Section 425...
2025-05-09 17:11:22,398 - INFO - Updated Section 425
2025-05-09 17:11:22,398 - INFO - Processing Section 426...
2025-05-09 17:11:26,593 - INFO - Updated Section 426
2025-05-09 17:11:26,603 - INFO - Processing Section 427...
2025-05-09 17:11:30,809 - INFO - Updated Section 427
2025-05-09 17:11:30,810 - INFO - Processing Section 428...
2025-05-09 17:11:36,550 - INFO - Updated Section 428
2025-05-09 17:11:36,550 - INFO - Processing Section 429...
2025-05-09 17:11:41,911 - INFO - Updated Section 429
2025-05-09 17:11:41,912 - INFO - Processing Section 430...
2025-05-09 17:11:46,922 - INFO - Updated Section 430
2025-05-09 17:11:46,922 - INFO - Processing Section 431...
2025-05-09 17:11:52,489 - INFO - Updated Section 431
2025-05-09 17:11:52,490 - INFO - Processing Section 432...
2025-05-09 17:11:56,682 - INFO - Updated Section 432
2025-05-09 17:11:56,682 - INFO - Processing Section 433...
2025-05-09 17:12:02,694 - INFO - Updated Section 433
2025-05-09 17:12:02,695 - INFO - Processing Section 434...
2025-05-09 17:12:07,311 - INFO - Updated Section 434
2025-05-09 17:12:07,311 - INFO - Processing Section 435...
2025-05-09 17:12:11,984 - INFO - Updated Section 435
2025-05-09 17:12:11,984 - INFO - Processing Section 436...
2025-05-09 17:12:17,030 - INFO - Updated Section 436
2025-05-09 17:12:17,030 - INFO - Processing Section 437...
2025-05-09 17:12:22,777 - INFO - Updated Section 437
2025-05-09 17:12:22,778 - INFO - Processing Section 438...
2025-05-09 17:12:28,801 - INFO - Updated Section 438
2025-05-09 17:12:28,814 - INFO - Processing Section 439...
2025-05-09 17:12:33,971 - INFO - Updated Section 439
2025-05-09 17:12:33,981 - INFO - Processing Section 440...
2025-05-09 17:12:37,945 - INFO - Updated Section 440
2025-05-09 17:12:37,945 - INFO - Processing Section 441...
2025-05-09 17:12:43,431 - INFO - Updated Section 441
2025-05-09 17:12:43,431 - INFO - Processing Section 442...
2025-05-09 17:12:46,884 - INFO - Updated Section 442
2025-05-09 17:12:46,884 - INFO - Processing Section 443...
2025-05-09 17:12:53,066 - INFO - Updated Section 443
2025-05-09 17:12:53,066 - INFO - Processing Section 444...
2025-05-09 17:12:57,194 - INFO - Updated Section 444
2025-05-09 17:12:57,194 - INFO - Processing Section 445...
2025-05-09 17:13:03,101 - INFO - Updated Section 445
2025-05-09 17:13:03,103 - INFO - Processing Section 446...
2025-05-09 17:13:08,480 - INFO - Updated Section 446
2025-05-09 17:13:08,481 - INFO - Processing Section 447...
2025-05-09 17:13:12,634 - INFO - Updated Section 447
2025-05-09 17:13:12,644 - INFO - Processing Section 448...
2025-05-09 17:13:18,137 - INFO - Updated Section 448
2025-05-09 17:13:18,149 - INFO - Processing Section 449...
2025-05-09 17:13:23,466 - INFO - Updated Section 449
2025-05-09 17:13:23,467 - INFO - Processing Section 450...
2025-05-09 17:13:29,273 - INFO - Updated Section 450
2025-05-09 17:13:29,283 - INFO - Processing Section 451...
2025-05-09 17:13:33,935 - INFO - Updated Section 451
2025-05-09 17:13:33,948 - INFO - Processing Section 452...
2025-05-09 17:13:37,473 - INFO - Updated Section 452
2025-05-09 17:13:37,474 - INFO - Processing Section 453...
2025-05-09 17:13:42,348 - INFO - Updated Section 453
2025-05-09 17:13:42,362 - INFO - Processing Section 454...
2025-05-09 17:13:47,006 - INFO - Updated Section 454
2025-05-09 17:13:47,018 - INFO - Processing Section 455...
2025-05-09 17:13:50,464 - INFO - Updated Section 455
2025-05-09 17:13:50,466 - INFO - Processing Section 456...
2025-05-09 17:13:55,509 - INFO - Updated Section 456
2025-05-09 17:13:55,513 - INFO - Processing Section 457...
2025-05-09 17:14:00,095 - INFO - Updated Section 457
2025-05-09 17:14:00,106 - INFO - Processing Section 458...
2025-05-09 17:14:04,786 - INFO - Updated Section 458
2025-05-09 17:14:04,787 - INFO - Processing Section 459...
2025-05-09 17:14:10,043 - INFO - Updated Section 459
2025-05-09 17:14:10,044 - INFO - Processing Section 460...
2025-05-09 17:14:14,051 - INFO - Updated Section 460
2025-05-09 17:14:14,051 - INFO - Processing Section 461...
2025-05-09 17:14:18,643 - INFO - Updated Section 461
2025-05-09 17:14:18,643 - INFO - Processing Section 462...
2025-05-09 17:14:24,480 - INFO - Updated Section 462
2025-05-09 17:14:24,490 - INFO - Processing Section 463...
2025-05-09 17:14:28,080 - INFO - Updated Section 463
2025-05-09 17:14:28,080 - INFO - Processing Section 464...
2025-05-09 17:14:32,458 - INFO - Updated Section 464
2025-05-09 17:14:32,460 - INFO - Processing Section 465...
2025-05-09 17:14:36,355 - INFO - Updated Section 465
2025-05-09 17:14:36,369 - INFO - Processing Section 466...
2025-05-09 17:14:42,187 - INFO - Updated Section 466
2025-05-09 17:14:42,189 - INFO - Processing Section 467...
2025-05-09 17:14:46,742 - INFO - Updated Section 467
2025-05-09 17:14:46,743 - INFO - Processing Section 468...
2025-05-09 17:14:51,500 - INFO - Updated Section 468
2025-05-09 17:14:51,501 - INFO - Processing Section 469...
2025-05-09 17:14:57,397 - INFO - Updated Section 469
2025-05-09 17:14:57,399 - INFO - Processing Section 470...
2025-05-09 17:15:02,451 - INFO - Updated Section 470
2025-05-09 17:15:02,452 - INFO - Processing Section 471...
2025-05-09 17:15:07,454 - INFO - Updated Section 471
2025-05-09 17:15:07,454 - INFO - Processing Section 472...
2025-05-09 17:15:11,260 - INFO - Updated Section 472
2025-05-09 17:15:11,261 - INFO - Processing Section 473...
2025-05-09 17:15:16,663 - INFO - Updated Section 473
2025-05-09 17:15:16,663 - INFO - Processing Section 474...
2025-05-09 17:15:21,492 - INFO - Updated Section 474
2025-05-09 17:15:21,494 - INFO - Processing Section 475...
2025-05-09 17:15:25,797 - INFO - Updated Section 475
2025-05-09 17:15:25,798 - INFO - Processing Section 476...
2025-05-09 17:15:31,082 - INFO - Updated Section 476
2025-05-09 17:15:31,082 - INFO - Processing Section 477...
2025-05-09 17:15:36,556 - INFO - Updated Section 477
2025-05-09 17:15:36,557 - INFO - Processing Section 477A...
2025-05-09 17:15:41,579 - INFO - Updated Section 477A
2025-05-09 17:15:41,580 - INFO - Processing Section 478...
2025-05-09 17:15:45,817 - INFO - Updated Section 478
2025-05-09 17:15:45,817 - INFO - Processing Section 479...
2025-05-09 17:15:50,237 - INFO - Updated Section 479
2025-05-09 17:15:50,239 - INFO - Processing Section 480...
2025-05-09 17:15:55,389 - INFO - Updated Section 480
2025-05-09 17:15:55,390 - INFO - Processing Section 481...
2025-05-09 17:16:00,577 - INFO - Updated Section 481
2025-05-09 17:16:00,579 - INFO - Processing Section 482...
2025-05-09 17:16:06,053 - INFO - Updated Section 482
2025-05-09 17:16:06,064 - INFO - Processing Section 483...
2025-05-09 17:16:11,671 - INFO - Updated Section 483
2025-05-09 17:16:11,672 - INFO - Processing Section 484...
2025-05-09 17:16:16,087 - INFO - Updated Section 484
2025-05-09 17:16:16,088 - INFO - Processing Section 485...
2025-05-09 17:16:21,857 - INFO - Updated Section 485
2025-05-09 17:16:21,858 - INFO - Processing Section 486...
2025-05-09 17:16:26,467 - INFO - Updated Section 486
2025-05-09 17:16:26,467 - INFO - Processing Section 487...
2025-05-09 17:16:32,514 - INFO - Updated Section 487
2025-05-09 17:16:32,514 - INFO - Processing Section 488...
2025-05-09 17:16:37,618 - INFO - Updated Section 488
2025-05-09 17:16:37,637 - INFO - Processing Section 489...
2025-05-09 17:16:42,932 - INFO - Updated Section 489
2025-05-09 17:16:42,937 - INFO - Processing Section 489A...
2025-05-09 17:16:47,251 - INFO - Updated Section 489A
2025-05-09 17:16:47,251 - INFO - Processing Section 489B...
2025-05-09 17:16:53,605 - INFO - Updated Section 489B
2025-05-09 17:16:53,605 - INFO - Processing Section 489C...
2025-05-09 17:16:57,902 - INFO - Updated Section 489C
2025-05-09 17:16:57,902 - INFO - Processing Section 489D...
2025-05-09 17:17:02,946 - INFO - Updated Section 489D
2025-05-09 17:17:02,946 - INFO - Processing Section 489E...
2025-05-09 17:17:07,717 - INFO - Updated Section 489E
2025-05-09 17:17:07,717 - INFO - Processing Section 490...
2025-05-09 17:17:26,240 - WARNING - Attempt 1 failed for https://devgan.in//ipc/section/490/: ('Connection aborted.', RemoteDisconnected('Remote end closed connection without response'))
2025-05-09 17:17:38,362 - INFO - Updated Section 490
2025-05-09 17:17:38,362 - INFO - Processing Section 491...
2025-05-09 17:17:42,743 - INFO - Updated Section 491
2025-05-09 17:17:42,743 - INFO - Processing Section 492...
2025-05-09 17:17:46,045 - INFO - Updated Section 492
2025-05-09 17:17:46,045 - INFO - Processing Section 493...
2025-05-09 17:17:50,531 - INFO - Updated Section 493
2025-05-09 17:17:50,531 - INFO - Processing Section 494...
2025-05-09 17:17:56,464 - INFO - Updated Section 494
2025-05-09 17:17:56,464 - INFO - Processing Section 495...
2025-05-09 17:18:00,263 - INFO - Updated Section 495
2025-05-09 17:18:00,263 - INFO - Processing Section 496...
2025-05-09 17:18:03,853 - INFO - Updated Section 496
2025-05-09 17:18:03,853 - INFO - Processing Section 497...
2025-05-09 17:18:08,467 - INFO - Updated Section 497
2025-05-09 17:18:08,467 - INFO - Processing Section 498...
2025-05-09 17:18:13,888 - INFO - Updated Section 498
2025-05-09 17:18:13,888 - INFO - Processing Section 498A...
2025-05-09 17:18:18,907 - INFO - Updated Section 498A
2025-05-09 17:18:18,907 - INFO - Processing Section 499...
2025-05-09 17:18:25,038 - INFO - Updated Section 499
2025-05-09 17:18:25,038 - INFO - Processing Section 500...
2025-05-09 17:18:28,846 - INFO - Updated Section 500
2025-05-09 17:18:28,854 - INFO - Processing Section 501...
2025-05-09 17:18:33,634 - INFO - Updated Section 501
2025-05-09 17:18:33,634 - INFO - Processing Section 502...
2025-05-09 17:18:37,881 - INFO - Updated Section 502
2025-05-09 17:18:37,881 - INFO - Processing Section 503...
2025-05-09 17:18:43,673 - INFO - Updated Section 503
2025-05-09 17:18:43,673 - INFO - Processing Section 504...
2025-05-09 17:18:48,900 - INFO - Updated Section 504
2025-05-09 17:18:48,900 - INFO - Processing Section 505...
2025-05-09 17:18:53,706 - INFO - Updated Section 505
2025-05-09 17:18:53,706 - INFO - Processing Section 506...
2025-05-09 17:19:00,062 - INFO - Updated Section 506
2025-05-09 17:19:00,076 - INFO - Processing Section 507...
2025-05-09 17:19:03,443 - INFO - Updated Section 507
2025-05-09 17:19:03,443 - INFO - Processing Section 508...
2025-05-09 17:19:08,760 - INFO - Updated Section 508
2025-05-09 17:19:08,760 - INFO - Processing Section 509...
2025-05-09 17:19:13,493 - INFO - Updated Section 509
2025-05-09 17:19:13,493 - INFO - Processing Section 510...
2025-05-09 17:19:17,457 - INFO - Updated Section 510
2025-05-09 17:19:17,457 - INFO - Processing Section 511...
2025-05-09 17:19:21,478 - INFO - Updated Section 511
2025-05-09 17:19:21,492 - INFO - Saved results to ipc_sections.json
2025-05-09 17:19:21,497 - INFO - Database connection closed
2025-05-09 18:00:06,121 - INFO - Successfully connected to MySQL database
2025-05-09 18:00:06,122 - INFO - Fetching main page...
2025-05-09 18:00:12,167 - INFO - Found 575 IPC section links
2025-05-09 18:00:12,168 - INFO - Processing Section 1...
2025-05-09 18:00:17,022 - INFO - Updated Section 1
2025-05-09 18:00:17,022 - INFO - Processing Section 2...
2025-05-09 18:00:20,300 - INFO - Updated Section 2
2025-05-09 18:00:20,301 - INFO - Processing Section 3...
2025-05-09 18:00:24,934 - INFO - Updated Section 3
2025-05-09 18:00:24,934 - INFO - Processing Section 4...
2025-05-09 18:00:28,851 - INFO - Updated Section 4
2025-05-09 18:00:28,851 - INFO - Processing Section 5...
2025-05-09 18:00:34,983 - INFO - Updated Section 5
2025-05-09 18:00:34,983 - INFO - Processing Section 6...
2025-05-09 18:00:39,578 - INFO - Updated Section 6
2025-05-09 18:00:39,584 - INFO - Processing Section 7...
2025-05-09 18:00:42,784 - INFO - Updated Section 7
2025-05-09 18:00:42,784 - INFO - Processing Section 8...
2025-05-09 18:00:48,918 - INFO - Updated Section 8
2025-05-09 18:00:48,918 - INFO - Processing Section 9...
2025-05-09 18:00:54,810 - INFO - Updated Section 9
2025-05-09 18:00:54,810 - INFO - Processing Section 10...
2025-05-09 18:01:00,966 - INFO - Updated Section 10
2025-05-09 18:01:00,966 - INFO - Processing Section 11...
2025-05-09 18:01:04,560 - INFO - Updated Section 11
2025-05-09 18:01:04,560 - INFO - Processing Section 12...
2025-05-09 18:01:10,370 - INFO - Updated Section 12
2025-05-09 18:01:10,370 - INFO - Processing Section 13...
2025-05-09 18:01:14,640 - INFO - Updated Section 13
2025-05-09 18:01:14,640 - INFO - Processing Section 14...
2025-05-09 18:01:18,223 - INFO - Updated Section 14
2025-05-09 18:01:18,223 - INFO - Processing Section 15...
2025-05-09 18:01:22,943 - INFO - Updated Section 15
2025-05-09 18:01:22,943 - INFO - Processing Section 16...
2025-05-09 18:01:26,583 - INFO - Updated Section 16
2025-05-09 18:01:26,583 - INFO - Processing Section 17...
2025-05-09 18:01:31,369 - INFO - Updated Section 17
2025-05-09 18:01:31,369 - INFO - Processing Section 18...
2025-05-09 18:01:36,101 - INFO - Updated Section 18
2025-05-09 18:01:36,101 - INFO - Processing Section 19...
2025-05-09 18:01:41,794 - INFO - Updated Section 19
2025-05-09 18:01:41,794 - INFO - Processing Section 20...
2025-05-09 18:01:45,940 - INFO - Updated Section 20
2025-05-09 18:01:45,940 - INFO - Processing Section 21...
2025-05-09 18:01:52,031 - INFO - Updated Section 21
2025-05-09 18:01:52,031 - INFO - Processing Section 22...
2025-05-09 18:01:56,601 - INFO - Updated Section 22
2025-05-09 18:01:56,602 - INFO - Processing Section 23...
2025-05-09 18:02:02,164 - INFO - Updated Section 23
2025-05-09 18:02:02,165 - INFO - Processing Section 24...
2025-05-09 18:02:07,591 - INFO - Updated Section 24
2025-05-09 18:02:07,591 - INFO - Processing Section 25...
2025-05-09 18:02:13,198 - INFO - Updated Section 25
2025-05-09 18:02:13,199 - INFO - Processing Section 26...
2025-05-09 18:02:17,567 - INFO - Updated Section 26
2025-05-09 18:02:17,567 - INFO - Processing Section 27...
2025-05-09 18:02:23,244 - INFO - Updated Section 27
2025-05-09 18:02:23,245 - INFO - Processing Section 28...
2025-05-09 18:02:28,338 - INFO - Updated Section 28
2025-05-09 18:02:28,338 - INFO - Processing Section 29...
2025-05-09 18:02:31,759 - INFO - Updated Section 29
2025-05-09 18:02:31,766 - INFO - Processing Section 29A...
2025-05-09 18:02:37,180 - INFO - Updated Section 29A
2025-05-09 18:02:37,181 - INFO - Processing Section 30...
2025-05-09 18:02:43,110 - INFO - Updated Section 30
2025-05-09 18:02:43,110 - INFO - Processing Section 31...
2025-05-09 18:02:47,678 - INFO - Updated Section 31
2025-05-09 18:02:47,678 - INFO - Processing Section 32...
2025-05-09 18:02:53,437 - INFO - Updated Section 32
2025-05-09 18:02:53,437 - INFO - Processing Section 33...
2025-05-09 18:02:57,080 - INFO - Updated Section 33
2025-05-09 18:02:57,080 - INFO - Processing Section 34...
2025-05-09 18:03:02,405 - INFO - Updated Section 34
2025-05-09 18:03:02,405 - INFO - Processing Section 35...
2025-05-09 18:03:05,685 - INFO - Updated Section 35
2025-05-09 18:03:05,685 - INFO - Processing Section 36...
2025-05-09 18:03:09,372 - INFO - Updated Section 36
2025-05-09 18:03:09,372 - INFO - Processing Section 37...
2025-05-09 18:03:13,807 - INFO - Updated Section 37
2025-05-09 18:03:13,807 - INFO - Processing Section 38...
2025-05-09 18:03:19,423 - INFO - Updated Section 38
2025-05-09 18:03:19,423 - INFO - Processing Section 39...
2025-05-09 18:03:23,864 - INFO - Updated Section 39
2025-05-09 18:03:23,864 - INFO - Processing Section 40...
2025-05-09 18:03:28,963 - INFO - Updated Section 40
2025-05-09 18:03:28,963 - INFO - Processing Section 41...
2025-05-09 18:03:33,685 - INFO - Updated Section 41
2025-05-09 18:03:33,690 - INFO - Processing Section 42...
2025-05-09 18:03:37,176 - INFO - Updated Section 42
2025-05-09 18:03:37,177 - INFO - Processing Section 43...
2025-05-09 18:03:41,869 - INFO - Updated Section 43
2025-05-09 18:03:41,885 - INFO - Processing Section 44...
2025-05-09 18:03:47,034 - INFO - Updated Section 44
2025-05-09 18:03:47,034 - INFO - Processing Section 45...
2025-05-09 18:03:51,830 - INFO - Updated Section 45
2025-05-09 18:03:51,830 - INFO - Processing Section 46...
2025-05-09 18:03:55,104 - INFO - Updated Section 46
2025-05-09 18:03:55,107 - INFO - Processing Section 47...
2025-05-09 18:04:00,919 - INFO - Updated Section 47
2025-05-09 18:04:00,919 - INFO - Processing Section 48...
2025-05-09 18:04:06,267 - INFO - Updated Section 48
2025-05-09 18:04:06,267 - INFO - Processing Section 49...
2025-05-09 18:04:10,251 - INFO - Updated Section 49
2025-05-09 18:04:10,251 - INFO - Processing Section 50...
2025-05-09 18:04:15,882 - INFO - Updated Section 50
2025-05-09 18:04:15,882 - INFO - Processing Section 51...
2025-05-09 18:04:20,625 - INFO - Updated Section 51
2025-05-09 18:04:20,625 - INFO - Processing Section 52...
2025-05-09 18:04:24,484 - INFO - Updated Section 52
2025-05-09 18:04:24,484 - INFO - Processing Section 52A...
2025-05-09 18:04:29,696 - INFO - Updated Section 52A
2025-05-09 18:04:29,696 - INFO - Processing Section 53...
2025-05-09 18:04:33,013 - INFO - Updated Section 53
2025-05-09 18:04:33,013 - INFO - Processing Section 53A...
2025-05-09 18:04:36,328 - INFO - Updated Section 53A
2025-05-09 18:04:36,328 - INFO - Processing Section 54...
2025-05-09 18:04:42,475 - INFO - Updated Section 54
2025-05-09 18:04:42,475 - INFO - Processing Section 55...
2025-05-09 18:04:47,644 - INFO - Updated Section 55
2025-05-09 18:04:47,644 - INFO - Processing Section 55A...
2025-05-09 18:04:52,144 - INFO - Updated Section 55A
2025-05-09 18:04:52,144 - INFO - Processing Section 56...
2025-05-09 18:04:55,419 - INFO - Updated Section 56
2025-05-09 18:04:55,419 - INFO - Processing Section 57...
2025-05-09 18:04:59,466 - INFO - Updated Section 57
2025-05-09 18:04:59,473 - INFO - Processing Section 58...
2025-05-09 18:05:04,642 - INFO - Updated Section 58
2025-05-09 18:05:04,642 - INFO - Processing Section 59...
2025-05-09 18:05:09,482 - INFO - Updated Section 59
2025-05-09 18:05:09,482 - INFO - Processing Section 60...
2025-05-09 18:05:13,402 - INFO - Updated Section 60
2025-05-09 18:05:13,402 - INFO - Processing Section 61...
2025-05-09 18:05:18,606 - INFO - Updated Section 61
2025-05-09 18:05:18,606 - INFO - Processing Section 62...
2025-05-09 18:05:22,723 - INFO - Updated Section 62
2025-05-09 18:05:22,723 - INFO - Processing Section 63...
2025-05-09 18:05:28,280 - INFO - Updated Section 63
2025-05-09 18:05:28,280 - INFO - Processing Section 64...
2025-05-09 18:05:32,811 - INFO - Updated Section 64
2025-05-09 18:05:32,811 - INFO - Processing Section 65...
2025-05-09 18:05:36,690 - INFO - Updated Section 65
2025-05-09 18:05:36,690 - INFO - Processing Section 66...
2025-05-09 18:05:42,928 - INFO - Updated Section 66
2025-05-09 18:05:42,928 - INFO - Processing Section 67...
2025-05-09 18:05:47,410 - INFO - Updated Section 67
2025-05-09 18:05:47,410 - INFO - Processing Section 68...
2025-05-09 18:05:52,226 - INFO - Updated Section 68
2025-05-09 18:05:52,226 - INFO - Processing Section 69...
2025-05-09 18:05:58,377 - INFO - Updated Section 69
2025-05-09 18:05:58,377 - INFO - Processing Section 70...
2025-05-09 18:06:03,518 - INFO - Updated Section 70
2025-05-09 18:06:03,518 - INFO - Processing Section 71...
2025-05-09 18:06:09,575 - INFO - Updated Section 71
2025-05-09 18:06:09,575 - INFO - Processing Section 72...
2025-05-09 18:06:15,726 - INFO - Updated Section 72
2025-05-09 18:06:15,726 - INFO - Processing Section 73...
2025-05-09 18:06:19,824 - INFO - Updated Section 73
2025-05-09 18:06:19,825 - INFO - Processing Section 74...
2025-05-09 18:06:24,923 - INFO - Updated Section 74
2025-05-09 18:06:24,923 - INFO - Processing Section 75...
2025-05-09 18:06:30,391 - INFO - Updated Section 75
2025-05-09 18:06:30,391 - INFO - Processing Section 76...
2025-05-09 18:06:35,531 - INFO - Updated Section 76
2025-05-09 18:06:35,531 - INFO - Processing Section 77...
2025-05-09 18:07:06,290 - INFO - Successfully connected to MySQL database
2025-05-09 18:07:06,290 - INFO - Fetching main page...
2025-05-09 18:07:10,939 - INFO - Found 575 IPC section links
2025-05-09 18:07:10,939 - INFO - Processing Section 1...
2025-05-09 18:07:14,759 - INFO - Updated Section 1
2025-05-09 18:07:14,759 - INFO - Processing Section 2...
2025-05-09 18:07:20,507 - INFO - Updated Section 2
2025-05-09 18:07:20,507 - INFO - Processing Section 3...
2025-05-09 18:07:23,997 - INFO - Updated Section 3
2025-05-09 18:07:23,997 - INFO - Processing Section 4...
2025-05-09 18:07:28,895 - INFO - Updated Section 4
2025-05-09 18:07:28,896 - INFO - Processing Section 5...
2025-05-09 18:07:34,024 - INFO - Updated Section 5
2025-05-09 18:07:34,024 - INFO - Processing Section 6...
2025-05-09 18:07:37,450 - INFO - Updated Section 6
2025-05-09 18:07:37,450 - INFO - Processing Section 7...
2025-05-09 18:07:41,819 - INFO - Updated Section 7
2025-05-09 18:07:41,819 - INFO - Processing Section 8...
2025-05-09 18:07:45,859 - INFO - Updated Section 8
2025-05-09 18:07:45,859 - INFO - Processing Section 9...
2025-05-09 18:07:51,070 - INFO - Updated Section 9
2025-05-09 18:07:51,086 - INFO - Processing Section 10...
2025-05-09 18:07:56,380 - INFO - Updated Section 10
2025-05-09 18:07:56,380 - INFO - Processing Section 11...
2025-05-09 18:08:00,110 - INFO - Updated Section 11
2025-05-09 18:08:00,110 - INFO - Processing Section 12...
2025-05-09 18:08:04,283 - INFO - Updated Section 12
2025-05-09 18:08:04,283 - INFO - Processing Section 13...
2025-05-09 18:08:10,010 - INFO - Updated Section 13
2025-05-09 18:08:10,010 - INFO - Processing Section 14...
2025-05-09 18:08:15,461 - INFO - Updated Section 14
2025-05-09 18:08:15,461 - INFO - Processing Section 15...
2025-05-09 18:08:20,857 - INFO - Updated Section 15
2025-05-09 18:08:20,857 - INFO - Processing Section 16...
2025-05-09 18:08:26,403 - INFO - Updated Section 16
2025-05-09 18:08:26,403 - INFO - Processing Section 17...
2025-05-09 18:08:32,294 - INFO - Updated Section 17
2025-05-09 18:08:32,294 - INFO - Processing Section 18...
2025-05-09 18:08:37,654 - INFO - Updated Section 18
2025-05-09 18:08:37,654 - INFO - Processing Section 19...
2025-05-09 18:08:43,720 - INFO - Updated Section 19
2025-05-09 18:08:43,720 - INFO - Processing Section 20...
2025-05-09 18:08:47,000 - INFO - Updated Section 20
2025-05-09 18:08:47,000 - INFO - Processing Section 21...
2025-05-09 18:08:51,333 - INFO - Updated Section 21
2025-05-09 18:08:51,333 - INFO - Processing Section 22...
2025-05-09 18:08:54,751 - INFO - Updated Section 22
2025-05-09 18:08:54,751 - INFO - Processing Section 23...
2025-05-09 18:09:00,216 - INFO - Updated Section 23
2025-05-09 18:09:00,216 - INFO - Processing Section 24...
2025-05-09 18:09:04,616 - INFO - Updated Section 24
2025-05-09 18:09:04,616 - INFO - Processing Section 25...
2025-05-09 18:09:10,288 - INFO - Updated Section 25
2025-05-09 18:09:10,288 - INFO - Processing Section 26...
2025-05-09 18:09:14,567 - INFO - Updated Section 26
2025-05-09 18:09:14,567 - INFO - Processing Section 27...
2025-05-09 18:09:18,656 - INFO - Updated Section 27
2025-05-09 18:09:18,656 - INFO - Processing Section 28...
2025-05-09 18:09:22,151 - INFO - Updated Section 28
2025-05-09 18:09:22,151 - INFO - Processing Section 29...
2025-05-09 18:09:28,182 - INFO - Updated Section 29
2025-05-09 18:09:28,182 - INFO - Processing Section 29A...
2025-05-09 18:09:33,201 - INFO - Updated Section 29A
2025-05-09 18:09:33,202 - INFO - Processing Section 30...
2025-05-09 18:09:38,524 - INFO - Updated Section 30
2025-05-09 18:09:38,524 - INFO - Processing Section 31...
2025-05-09 18:09:44,349 - INFO - Updated Section 31
2025-05-09 18:09:44,349 - INFO - Processing Section 32...
2025-05-09 18:09:49,286 - INFO - Updated Section 32
2025-05-09 18:09:49,286 - INFO - Processing Section 33...
2025-05-09 18:09:54,178 - INFO - Updated Section 33
2025-05-09 18:09:54,179 - INFO - Processing Section 34...
2025-05-09 18:09:57,776 - INFO - Updated Section 34
2025-05-09 18:09:57,776 - INFO - Processing Section 35...
2025-05-09 18:10:03,462 - INFO - Updated Section 35
2025-05-09 18:10:03,462 - INFO - Processing Section 36...
2025-05-09 18:10:08,660 - INFO - Updated Section 36
2025-05-09 18:10:08,660 - INFO - Processing Section 37...
2025-05-09 18:10:14,506 - INFO - Updated Section 37
2025-05-09 18:10:14,511 - INFO - Processing Section 38...
2025-05-09 18:10:19,439 - INFO - Updated Section 38
2025-05-09 18:10:19,439 - INFO - Processing Section 39...
2025-05-09 18:10:24,103 - INFO - Updated Section 39
2025-05-09 18:10:24,103 - INFO - Processing Section 40...
2025-05-09 18:10:29,253 - INFO - Updated Section 40
2025-05-09 18:10:29,253 - INFO - Processing Section 41...
2025-05-09 18:10:33,963 - INFO - Updated Section 41
2025-05-09 18:10:33,963 - INFO - Processing Section 42...
2025-05-09 18:10:37,605 - INFO - Updated Section 42
2025-05-09 18:10:37,605 - INFO - Processing Section 43...
2025-05-09 18:10:43,408 - INFO - Updated Section 43
2025-05-09 18:10:43,416 - INFO - Processing Section 44...
2025-05-09 18:10:49,793 - INFO - Updated Section 44
2025-05-09 18:10:49,795 - INFO - Processing Section 45...
2025-05-09 18:10:55,048 - INFO - Updated Section 45
2025-05-09 18:10:55,048 - INFO - Processing Section 46...
2025-05-09 18:11:01,212 - INFO - Updated Section 46
2025-05-09 18:11:01,212 - INFO - Processing Section 47...
2025-05-09 18:11:05,040 - INFO - Updated Section 47
2025-05-09 18:11:05,041 - INFO - Processing Section 48...
2025-05-09 18:11:11,069 - INFO - Updated Section 48
2025-05-09 18:11:11,069 - INFO - Processing Section 49...
2025-05-09 18:11:15,663 - INFO - Updated Section 49
2025-05-09 18:11:15,663 - INFO - Processing Section 50...
2025-05-09 18:11:19,806 - INFO - Updated Section 50
2025-05-09 18:11:19,807 - INFO - Processing Section 51...
2025-05-09 18:11:25,607 - INFO - Updated Section 51
2025-05-09 18:11:25,607 - INFO - Processing Section 52...
2025-05-09 18:11:30,081 - INFO - Updated Section 52
2025-05-09 18:11:30,081 - INFO - Processing Section 52A...
2025-05-09 18:11:33,726 - INFO - Updated Section 52A
2025-05-09 18:11:33,726 - INFO - Processing Section 53...
2025-05-09 18:11:38,613 - INFO - Updated Section 53
2025-05-09 18:11:38,613 - INFO - Processing Section 53A...
2025-05-09 18:11:45,031 - INFO - Updated Section 53A
2025-05-09 18:11:45,033 - INFO - Processing Section 54...
2025-05-09 18:11:50,432 - INFO - Updated Section 54
2025-05-09 18:11:50,433 - INFO - Processing Section 55...
2025-05-09 18:11:55,172 - INFO - Updated Section 55
2025-05-09 18:11:55,172 - INFO - Processing Section 55A...
2025-05-09 18:12:00,080 - INFO - Updated Section 55A
2025-05-09 18:12:00,081 - INFO - Processing Section 56...
2025-05-09 18:12:05,368 - INFO - Updated Section 56
2025-05-09 18:12:05,368 - INFO - Processing Section 57...
2025-05-09 18:12:11,650 - INFO - Updated Section 57
2025-05-09 18:12:11,650 - INFO - Processing Section 58...
2025-05-09 18:12:17,487 - INFO - Updated Section 58
2025-05-09 18:12:17,488 - INFO - Processing Section 59...
2025-05-09 18:12:23,500 - INFO - Updated Section 59
2025-05-09 18:12:23,501 - INFO - Processing Section 60...
2025-05-09 18:12:27,245 - INFO - Updated Section 60
2025-05-09 18:12:27,246 - INFO - Processing Section 61...
2025-05-09 18:12:33,516 - INFO - Updated Section 61
2025-05-09 18:12:33,516 - INFO - Processing Section 62...
2025-05-09 18:12:38,227 - INFO - Updated Section 62
2025-05-09 18:12:38,228 - INFO - Processing Section 63...
2025-05-09 18:12:42,408 - INFO - Updated Section 63
2025-05-09 18:12:42,408 - INFO - Processing Section 64...
2025-05-09 18:12:46,080 - INFO - Updated Section 64
2025-05-09 18:12:46,080 - INFO - Processing Section 65...
2025-05-09 18:12:51,688 - INFO - Updated Section 65
2025-05-09 18:12:51,689 - INFO - Processing Section 66...
2025-05-09 18:12:55,910 - INFO - Updated Section 66
2025-05-09 18:12:55,911 - INFO - Processing Section 67...
2025-05-09 18:13:02,161 - INFO - Updated Section 67
2025-05-09 18:13:02,161 - INFO - Processing Section 68...
2025-05-09 18:13:07,559 - INFO - Updated Section 68
2025-05-09 18:13:07,559 - INFO - Processing Section 69...
2025-05-09 18:13:12,917 - INFO - Updated Section 69
2025-05-09 18:13:12,918 - INFO - Processing Section 70...
2025-05-09 18:13:16,535 - INFO - Updated Section 70
2025-05-09 18:13:16,536 - INFO - Processing Section 71...
2025-05-09 18:13:22,402 - INFO - Updated Section 71
2025-05-09 18:13:22,402 - INFO - Processing Section 72...
2025-05-09 18:13:28,149 - INFO - Updated Section 72
2025-05-09 18:13:28,149 - INFO - Processing Section 73...
2025-05-09 18:13:32,900 - INFO - Updated Section 73
2025-05-09 18:13:32,901 - INFO - Processing Section 74...
2025-05-09 18:13:36,903 - INFO - Updated Section 74
2025-05-09 18:13:36,904 - INFO - Processing Section 75...
2025-05-09 18:13:41,219 - INFO - Updated Section 75
2025-05-09 18:13:41,220 - INFO - Processing Section 76...
2025-05-09 18:13:46,184 - INFO - Updated Section 76
2025-05-09 18:13:46,184 - INFO - Processing Section 77...
2025-05-09 18:13:50,875 - INFO - Updated Section 77
2025-05-09 18:13:50,876 - INFO - Processing Section 78...
2025-05-09 18:13:54,847 - INFO - Updated Section 78
2025-05-09 18:13:54,848 - INFO - Processing Section 79...
2025-05-09 18:13:58,625 - INFO - Updated Section 79
2025-05-09 18:13:58,626 - INFO - Processing Section 80...
2025-05-09 18:14:03,171 - INFO - Updated Section 80
2025-05-09 18:14:03,172 - INFO - Processing Section 81...
2025-05-09 18:14:08,103 - INFO - Updated Section 81
2025-05-09 18:14:08,103 - INFO - Processing Section 82...
2025-05-09 18:14:12,352 - INFO - Updated Section 82
2025-05-09 18:14:12,354 - INFO - Processing Section 83...
2025-05-09 18:14:18,269 - INFO - Updated Section 83
2025-05-09 18:14:18,270 - INFO - Processing Section 84...
2025-05-09 18:14:22,220 - INFO - Updated Section 84
2025-05-09 18:14:22,221 - INFO - Processing Section 85...
2025-05-09 18:14:25,762 - INFO - Updated Section 85
2025-05-09 18:14:25,763 - INFO - Processing Section 86...
2025-05-09 18:14:29,435 - INFO - Updated Section 86
2025-05-09 18:14:29,436 - INFO - Processing Section 87...
2025-05-09 18:14:34,004 - INFO - Updated Section 87
2025-05-09 18:14:34,004 - INFO - Processing Section 88...
2025-05-09 18:14:37,524 - INFO - Updated Section 88
2025-05-09 18:14:37,524 - INFO - Processing Section 89...
2025-05-09 18:14:43,255 - INFO - Updated Section 89
2025-05-09 18:14:43,255 - INFO - Processing Section 90...
2025-05-09 18:14:47,443 - INFO - Updated Section 90
2025-05-09 18:14:47,443 - INFO - Processing Section 91...
2025-05-09 18:14:51,206 - INFO - Updated Section 91
2025-05-09 18:14:51,206 - INFO - Processing Section 92...
2025-05-09 18:14:57,061 - INFO - Updated Section 92
2025-05-09 18:14:57,061 - INFO - Processing Section 93...
2025-05-09 18:15:02,774 - INFO - Updated Section 93
2025-05-09 18:15:02,774 - INFO - Processing Section 94...
2025-05-09 18:15:07,327 - INFO - Updated Section 94
2025-05-09 18:15:07,331 - INFO - Processing Section 95...
2025-05-09 18:15:11,012 - INFO - Updated Section 95
2025-05-09 18:15:11,012 - INFO - Processing Section 96...
2025-05-09 18:15:15,352 - INFO - Updated Section 96
2025-05-09 18:15:15,352 - INFO - Processing Section 97...
2025-05-09 18:15:19,081 - INFO - Updated Section 97
2025-05-09 18:15:19,081 - INFO - Processing Section 98...
2025-05-09 18:15:24,484 - INFO - Updated Section 98
2025-05-09 18:15:24,484 - INFO - Processing Section 99...
2025-05-09 18:15:30,098 - INFO - Updated Section 99
2025-05-09 18:15:30,098 - INFO - Processing Section 100...
2025-05-09 18:15:33,528 - INFO - Updated Section 100
2025-05-09 18:15:33,528 - INFO - Processing Section 101...
2025-05-09 18:15:39,567 - INFO - Updated Section 101
2025-05-09 18:15:39,567 - INFO - Processing Section 102...
2025-05-09 18:15:43,617 - INFO - Updated Section 102
2025-05-09 18:15:43,617 - INFO - Processing Section 103...
2025-05-09 18:15:49,647 - INFO - Updated Section 103
2025-05-09 18:15:49,647 - INFO - Processing Section 104...
2025-05-09 18:15:55,342 - INFO - Updated Section 104
2025-05-09 18:15:55,342 - INFO - Processing Section 105...
2025-05-09 18:15:59,256 - INFO - Updated Section 105
2025-05-09 18:15:59,256 - INFO - Processing Section 106...
2025-05-09 18:16:04,962 - INFO - Updated Section 106
2025-05-09 18:16:04,962 - INFO - Processing Section 107...
2025-05-09 18:16:09,687 - INFO - Updated Section 107
2025-05-09 18:16:09,687 - INFO - Processing Section 108...
2025-05-09 18:16:13,499 - INFO - Updated Section 108
2025-05-09 18:16:13,499 - INFO - Processing Section 108A...
2025-05-09 18:16:19,644 - INFO - Updated Section 108A
2025-05-09 18:16:19,644 - INFO - Processing Section 109...
2025-05-09 18:16:22,974 - INFO - Updated Section 109
2025-05-09 18:16:22,974 - INFO - Processing Section 110...
2025-05-09 18:16:29,244 - INFO - Updated Section 110
2025-05-09 18:16:29,244 - INFO - Processing Section 111...
2025-05-09 18:16:34,980 - INFO - Updated Section 111
2025-05-09 18:16:34,981 - INFO - Processing Section 112...
2025-05-09 18:16:38,875 - INFO - Updated Section 112
2025-05-09 18:16:38,877 - INFO - Processing Section 113...
2025-05-09 18:16:43,275 - INFO - Updated Section 113
2025-05-09 18:16:43,277 - INFO - Processing Section 114...
2025-05-09 18:16:49,439 - INFO - Updated Section 114
2025-05-09 18:16:49,439 - INFO - Processing Section 115...
2025-05-09 18:16:54,343 - INFO - Updated Section 115
2025-05-09 18:16:54,343 - INFO - Processing Section 116...
2025-05-09 18:17:00,073 - INFO - Updated Section 116
2025-05-09 18:17:00,073 - INFO - Processing Section 117...
2025-05-09 18:17:04,263 - INFO - Updated Section 117
2025-05-09 18:17:04,263 - INFO - Processing Section 118...
2025-05-09 18:17:08,197 - INFO - Updated Section 118
2025-05-09 18:17:08,197 - INFO - Processing Section 119...
2025-05-09 18:17:14,429 - INFO - Updated Section 119
2025-05-09 18:17:14,429 - INFO - Processing Section 120...
2025-05-09 18:17:20,167 - INFO - Updated Section 120
2025-05-09 18:17:20,167 - INFO - Processing Section 120A...
2025-05-09 18:17:23,839 - INFO - Updated Section 120A
2025-05-09 18:17:23,839 - INFO - Processing Section 120B...
2025-05-09 18:17:28,836 - INFO - Updated Section 120B
2025-05-09 18:17:28,836 - INFO - Processing Section 121...
2025-05-09 18:17:33,812 - INFO - Updated Section 121
2025-05-09 18:17:33,812 - INFO - Processing Section 121A...
2025-05-09 18:17:40,004 - INFO - Updated Section 121A
2025-05-09 18:17:40,017 - INFO - Processing Section 122...
2025-05-09 18:17:44,550 - INFO - Updated Section 122
2025-05-09 18:17:44,550 - INFO - Processing Section 123...
2025-05-09 18:17:49,423 - INFO - Updated Section 123
2025-05-09 18:17:49,423 - INFO - Processing Section 124...
2025-05-09 18:18:00,672 - INFO - Updated Section 124
2025-05-09 18:18:00,672 - INFO - Processing Section 124A...
2025-05-09 18:18:06,923 - INFO - Updated Section 124A
2025-05-09 18:18:06,923 - INFO - Processing Section 125...
2025-05-09 18:18:10,310 - INFO - Updated Section 125
2025-05-09 18:18:10,319 - INFO - Processing Section 126...
2025-05-09 18:18:15,656 - INFO - Updated Section 126
2025-05-09 18:18:15,656 - INFO - Processing Section 127...
2025-05-09 18:18:19,419 - INFO - Updated Section 127
2025-05-09 18:18:19,419 - INFO - Processing Section 128...
2025-05-09 18:18:23,652 - INFO - Updated Section 128
2025-05-09 18:18:23,654 - INFO - Processing Section 129...
2025-05-09 18:18:28,456 - INFO - Updated Section 129
2025-05-09 18:18:28,456 - INFO - Processing Section 130...
2025-05-09 18:18:31,984 - INFO - Updated Section 130
2025-05-09 18:18:31,984 - INFO - Processing Section 131...
2025-05-09 18:18:36,735 - INFO - Updated Section 131
2025-05-09 18:18:36,735 - INFO - Processing Section 132...
2025-05-09 18:18:40,833 - INFO - Updated Section 132
2025-05-09 18:18:40,833 - INFO - Processing Section 133...
2025-05-09 18:18:45,653 - INFO - Updated Section 133
2025-05-09 18:18:45,654 - INFO - Processing Section 134...
2025-05-09 18:18:51,727 - INFO - Updated Section 134
2025-05-09 18:18:51,727 - INFO - Processing Section 135...
2025-05-09 18:18:56,319 - INFO - Updated Section 135
2025-05-09 18:18:56,319 - INFO - Processing Section 136...
2025-05-09 18:19:01,971 - INFO - Updated Section 136
2025-05-09 18:19:01,971 - INFO - Processing Section 137...
2025-05-09 18:19:06,950 - INFO - Updated Section 137
2025-05-09 18:19:06,953 - INFO - Processing Section 138...
2025-05-09 18:19:11,474 - INFO - Updated Section 138
2025-05-09 18:19:11,474 - INFO - Processing Section 138A...
2025-05-09 18:19:15,343 - INFO - Updated Section 138A
2025-05-09 18:19:15,343 - INFO - Processing Section 139...
2025-05-09 18:19:20,668 - INFO - Updated Section 139
2025-05-09 18:19:20,668 - INFO - Processing Section 140...
2025-05-09 18:19:25,479 - INFO - Updated Section 140
2025-05-09 18:19:25,486 - INFO - Processing Section 141...
2025-05-09 18:19:29,474 - INFO - Updated Section 141
2025-05-09 18:19:29,474 - INFO - Processing Section 142...
2025-05-09 18:19:35,005 - INFO - Updated Section 142
2025-05-09 18:19:35,005 - INFO - Processing Section 143...
2025-05-09 18:19:40,125 - INFO - Updated Section 143
2025-05-09 18:19:40,125 - INFO - Processing Section 144...
2025-05-09 18:19:46,137 - INFO - Updated Section 144
2025-05-09 18:19:46,137 - INFO - Processing Section 145...
2025-05-09 18:19:49,686 - INFO - Updated Section 145
2025-05-09 18:19:49,686 - INFO - Processing Section 146...
2025-05-09 18:19:55,486 - INFO - Updated Section 146
2025-05-09 18:19:55,486 - INFO - Processing Section 147...
2025-05-09 18:20:00,301 - INFO - Updated Section 147
2025-05-09 18:20:00,301 - INFO - Processing Section 148...
2025-05-09 18:20:05,056 - INFO - Updated Section 148
2025-05-09 18:20:05,056 - INFO - Processing Section 149...
2025-05-09 18:20:10,224 - INFO - Updated Section 149
2025-05-09 18:20:10,224 - INFO - Processing Section 150...
2025-05-09 18:20:15,353 - INFO - Updated Section 150
2025-05-09 18:20:15,353 - INFO - Processing Section 151...
2025-05-09 18:20:21,090 - INFO - Updated Section 151
2025-05-09 18:20:21,090 - INFO - Processing Section 152...
2025-05-09 18:20:27,141 - INFO - Updated Section 152
2025-05-09 18:20:27,141 - INFO - Processing Section 153...
2025-05-09 18:20:31,638 - INFO - Updated Section 153
2025-05-09 18:20:31,638 - INFO - Processing Section 153A...
2025-05-09 18:20:37,437 - INFO - Updated Section 153A
2025-05-09 18:20:37,437 - INFO - Processing Section 153AA...
2025-05-09 18:20:43,157 - INFO - Updated Section 153AA
2025-05-09 18:20:43,157 - INFO - Processing Section 153B...
2025-05-09 18:20:46,989 - INFO - Updated Section 153B
2025-05-09 18:20:46,995 - INFO - Processing Section 154...
2025-05-09 18:20:51,702 - INFO - Updated Section 154
2025-05-09 18:20:51,703 - INFO - Processing Section 155...
2025-05-09 18:20:57,857 - INFO - Updated Section 155
2025-05-09 18:20:57,857 - INFO - Processing Section 156...
2025-05-09 18:21:04,158 - INFO - Updated Section 156
2025-05-09 18:21:04,158 - INFO - Processing Section 157...
2025-05-09 18:21:08,919 - INFO - Updated Section 157
2025-05-09 18:21:08,934 - INFO - Processing Section 158...
2025-05-09 18:21:12,810 - INFO - Updated Section 158
2025-05-09 18:21:12,810 - INFO - Processing Section 159...
2025-05-09 18:21:17,418 - INFO - Updated Section 159
2025-05-09 18:21:17,418 - INFO - Processing Section 160...
2025-05-09 18:21:22,232 - INFO - Updated Section 160
2025-05-09 18:21:22,232 - INFO - Processing Section 161...
2025-05-09 18:21:28,254 - INFO - Updated Section 161
2025-05-09 18:21:28,254 - INFO - Processing Section 162...
2025-05-09 18:21:33,605 - INFO - Updated Section 162
2025-05-09 18:21:33,605 - INFO - Processing Section 163...
2025-05-09 18:21:38,503 - INFO - Updated Section 163
2025-05-09 18:21:38,503 - INFO - Processing Section 164...
2025-05-09 18:21:42,134 - INFO - Updated Section 164
2025-05-09 18:21:42,148 - INFO - Processing Section 165...
2025-05-09 18:21:47,622 - INFO - Updated Section 165
2025-05-09 18:21:47,631 - INFO - Processing Section 165A...
2025-05-09 18:21:53,868 - INFO - Updated Section 165A
2025-05-09 18:21:53,868 - INFO - Processing Section 166...
2025-05-09 18:21:58,185 - INFO - Updated Section 166
2025-05-09 18:21:58,193 - INFO - Processing Section 166A...
2025-05-09 18:22:02,669 - INFO - Updated Section 166A
2025-05-09 18:22:02,669 - INFO - Processing Section 166B...
2025-05-09 18:22:06,634 - INFO - Updated Section 166B
2025-05-09 18:22:06,634 - INFO - Processing Section 167...
2025-05-09 18:22:11,889 - INFO - Updated Section 167
2025-05-09 18:22:11,889 - INFO - Processing Section 168...
2025-05-09 18:22:17,807 - INFO - Updated Section 168
2025-05-09 18:22:17,807 - INFO - Processing Section 169...
2025-05-09 18:22:24,465 - INFO - Updated Section 169
2025-05-09 18:22:24,466 - INFO - Processing Section 170...
2025-05-09 18:22:29,671 - INFO - Updated Section 170
2025-05-09 18:22:29,671 - INFO - Processing Section 171...
2025-05-09 18:22:39,123 - INFO - Updated Section 171
2025-05-09 18:22:39,123 - INFO - Processing Section 171A...
2025-05-09 18:22:44,353 - INFO - Updated Section 171A
2025-05-09 18:22:44,353 - INFO - Processing Section 171B...
2025-05-09 18:22:50,132 - INFO - Updated Section 171B
2025-05-09 18:22:50,132 - INFO - Processing Section 171C...
2025-05-09 18:22:55,310 - INFO - Updated Section 171C
2025-05-09 18:22:55,310 - INFO - Processing Section 171D...
2025-05-09 18:23:01,137 - INFO - Updated Section 171D
2025-05-09 18:23:01,137 - INFO - Processing Section 171E...
2025-05-09 18:23:04,817 - INFO - Updated Section 171E
2025-05-09 18:23:04,817 - INFO - Processing Section 171F...
2025-05-09 18:23:10,009 - INFO - Updated Section 171F
2025-05-09 18:23:10,009 - INFO - Processing Section 171G...
2025-05-09 18:23:19,479 - INFO - Updated Section 171G
2025-05-09 18:23:19,479 - INFO - Processing Section 171H...
2025-05-09 18:23:27,565 - INFO - Updated Section 171H
2025-05-09 18:23:27,565 - INFO - Processing Section 171I...
2025-05-09 18:23:35,031 - INFO - Updated Section 171I
2025-05-09 18:23:35,031 - INFO - Processing Section 172...
2025-05-09 18:23:40,357 - INFO - Updated Section 172
2025-05-09 18:23:40,357 - INFO - Processing Section 173...
2025-05-09 18:23:45,398 - INFO - Updated Section 173
2025-05-09 18:23:45,398 - INFO - Processing Section 174...
2025-05-09 18:23:51,498 - INFO - Updated Section 174
2025-05-09 18:23:51,498 - INFO - Processing Section 174A...
2025-05-09 18:23:56,952 - INFO - Updated Section 174A
2025-05-09 18:23:56,952 - INFO - Processing Section 175...
2025-05-09 18:24:01,158 - INFO - Updated Section 175
2025-05-09 18:24:01,159 - INFO - Processing Section 176...
2025-05-09 18:24:07,421 - INFO - Updated Section 176
2025-05-09 18:24:07,421 - INFO - Processing Section 177...
2025-05-09 18:24:13,443 - INFO - Updated Section 177
2025-05-09 18:24:13,443 - INFO - Processing Section 178...
2025-05-09 18:24:17,949 - INFO - Updated Section 178
2025-05-09 18:24:17,949 - INFO - Processing Section 179...
2025-05-09 18:24:21,550 - INFO - Updated Section 179
2025-05-09 18:24:21,550 - INFO - Processing Section 180...
2025-05-09 18:24:27,451 - INFO - Updated Section 180
2025-05-09 18:24:27,451 - INFO - Processing Section 181...
2025-05-09 18:24:31,189 - INFO - Updated Section 181
2025-05-09 18:24:31,189 - INFO - Processing Section 182...
2025-05-09 18:24:36,040 - INFO - Updated Section 182
2025-05-09 18:24:36,040 - INFO - Processing Section 183...
2025-05-09 18:24:41,704 - INFO - Updated Section 183
2025-05-09 18:24:41,704 - INFO - Processing Section 184...
2025-05-09 18:24:46,713 - INFO - Updated Section 184
2025-05-09 18:24:46,713 - INFO - Processing Section 185...
2025-05-09 18:24:53,063 - INFO - Updated Section 185
2025-05-09 18:24:53,063 - INFO - Processing Section 186...
2025-05-09 18:24:58,298 - INFO - Updated Section 186
2025-05-09 18:24:58,302 - INFO - Processing Section 187...
2025-05-09 18:25:03,394 - INFO - Updated Section 187
2025-05-09 18:25:03,394 - INFO - Processing Section 188...
2025-05-09 18:25:07,897 - INFO - Updated Section 188
2025-05-09 18:25:07,897 - INFO - Processing Section 189...
2025-05-09 18:25:12,117 - INFO - Updated Section 189
2025-05-09 18:25:12,117 - INFO - Processing Section 190...
2025-05-09 18:25:17,126 - INFO - Updated Section 190
2025-05-09 18:25:17,126 - INFO - Processing Section 191...
2025-05-09 18:25:21,940 - INFO - Updated Section 191
2025-05-09 18:25:21,940 - INFO - Processing Section 192...
2025-05-09 18:25:27,164 - INFO - Updated Section 192
2025-05-09 18:25:27,164 - INFO - Processing Section 193...
2025-05-09 18:25:32,299 - INFO - Updated Section 193
2025-05-09 18:25:32,299 - INFO - Processing Section 194...
2025-05-09 18:25:38,431 - INFO - Updated Section 194
2025-05-09 18:25:38,431 - INFO - Processing Section 195...
2025-05-09 18:25:42,125 - INFO - Updated Section 195
2025-05-09 18:25:42,125 - INFO - Processing Section 195A...
2025-05-09 18:25:45,690 - INFO - Updated Section 195A
2025-05-09 18:25:45,690 - INFO - Processing Section 196...
2025-05-09 18:25:52,034 - INFO - Updated Section 196
2025-05-09 18:25:52,034 - INFO - Processing Section 197...
2025-05-09 18:25:55,427 - INFO - Updated Section 197
2025-05-09 18:25:55,427 - INFO - Processing Section 198...
2025-05-09 18:26:01,266 - INFO - Updated Section 198
2025-05-09 18:26:01,266 - INFO - Processing Section 199...
2025-05-09 18:26:05,664 - INFO - Updated Section 199
2025-05-09 18:26:05,664 - INFO - Processing Section 200...
2025-05-09 18:26:09,971 - INFO - Updated Section 200
2025-05-09 18:26:09,971 - INFO - Processing Section 201...
2025-05-09 18:26:16,152 - INFO - Updated Section 201
2025-05-09 18:26:16,153 - INFO - Processing Section 202...
2025-05-09 18:26:21,014 - INFO - Updated Section 202
2025-05-09 18:26:21,025 - INFO - Processing Section 203...
2025-05-09 18:26:27,155 - INFO - Updated Section 203
2025-05-09 18:26:27,157 - INFO - Processing Section 204...
2025-05-09 18:26:32,945 - INFO - Updated Section 204
2025-05-09 18:26:32,947 - INFO - Processing Section 205...
2025-05-09 18:26:37,513 - INFO - Updated Section 205
2025-05-09 18:26:37,513 - INFO - Processing Section 206...
2025-05-09 18:26:43,547 - INFO - Updated Section 206
2025-05-09 18:26:43,547 - INFO - Processing Section 207...
2025-05-09 18:26:47,435 - INFO - Updated Section 207
2025-05-09 18:26:47,436 - INFO - Processing Section 208...
2025-05-09 18:26:50,860 - INFO - Updated Section 208
2025-05-09 18:26:50,860 - INFO - Processing Section 209...
2025-05-09 18:26:54,839 - INFO - Updated Section 209
2025-05-09 18:26:54,839 - INFO - Processing Section 210...
2025-05-09 18:26:58,308 - INFO - Updated Section 210
2025-05-09 18:26:58,319 - INFO - Processing Section 211...
2025-05-09 18:27:03,929 - INFO - Updated Section 211
2025-05-09 18:27:03,929 - INFO - Processing Section 212...
2025-05-09 18:27:10,071 - INFO - Updated Section 212
2025-05-09 18:27:10,071 - INFO - Processing Section 213...
2025-05-09 18:27:16,327 - INFO - Updated Section 213
2025-05-09 18:27:16,327 - INFO - Processing Section 214...
2025-05-09 18:27:22,505 - INFO - Updated Section 214
2025-05-09 18:27:22,505 - INFO - Processing Section 215...
2025-05-09 18:27:28,097 - INFO - Updated Section 215
2025-05-09 18:27:28,097 - INFO - Processing Section 216...
2025-05-09 18:27:33,229 - INFO - Updated Section 216
2025-05-09 18:27:33,229 - INFO - Processing Section 216A...
2025-05-09 18:27:38,581 - INFO - Updated Section 216A
2025-05-09 18:27:38,581 - INFO - Processing Section 216B...
2025-05-09 18:27:42,021 - INFO - Updated Section 216B
2025-05-09 18:27:42,021 - INFO - Processing Section 217...
2025-05-09 18:27:47,960 - INFO - Updated Section 217
2025-05-09 18:27:47,960 - INFO - Processing Section 218...
2025-05-09 18:27:54,259 - INFO - Updated Section 218
2025-05-09 18:27:54,259 - INFO - Processing Section 219...
2025-05-09 18:27:59,318 - INFO - Updated Section 219
2025-05-09 18:27:59,331 - INFO - Processing Section 220...
2025-05-09 18:28:04,047 - INFO - Updated Section 220
2025-05-09 18:28:04,047 - INFO - Processing Section 221...
2025-05-09 18:28:09,277 - INFO - Updated Section 221
2025-05-09 18:28:09,277 - INFO - Processing Section 222...
2025-05-09 18:28:14,063 - INFO - Updated Section 222
2025-05-09 18:28:14,063 - INFO - Processing Section 223...
2025-05-09 18:28:18,214 - INFO - Updated Section 223
2025-05-09 18:28:18,217 - INFO - Processing Section 224...
2025-05-09 18:28:23,801 - INFO - Updated Section 224
2025-05-09 18:28:23,801 - INFO - Processing Section 225...
2025-05-09 18:28:29,923 - INFO - Updated Section 225
2025-05-09 18:28:29,934 - INFO - Processing Section 225A...
2025-05-09 18:28:35,556 - INFO - Updated Section 225A
2025-05-09 18:28:35,556 - INFO - Processing Section 225B...
2025-05-09 18:28:39,168 - INFO - Updated Section 225B
2025-05-09 18:28:39,168 - INFO - Processing Section 226...
2025-05-09 18:28:43,583 - INFO - Updated Section 226
2025-05-09 18:28:43,583 - INFO - Processing Section 227...
2025-05-09 18:28:48,476 - INFO - Updated Section 227
2025-05-09 18:28:48,476 - INFO - Processing Section 228...
2025-05-09 18:28:52,358 - INFO - Updated Section 228
2025-05-09 18:28:52,358 - INFO - Processing Section 228A...
2025-05-09 18:28:56,200 - INFO - Updated Section 228A
2025-05-09 18:28:56,200 - INFO - Processing Section 229...
2025-05-09 18:29:01,372 - INFO - Updated Section 229
2025-05-09 18:29:01,372 - INFO - Processing Section 229A...
2025-05-09 18:29:05,591 - INFO - Updated Section 229A
2025-05-09 18:29:05,591 - INFO - Processing Section 230...
2025-05-09 18:29:11,423 - INFO - Updated Section 230
2025-05-09 18:29:11,423 - INFO - Processing Section 231...
2025-05-09 18:29:17,983 - INFO - Updated Section 231
2025-05-09 18:29:17,983 - INFO - Processing Section 232...
2025-05-09 18:29:22,713 - INFO - Updated Section 232
2025-05-09 18:29:22,718 - INFO - Processing Section 233...
2025-05-09 18:29:28,415 - INFO - Updated Section 233
2025-05-09 18:29:28,415 - INFO - Processing Section 234...
2025-05-09 18:29:33,359 - INFO - Updated Section 234
2025-05-09 18:29:33,359 - INFO - Processing Section 235...
2025-05-09 18:29:37,121 - INFO - Updated Section 235
2025-05-09 18:29:37,121 - INFO - Processing Section 236...
2025-05-09 18:29:42,215 - INFO - Updated Section 236
2025-05-09 18:29:42,227 - INFO - Processing Section 237...
2025-05-09 18:29:47,923 - INFO - Updated Section 237
2025-05-09 18:29:47,923 - INFO - Processing Section 238...
2025-05-09 18:29:53,288 - INFO - Updated Section 238
2025-05-09 18:29:53,288 - INFO - Processing Section 239...
2025-05-09 18:29:57,088 - INFO - Updated Section 239
2025-05-09 18:29:57,088 - INFO - Processing Section 240...
2025-05-09 18:30:03,660 - INFO - Updated Section 240
2025-05-09 18:30:03,660 - INFO - Processing Section 241...
2025-05-09 18:30:08,849 - INFO - Updated Section 241
2025-05-09 18:30:08,849 - INFO - Processing Section 242...
2025-05-09 18:30:13,772 - INFO - Updated Section 242
2025-05-09 18:30:13,772 - INFO - Processing Section 243...
2025-05-09 18:30:18,215 - INFO - Updated Section 243
2025-05-09 18:30:18,215 - INFO - Processing Section 244...
2025-05-09 18:30:23,622 - INFO - Updated Section 244
2025-05-09 18:30:23,622 - INFO - Processing Section 245...
2025-05-09 18:30:27,285 - INFO - Updated Section 245
2025-05-09 18:30:27,285 - INFO - Processing Section 246...
2025-05-09 18:30:32,961 - INFO - Updated Section 246
2025-05-09 18:30:32,969 - INFO - Processing Section 247...
2025-05-09 18:30:37,862 - INFO - Updated Section 247
2025-05-09 18:30:37,862 - INFO - Processing Section 248...
2025-05-09 18:30:43,103 - INFO - Updated Section 248
2025-05-09 18:30:43,103 - INFO - Processing Section 249...
2025-05-09 18:30:46,668 - INFO - Updated Section 249
2025-05-09 18:30:46,668 - INFO - Processing Section 250...
2025-05-09 18:30:52,088 - INFO - Updated Section 250
2025-05-09 18:30:52,088 - INFO - Processing Section 251...
2025-05-09 18:30:58,070 - INFO - Updated Section 251
2025-05-09 18:30:58,070 - INFO - Processing Section 252...
2025-05-09 18:31:01,925 - INFO - Updated Section 252
2025-05-09 18:31:01,925 - INFO - Processing Section 253...
2025-05-09 18:31:06,529 - INFO - Updated Section 253
2025-05-09 18:31:06,529 - INFO - Processing Section 254...
2025-05-09 18:31:12,872 - INFO - Updated Section 254
2025-05-09 18:31:12,872 - INFO - Processing Section 255...
2025-05-09 18:31:18,991 - INFO - Updated Section 255
2025-05-09 18:31:18,991 - INFO - Processing Section 256...
2025-05-09 18:31:23,964 - INFO - Updated Section 256
2025-05-09 18:31:23,966 - INFO - Processing Section 257...
2025-05-09 18:31:27,708 - INFO - Updated Section 257
2025-05-09 18:31:27,708 - INFO - Processing Section 258...
2025-05-09 18:31:31,631 - INFO - Updated Section 258
2025-05-09 18:31:31,631 - INFO - Processing Section 259...
2025-05-09 18:31:36,929 - INFO - Updated Section 259
2025-05-09 18:31:36,929 - INFO - Processing Section 260...
2025-05-09 18:31:41,658 - INFO - Updated Section 260
2025-05-09 18:31:41,658 - INFO - Processing Section 261...
2025-05-09 18:31:45,680 - INFO - Updated Section 261
2025-05-09 18:31:45,680 - INFO - Processing Section 262...
2025-05-09 18:31:51,070 - INFO - Updated Section 262
2025-05-09 18:31:51,070 - INFO - Processing Section 263...
2025-05-09 18:31:56,302 - INFO - Updated Section 263
2025-05-09 18:31:56,312 - INFO - Processing Section 263A...
2025-05-09 18:32:00,785 - INFO - Updated Section 263A
2025-05-09 18:32:00,785 - INFO - Processing Section 264...
2025-05-09 18:32:06,235 - INFO - Updated Section 264
2025-05-09 18:32:06,235 - INFO - Processing Section 265...
2025-05-09 18:32:11,251 - INFO - Updated Section 265
2025-05-09 18:32:11,251 - INFO - Processing Section 266...
2025-05-09 18:32:14,884 - INFO - Updated Section 266
2025-05-09 18:32:14,884 - INFO - Processing Section 267...
2025-05-09 18:32:20,867 - INFO - Updated Section 267
2025-05-09 18:32:20,867 - INFO - Processing Section 268...
2025-05-09 18:32:26,795 - INFO - Updated Section 268
2025-05-09 18:32:26,800 - INFO - Processing Section 269...
2025-05-09 18:32:31,705 - INFO - Updated Section 269
2025-05-09 18:32:31,705 - INFO - Processing Section 270...
2025-05-09 18:32:36,153 - INFO - Updated Section 270
2025-05-09 18:32:36,153 - INFO - Processing Section 271...
2025-05-09 18:32:39,800 - INFO - Updated Section 271
2025-05-09 18:32:39,800 - INFO - Processing Section 272...
2025-05-09 18:32:43,998 - INFO - Updated Section 272
2025-05-09 18:32:44,000 - INFO - Processing Section 273...
2025-05-09 18:32:47,584 - INFO - Updated Section 273
2025-05-09 18:32:47,584 - INFO - Processing Section 274...
2025-05-09 18:32:52,629 - INFO - Updated Section 274
2025-05-09 18:32:52,629 - INFO - Processing Section 275...
2025-05-09 18:32:58,440 - INFO - Updated Section 275
2025-05-09 18:32:58,440 - INFO - Processing Section 276...
2025-05-09 18:33:04,604 - INFO - Updated Section 276
2025-05-09 18:33:04,605 - INFO - Processing Section 277...
2025-05-09 18:33:10,650 - INFO - Updated Section 277
2025-05-09 18:33:10,650 - INFO - Processing Section 278...
2025-05-09 18:33:15,424 - INFO - Updated Section 278
2025-05-09 18:33:15,424 - INFO - Processing Section 279...
2025-05-09 18:33:20,049 - INFO - Updated Section 279
2025-05-09 18:33:20,049 - INFO - Processing Section 280...
2025-05-09 18:33:23,533 - INFO - Updated Section 280
2025-05-09 18:33:23,533 - INFO - Processing Section 281...
2025-05-09 18:33:29,155 - INFO - Updated Section 281
2025-05-09 18:33:29,155 - INFO - Processing Section 282...
2025-05-09 18:33:34,312 - INFO - Updated Section 282
2025-05-09 18:33:34,312 - INFO - Processing Section 283...
2025-05-09 18:33:40,526 - INFO - Updated Section 283
2025-05-09 18:33:40,526 - INFO - Processing Section 284...
2025-05-09 18:33:46,282 - INFO - Updated Section 284
2025-05-09 18:33:46,282 - INFO - Processing Section 285...
2025-05-09 18:33:51,950 - INFO - Updated Section 285
2025-05-09 18:33:51,951 - INFO - Processing Section 286...
2025-05-09 18:33:57,421 - INFO - Updated Section 286
2025-05-09 18:33:57,421 - INFO - Processing Section 287...
2025-05-09 18:34:03,656 - INFO - Updated Section 287
2025-05-09 18:34:03,656 - INFO - Processing Section 288...
2025-05-09 18:34:09,299 - INFO - Updated Section 288
2025-05-09 18:34:09,299 - INFO - Processing Section 289...
2025-05-09 18:34:14,955 - INFO - Updated Section 289
2025-05-09 18:34:14,955 - INFO - Processing Section 290...
2025-05-09 18:34:20,787 - INFO - Updated Section 290
2025-05-09 18:34:20,790 - INFO - Processing Section 291...
2025-05-09 18:34:24,368 - INFO - Updated Section 291
2025-05-09 18:34:24,368 - INFO - Processing Section 292...
2025-05-09 18:34:30,111 - INFO - Updated Section 292
2025-05-09 18:34:30,111 - INFO - Processing Section 293...
2025-05-09 18:34:35,993 - INFO - Updated Section 293
2025-05-09 18:34:35,993 - INFO - Processing Section 294...
2025-05-09 18:34:40,836 - INFO - Updated Section 294
2025-05-09 18:34:40,836 - INFO - Processing Section 294A...
2025-05-09 18:34:45,978 - INFO - Updated Section 294A
2025-05-09 18:34:45,979 - INFO - Processing Section 295...
2025-05-09 18:34:50,162 - INFO - Updated Section 295
2025-05-09 18:34:50,173 - INFO - Processing Section 295A...
2025-05-09 18:34:55,943 - INFO - Updated Section 295A
2025-05-09 18:34:55,945 - INFO - Processing Section 296...
2025-05-09 18:35:01,223 - INFO - Updated Section 296
2025-05-09 18:35:01,223 - INFO - Processing Section 297...
2025-05-09 18:35:05,636 - INFO - Updated Section 297
2025-05-09 18:35:05,636 - INFO - Processing Section 298...
2025-05-09 18:35:09,312 - INFO - Updated Section 298
2025-05-09 18:35:09,312 - INFO - Processing Section 299...
2025-05-09 18:35:12,624 - INFO - Updated Section 299
2025-05-09 18:35:12,624 - INFO - Processing Section 300...
2025-05-09 18:35:16,943 - INFO - Updated Section 300
2025-05-09 18:35:16,943 - INFO - Processing Section 301...
2025-05-09 18:35:21,843 - INFO - Updated Section 301
2025-05-09 18:35:21,843 - INFO - Processing Section 302...
2025-05-09 18:35:27,321 - INFO - Updated Section 302
2025-05-09 18:35:27,321 - INFO - Processing Section 303...
2025-05-09 18:35:32,139 - INFO - Updated Section 303
2025-05-09 18:35:32,139 - INFO - Processing Section 304...
2025-05-09 18:35:37,989 - INFO - Updated Section 304
2025-05-09 18:35:37,989 - INFO - Processing Section 304A...
2025-05-09 18:35:42,790 - INFO - Updated Section 304A
2025-05-09 18:35:42,791 - INFO - Processing Section 304B...
2025-05-09 18:35:48,837 - INFO - Updated Section 304B
2025-05-09 18:35:48,837 - INFO - Processing Section 305...
2025-05-09 18:35:53,360 - INFO - Updated Section 305
2025-05-09 18:35:53,360 - INFO - Processing Section 306...
2025-05-09 18:35:58,780 - INFO - Updated Section 306
2025-05-09 18:35:58,780 - INFO - Processing Section 307...
2025-05-09 18:36:02,968 - INFO - Updated Section 307
2025-05-09 18:36:02,972 - INFO - Processing Section 308...
2025-05-09 18:36:06,259 - INFO - Updated Section 308
2025-05-09 18:36:06,259 - INFO - Processing Section 309...
2025-05-09 18:36:12,091 - INFO - Updated Section 309
2025-05-09 18:36:12,091 - INFO - Processing Section 310...
2025-05-09 18:36:15,977 - INFO - Updated Section 310
2025-05-09 18:36:15,977 - INFO - Processing Section 311...
2025-05-09 18:36:22,077 - INFO - Updated Section 311
2025-05-09 18:36:22,077 - INFO - Processing Section 312...
2025-05-09 18:36:25,415 - INFO - Updated Section 312
2025-05-09 18:36:25,419 - INFO - Processing Section 313...
2025-05-09 18:36:28,871 - INFO - Updated Section 313
2025-05-09 18:36:28,871 - INFO - Processing Section 314...
2025-05-09 18:36:34,612 - INFO - Updated Section 314
2025-05-09 18:36:34,612 - INFO - Processing Section 315...
2025-05-09 18:36:40,445 - INFO - Updated Section 315
2025-05-09 18:36:40,454 - INFO - Processing Section 316...
2025-05-09 18:36:44,641 - INFO - Updated Section 316
2025-05-09 18:36:44,641 - INFO - Processing Section 317...
2025-05-09 18:36:50,689 - INFO - Updated Section 317
2025-05-09 18:36:50,689 - INFO - Processing Section 318...
2025-05-09 18:36:55,497 - INFO - Updated Section 318
2025-05-09 18:36:55,497 - INFO - Processing Section 319...
2025-05-09 18:37:01,841 - INFO - Updated Section 319
2025-05-09 18:37:01,841 - INFO - Processing Section 320...
2025-05-09 18:37:07,769 - INFO - Updated Section 320
2025-05-09 18:37:07,769 - INFO - Processing Section 321...
2025-05-09 18:37:13,823 - INFO - Updated Section 321
2025-05-09 18:37:13,823 - INFO - Processing Section 322...
2025-05-09 18:37:17,820 - INFO - Updated Section 322
2025-05-09 18:37:17,820 - INFO - Processing Section 323...
2025-05-09 18:37:23,136 - INFO - Updated Section 323
2025-05-09 18:37:23,136 - INFO - Processing Section 324...
2025-05-09 18:37:27,141 - INFO - Updated Section 324
2025-05-09 18:37:27,141 - INFO - Processing Section 325...
2025-05-09 18:37:32,059 - INFO - Updated Section 325
2025-05-09 18:37:32,059 - INFO - Processing Section 326...
2025-05-09 18:37:37,140 - INFO - Updated Section 326
2025-05-09 18:37:37,151 - INFO - Processing Section 326A...
2025-05-09 18:37:43,325 - INFO - Updated Section 326A
2025-05-09 18:37:43,325 - INFO - Processing Section 326B...
2025-05-09 18:37:48,654 - INFO - Updated Section 326B
2025-05-09 18:37:48,654 - INFO - Processing Section 327...
2025-05-09 18:37:53,439 - INFO - Updated Section 327
2025-05-09 18:37:53,439 - INFO - Processing Section 328...
2025-05-09 18:37:59,789 - INFO - Updated Section 328
2025-05-09 18:37:59,789 - INFO - Processing Section 329...
2025-05-09 18:38:05,314 - INFO - Updated Section 329
2025-05-09 18:38:05,314 - INFO - Processing Section 330...
2025-05-09 18:38:09,429 - INFO - Updated Section 330
2025-05-09 18:38:09,429 - INFO - Processing Section 331...
2025-05-09 18:38:12,735 - INFO - Updated Section 331
2025-05-09 18:38:12,735 - INFO - Processing Section 332...
2025-05-09 18:38:16,613 - INFO - Updated Section 332
2025-05-09 18:38:16,613 - INFO - Processing Section 333...
2025-05-09 18:38:20,577 - INFO - Updated Section 333
2025-05-09 18:38:20,577 - INFO - Processing Section 334...
2025-05-09 18:38:25,411 - INFO - Updated Section 334
2025-05-09 18:38:25,411 - INFO - Processing Section 335...
2025-05-09 18:38:31,063 - INFO - Updated Section 335
2025-05-09 18:38:31,063 - INFO - Processing Section 336...
2025-05-09 18:38:35,350 - INFO - Updated Section 336
2025-05-09 18:38:35,350 - INFO - Processing Section 337...
2025-05-09 18:38:41,406 - INFO - Updated Section 337
2025-05-09 18:38:41,406 - INFO - Processing Section 338...
2025-05-09 18:38:47,126 - INFO - Updated Section 338
2025-05-09 18:38:47,126 - INFO - Processing Section 339...
2025-05-09 18:38:51,240 - INFO - Updated Section 339
2025-05-09 18:38:51,240 - INFO - Processing Section 340...
2025-05-09 18:38:56,432 - INFO - Updated Section 340
2025-05-09 18:38:56,432 - INFO - Processing Section 341...
2025-05-09 18:39:00,862 - INFO - Updated Section 341
2025-05-09 18:39:00,862 - INFO - Processing Section 342...
2025-05-09 18:39:06,456 - INFO - Updated Section 342
2025-05-09 18:39:06,456 - INFO - Processing Section 343...
2025-05-09 18:39:12,100 - INFO - Updated Section 343
2025-05-09 18:39:12,100 - INFO - Processing Section 344...
2025-05-09 18:39:17,927 - INFO - Updated Section 344
2025-05-09 18:39:17,927 - INFO - Processing Section 345...
2025-05-09 18:39:23,993 - INFO - Updated Section 345
2025-05-09 18:39:23,993 - INFO - Processing Section 346...
2025-05-09 18:39:27,761 - INFO - Updated Section 346
2025-05-09 18:39:27,761 - INFO - Processing Section 347...
2025-05-09 18:39:32,778 - INFO - Updated Section 347
2025-05-09 18:39:32,778 - INFO - Processing Section 348...
2025-05-09 18:39:36,173 - INFO - Updated Section 348
2025-05-09 18:39:36,174 - INFO - Processing Section 349...
2025-05-09 18:39:41,956 - INFO - Updated Section 349
2025-05-09 18:39:41,956 - INFO - Processing Section 350...
2025-05-09 18:39:45,676 - INFO - Updated Section 350
2025-05-09 18:39:45,676 - INFO - Processing Section 351...
2025-05-09 18:39:50,075 - INFO - Updated Section 351
2025-05-09 18:39:50,075 - INFO - Processing Section 352...
2025-05-09 18:39:53,682 - INFO - Updated Section 352
2025-05-09 18:39:53,682 - INFO - Processing Section 353...
2025-05-09 18:39:57,291 - INFO - Updated Section 353
2025-05-09 18:39:57,291 - INFO - Processing Section 354...
2025-05-09 18:40:02,804 - INFO - Updated Section 354
2025-05-09 18:40:02,804 - INFO - Processing Section 354A...
2025-05-09 18:40:08,459 - INFO - Updated Section 354A
2025-05-09 18:40:08,459 - INFO - Processing Section 354B...
2025-05-09 18:40:12,838 - INFO - Updated Section 354B
2025-05-09 18:40:12,840 - INFO - Processing Section 354C...
2025-05-09 18:40:18,263 - INFO - Updated Section 354C
2025-05-09 18:40:18,268 - INFO - Processing Section 354D...
2025-05-09 18:40:24,018 - INFO - Updated Section 354D
2025-05-09 18:40:24,018 - INFO - Processing Section 355...
2025-05-09 18:40:30,431 - INFO - Updated Section 355
2025-05-09 18:40:30,431 - INFO - Processing Section 356...
2025-05-09 18:40:35,043 - INFO - Updated Section 356
2025-05-09 18:40:35,043 - INFO - Processing Section 357...
2025-05-09 18:40:38,925 - INFO - Updated Section 357
2025-05-09 18:40:38,925 - INFO - Processing Section 358...
2025-05-09 18:40:44,483 - INFO - Updated Section 358
2025-05-09 18:40:44,499 - INFO - Processing Section 359...
2025-05-09 18:40:50,640 - INFO - Updated Section 359
2025-05-09 18:40:50,640 - INFO - Processing Section 360...
2025-05-09 18:40:56,283 - INFO - Updated Section 360
2025-05-09 18:40:56,283 - INFO - Processing Section 361...
2025-05-09 18:41:01,464 - INFO - Updated Section 361
2025-05-09 18:41:01,464 - INFO - Processing Section 362...
2025-05-09 18:41:06,980 - INFO - Updated Section 362
2025-05-09 18:41:06,982 - INFO - Processing Section 363...
2025-05-09 18:41:12,414 - INFO - Updated Section 363
2025-05-09 18:41:12,415 - INFO - Processing Section 363A...
2025-05-09 18:41:17,680 - INFO - Updated Section 363A
2025-05-09 18:41:17,681 - INFO - Processing Section 364...
2025-05-09 18:41:23,168 - INFO - Updated Section 364
2025-05-09 18:41:23,168 - INFO - Processing Section 364A...
2025-05-09 18:41:28,077 - INFO - Updated Section 364A
2025-05-09 18:41:28,077 - INFO - Processing Section 365...
2025-05-09 18:41:31,675 - INFO - Updated Section 365
2025-05-09 18:41:31,675 - INFO - Processing Section 366...
2025-05-09 18:41:37,093 - INFO - Updated Section 366
2025-05-09 18:41:37,103 - INFO - Processing Section 366A...
2025-05-09 18:41:42,091 - INFO - Updated Section 366A
2025-05-09 18:41:42,091 - INFO - Processing Section 366B...
2025-05-09 18:41:48,224 - INFO - Updated Section 366B
2025-05-09 18:41:48,227 - INFO - Processing Section 367...
2025-05-09 18:41:52,080 - INFO - Updated Section 367
2025-05-09 18:41:52,080 - INFO - Processing Section 368...
2025-05-09 18:41:55,746 - INFO - Updated Section 368
2025-05-09 18:41:55,746 - INFO - Processing Section 369...
2025-05-09 18:41:59,578 - INFO - Updated Section 369
2025-05-09 18:41:59,579 - INFO - Processing Section 370...
2025-05-09 18:42:03,047 - INFO - Updated Section 370
2025-05-09 18:42:03,048 - INFO - Processing Section 370A...
2025-05-09 18:42:08,168 - INFO - Updated Section 370A
2025-05-09 18:42:08,168 - INFO - Processing Section 371...
2025-05-09 18:42:12,322 - INFO - Updated Section 371
2025-05-09 18:42:12,322 - INFO - Processing Section 372...
2025-05-09 18:42:18,165 - INFO - Updated Section 372
2025-05-09 18:42:18,168 - INFO - Processing Section 373...
2025-05-09 18:42:25,013 - INFO - Updated Section 373
2025-05-09 18:42:25,013 - INFO - Processing Section 374...
2025-05-09 18:42:28,282 - INFO - Updated Section 374
2025-05-09 18:42:28,283 - INFO - Processing Section 375...
2025-05-09 18:42:34,545 - INFO - Updated Section 375
2025-05-09 18:42:34,545 - INFO - Processing Section 376...
2025-05-09 18:42:39,572 - INFO - Updated Section 376
2025-05-09 18:42:39,572 - INFO - Processing Section 376A...
2025-05-09 18:42:45,421 - INFO - Updated Section 376A
2025-05-09 18:42:45,421 - INFO - Processing Section 376AB...
2025-05-09 18:42:50,096 - INFO - Updated Section 376AB
2025-05-09 18:42:50,096 - INFO - Processing Section 376B...
2025-05-09 18:42:54,892 - INFO - Updated Section 376B
2025-05-09 18:42:54,892 - INFO - Processing Section 376C...
2025-05-09 18:42:58,804 - INFO - Updated Section 376C
2025-05-09 18:42:58,804 - INFO - Processing Section 376D...
2025-05-09 18:43:03,653 - INFO - Updated Section 376D
2025-05-09 18:43:03,653 - INFO - Processing Section 376DA...
2025-05-09 18:43:08,832 - INFO - Updated Section 376DA
2025-05-09 18:43:08,832 - INFO - Processing Section 376DB...
2025-05-09 18:43:13,362 - INFO - Updated Section 376DB
2025-05-09 18:43:13,362 - INFO - Processing Section 376E...
2025-05-09 18:43:19,088 - INFO - Updated Section 376E
2025-05-09 18:43:19,088 - INFO - Processing Section 377...
2025-05-09 18:43:24,405 - INFO - Updated Section 377
2025-05-09 18:43:24,405 - INFO - Processing Section 378...
2025-05-09 18:43:29,018 - INFO - Updated Section 378
2025-05-09 18:43:29,018 - INFO - Processing Section 379...
2025-05-09 18:43:33,611 - INFO - Updated Section 379
2025-05-09 18:43:33,611 - INFO - Processing Section 380...
2025-05-09 18:43:39,359 - INFO - Updated Section 380
2025-05-09 18:43:39,359 - INFO - Processing Section 381...
2025-05-09 18:43:44,172 - INFO - Updated Section 381
2025-05-09 18:43:44,174 - INFO - Processing Section 382...
2025-05-09 18:43:50,024 - INFO - Updated Section 382
2025-05-09 18:43:50,026 - INFO - Processing Section 383...
2025-05-09 18:43:55,240 - INFO - Updated Section 383
2025-05-09 18:43:55,240 - INFO - Processing Section 384...
2025-05-09 18:44:01,458 - INFO - Updated Section 384
2025-05-09 18:44:01,458 - INFO - Processing Section 385...
2025-05-09 18:44:05,942 - INFO - Updated Section 385
2025-05-09 18:44:05,942 - INFO - Processing Section 386...
2025-05-09 18:44:11,007 - INFO - Updated Section 386
2025-05-09 18:44:11,012 - INFO - Processing Section 387...
2025-05-09 18:44:14,914 - INFO - Updated Section 387
2025-05-09 18:44:14,914 - INFO - Processing Section 388...
2025-05-09 18:44:21,137 - INFO - Updated Section 388
2025-05-09 18:44:21,137 - INFO - Processing Section 389...
2025-05-09 18:44:26,253 - INFO - Updated Section 389
2025-05-09 18:44:26,253 - INFO - Processing Section 390...
2025-05-09 18:44:30,459 - INFO - Updated Section 390
2025-05-09 18:44:30,459 - INFO - Processing Section 391...
2025-05-09 18:44:35,831 - INFO - Updated Section 391
2025-05-09 18:44:35,831 - INFO - Processing Section 392...
2025-05-09 18:44:40,093 - INFO - Updated Section 392
2025-05-09 18:44:40,093 - INFO - Processing Section 393...
2025-05-09 18:44:43,978 - INFO - Updated Section 393
2025-05-09 18:44:43,978 - INFO - Processing Section 394...
2025-05-09 18:44:49,087 - INFO - Updated Section 394
2025-05-09 18:44:49,087 - INFO - Processing Section 395...
2025-05-09 18:44:52,801 - INFO - Updated Section 395
2025-05-09 18:44:52,812 - INFO - Processing Section 396...
2025-05-09 18:44:56,159 - INFO - Updated Section 396
2025-05-09 18:44:56,159 - INFO - Processing Section 397...
2025-05-09 18:45:01,779 - INFO - Updated Section 397
2025-05-09 18:45:01,794 - INFO - Processing Section 398...
2025-05-09 18:45:07,716 - INFO - Updated Section 398
2025-05-09 18:45:07,716 - INFO - Processing Section 399...
2025-05-09 18:45:13,796 - INFO - Updated Section 399
2025-05-09 18:45:13,812 - INFO - Processing Section 400...
2025-05-09 18:45:19,508 - INFO - Updated Section 400
2025-05-09 18:45:19,508 - INFO - Processing Section 401...
2025-05-09 18:45:23,293 - INFO - Updated Section 401
2025-05-09 18:45:23,293 - INFO - Processing Section 402...
2025-05-09 18:45:29,173 - INFO - Updated Section 402
2025-05-09 18:45:29,173 - INFO - Processing Section 403...
2025-05-09 18:45:33,152 - INFO - Updated Section 403
2025-05-09 18:45:33,152 - INFO - Processing Section 404...
2025-05-09 18:45:39,367 - INFO - Updated Section 404
2025-05-09 18:45:39,367 - INFO - Processing Section 405...
2025-05-09 18:45:45,215 - INFO - Updated Section 405
2025-05-09 18:45:45,215 - INFO - Processing Section 406...
2025-05-09 18:45:48,687 - INFO - Updated Section 406
2025-05-09 18:45:48,687 - INFO - Processing Section 407...
2025-05-09 18:45:52,695 - INFO - Updated Section 407
2025-05-09 18:45:52,695 - INFO - Processing Section 408...
2025-05-09 18:45:58,001 - INFO - Updated Section 408
2025-05-09 18:45:58,001 - INFO - Processing Section 409...
2025-05-09 18:46:04,185 - INFO - Updated Section 409
2025-05-09 18:46:04,185 - INFO - Processing Section 410...
2025-05-09 18:46:53,821 - WARNING - Attempt 1 failed for https://devgan.in//ipc/section/410/: ('Connection aborted.', ConnectionResetError(10054, 'An existing connection was forcibly closed by the remote host', None, 10054, None))
2025-05-09 18:47:08,657 - INFO - Updated Section 410
2025-05-09 18:47:08,657 - INFO - Processing Section 411...
2025-05-09 18:47:12,354 - INFO - Updated Section 411
2025-05-09 18:47:12,354 - INFO - Processing Section 412...
2025-05-09 18:47:17,340 - INFO - Updated Section 412
2025-05-09 18:47:17,340 - INFO - Processing Section 413...
2025-05-09 18:47:22,796 - INFO - Updated Section 413
2025-05-09 18:47:22,796 - INFO - Processing Section 414...
2025-05-09 18:47:28,394 - INFO - Updated Section 414
2025-05-09 18:47:28,394 - INFO - Processing Section 415...
2025-05-09 18:47:33,957 - INFO - Updated Section 415
2025-05-09 18:47:33,957 - INFO - Processing Section 416...
2025-05-09 18:47:39,145 - INFO - Updated Section 416
2025-05-09 18:47:39,145 - INFO - Processing Section 417...
2025-05-09 18:47:50,024 - INFO - Updated Section 417
2025-05-09 18:47:50,024 - INFO - Processing Section 418...
2025-05-09 18:48:03,356 - INFO - Updated Section 418
2025-05-09 18:48:03,356 - INFO - Processing Section 419...
2025-05-09 18:48:06,842 - INFO - Updated Section 419
2025-05-09 18:48:06,842 - INFO - Processing Section 420...
2025-05-09 18:48:12,310 - INFO - Updated Section 420
2025-05-09 18:48:12,312 - INFO - Processing Section 421...
2025-05-09 18:48:18,601 - INFO - Updated Section 421
2025-05-09 18:48:18,601 - INFO - Processing Section 422...
2025-05-09 18:48:23,472 - INFO - Updated Section 422
2025-05-09 18:48:23,473 - INFO - Processing Section 423...
2025-05-09 18:48:27,313 - INFO - Updated Section 423
2025-05-09 18:48:27,313 - INFO - Processing Section 424...
2025-05-09 18:48:32,680 - INFO - Updated Section 424
2025-05-09 18:48:32,680 - INFO - Processing Section 425...
2025-05-09 18:48:37,955 - INFO - Updated Section 425
2025-05-09 18:48:37,955 - INFO - Processing Section 426...
2025-05-09 18:48:42,352 - INFO - Updated Section 426
2025-05-09 18:48:42,352 - INFO - Processing Section 427...
2025-05-09 18:48:46,800 - INFO - Updated Section 427
2025-05-09 18:48:46,803 - INFO - Processing Section 428...
2025-05-09 18:48:50,748 - INFO - Updated Section 428
2025-05-09 18:48:50,748 - INFO - Processing Section 429...
2025-05-09 18:48:55,873 - INFO - Updated Section 429
2025-05-09 18:48:55,873 - INFO - Processing Section 430...
2025-05-09 18:49:00,550 - INFO - Updated Section 430
2025-05-09 18:49:00,550 - INFO - Processing Section 431...
2025-05-09 18:49:04,933 - INFO - Updated Section 431
2025-05-09 18:49:04,938 - INFO - Processing Section 432...
2025-05-09 18:49:08,772 - INFO - Updated Section 432
2025-05-09 18:49:08,772 - INFO - Processing Section 433...
2025-05-09 18:49:15,017 - INFO - Updated Section 433
2025-05-09 18:49:15,017 - INFO - Processing Section 434...
2025-05-09 18:49:21,511 - INFO - Updated Section 434
2025-05-09 18:49:21,511 - INFO - Processing Section 435...
2025-05-09 18:49:25,276 - INFO - Updated Section 435
2025-05-09 18:49:25,276 - INFO - Processing Section 436...
2025-05-09 18:49:28,740 - INFO - Updated Section 436
2025-05-09 18:49:28,740 - INFO - Processing Section 437...
2025-05-09 18:49:33,153 - INFO - Updated Section 437
2025-05-09 18:49:33,156 - INFO - Processing Section 438...
2025-05-09 18:49:38,206 - INFO - Updated Section 438
2025-05-09 18:49:38,206 - INFO - Processing Section 439...
2025-05-09 18:49:42,441 - INFO - Updated Section 439
2025-05-09 18:49:42,450 - INFO - Processing Section 440...
2025-05-09 18:49:47,666 - INFO - Updated Section 440
2025-05-09 18:49:47,672 - INFO - Processing Section 441...
2025-05-09 18:49:52,392 - INFO - Updated Section 441
2025-05-09 18:49:52,392 - INFO - Processing Section 442...
2025-05-09 18:49:56,136 - INFO - Updated Section 442
2025-05-09 18:49:56,139 - INFO - Processing Section 443...
2025-05-09 18:50:01,798 - INFO - Updated Section 443
2025-05-09 18:50:01,798 - INFO - Processing Section 444...
2025-05-09 18:50:06,737 - INFO - Updated Section 444
2025-05-09 18:50:06,737 - INFO - Processing Section 445...
2025-05-09 18:50:10,505 - INFO - Updated Section 445
2025-05-09 18:50:10,505 - INFO - Processing Section 446...
2025-05-09 18:50:13,902 - INFO - Updated Section 446
2025-05-09 18:50:13,902 - INFO - Processing Section 447...
2025-05-09 18:50:18,910 - INFO - Updated Section 447
2025-05-09 18:50:18,910 - INFO - Processing Section 448...
2025-05-09 18:50:24,140 - INFO - Updated Section 448
2025-05-09 18:50:24,140 - INFO - Processing Section 449...
2025-05-09 18:50:27,870 - INFO - Updated Section 449
2025-05-09 18:50:27,886 - INFO - Processing Section 450...
2025-05-09 18:50:32,432 - INFO - Updated Section 450
2025-05-09 18:50:32,432 - INFO - Processing Section 451...
2025-05-09 18:50:36,790 - INFO - Updated Section 451
2025-05-09 18:50:36,790 - INFO - Processing Section 452...
2025-05-09 18:50:42,642 - INFO - Updated Section 452
2025-05-09 18:50:42,642 - INFO - Processing Section 453...
2025-05-09 18:50:47,397 - INFO - Updated Section 453
2025-05-09 18:50:47,397 - INFO - Processing Section 454...
2025-05-09 18:50:50,943 - INFO - Updated Section 454
2025-05-09 18:50:50,943 - INFO - Processing Section 455...
2025-05-09 18:50:54,954 - INFO - Updated Section 455
2025-05-09 18:50:54,970 - INFO - Processing Section 456...
2025-05-09 18:51:00,221 - INFO - Updated Section 456
2025-05-09 18:51:00,235 - INFO - Processing Section 457...
2025-05-09 18:51:04,742 - INFO - Updated Section 457
2025-05-09 18:51:04,744 - INFO - Processing Section 458...
2025-05-09 18:51:10,954 - INFO - Updated Section 458
2025-05-09 18:51:10,954 - INFO - Processing Section 459...
2025-05-09 18:51:17,113 - INFO - Updated Section 459
2025-05-09 18:51:17,113 - INFO - Processing Section 460...
2025-05-09 18:51:21,903 - INFO - Updated Section 460
2025-05-09 18:51:21,903 - INFO - Processing Section 461...
2025-05-09 18:51:27,635 - INFO - Updated Section 461
2025-05-09 18:51:27,636 - INFO - Processing Section 462...
2025-05-09 18:51:32,224 - INFO - Updated Section 462
2025-05-09 18:51:32,224 - INFO - Processing Section 463...
2025-05-09 18:51:37,377 - INFO - Updated Section 463
2025-05-09 18:51:37,383 - INFO - Processing Section 464...
2025-05-09 18:51:43,537 - INFO - Updated Section 464
2025-05-09 18:51:43,537 - INFO - Processing Section 465...
2025-05-09 18:51:48,690 - INFO - Updated Section 465
2025-05-09 18:51:48,690 - INFO - Processing Section 466...
2025-05-09 18:51:52,413 - INFO - Updated Section 466
2025-05-09 18:51:52,413 - INFO - Processing Section 467...
2025-05-09 18:51:57,162 - INFO - Updated Section 467
2025-05-09 18:51:57,162 - INFO - Processing Section 468...
2025-05-09 18:52:03,020 - INFO - Updated Section 468
2025-05-09 18:52:03,036 - INFO - Processing Section 469...
2025-05-09 18:52:07,465 - INFO - Updated Section 469
2025-05-09 18:52:07,465 - INFO - Processing Section 470...
2025-05-09 18:52:12,269 - INFO - Updated Section 470
2025-05-09 18:52:12,269 - INFO - Processing Section 471...
2025-05-09 18:52:18,666 - INFO - Updated Section 471
2025-05-09 18:52:18,666 - INFO - Processing Section 472...
2025-05-09 18:52:22,547 - INFO - Updated Section 472
2025-05-09 18:52:22,547 - INFO - Processing Section 473...
2025-05-09 18:52:26,229 - INFO - Updated Section 473
2025-05-09 18:52:26,229 - INFO - Processing Section 474...
2025-05-09 18:52:30,304 - INFO - Updated Section 474
2025-05-09 18:52:30,304 - INFO - Processing Section 475...
2025-05-09 18:52:36,238 - INFO - Updated Section 475
2025-05-09 18:52:36,238 - INFO - Processing Section 476...
2025-05-09 18:52:42,204 - INFO - Updated Section 476
2025-05-09 18:52:42,204 - INFO - Processing Section 477...
2025-05-09 18:52:46,510 - INFO - Updated Section 477
2025-05-09 18:52:46,510 - INFO - Processing Section 477A...
2025-05-09 18:52:50,771 - INFO - Updated Section 477A
2025-05-09 18:52:50,771 - INFO - Processing Section 478...
2025-05-09 18:52:55,419 - INFO - Updated Section 478
2025-05-09 18:52:55,419 - INFO - Processing Section 479...
2025-05-09 18:53:00,539 - INFO - Updated Section 479
2025-05-09 18:53:00,539 - INFO - Processing Section 480...
2025-05-09 18:53:06,647 - INFO - Updated Section 480
2025-05-09 18:53:06,647 - INFO - Processing Section 481...
2025-05-09 18:53:12,082 - INFO - Updated Section 481
2025-05-09 18:53:12,083 - INFO - Processing Section 482...
2025-05-09 18:53:18,213 - INFO - Updated Section 482
2025-05-09 18:53:18,213 - INFO - Processing Section 483...
2025-05-09 18:53:23,990 - INFO - Updated Section 483
2025-05-09 18:53:23,990 - INFO - Processing Section 484...
2025-05-09 18:53:29,482 - INFO - Updated Section 484
2025-05-09 18:53:29,483 - INFO - Processing Section 485...
2025-05-09 18:53:35,818 - INFO - Updated Section 485
2025-05-09 18:53:35,818 - INFO - Processing Section 486...
2025-05-09 18:53:41,491 - INFO - Updated Section 486
2025-05-09 18:53:41,491 - INFO - Processing Section 487...
2025-05-09 18:53:46,667 - INFO - Updated Section 487
2025-05-09 18:53:46,667 - INFO - Processing Section 488...
2025-05-09 18:53:52,753 - INFO - Updated Section 488
2025-05-09 18:53:52,753 - INFO - Processing Section 489...
2025-05-09 18:53:58,169 - INFO - Updated Section 489
2025-05-09 18:53:58,170 - INFO - Processing Section 489A...
2025-05-09 18:54:04,359 - INFO - Updated Section 489A
2025-05-09 18:54:04,359 - INFO - Processing Section 489B...
2025-05-09 18:54:10,565 - INFO - Updated Section 489B
2025-05-09 18:54:10,565 - INFO - Processing Section 489C...
2025-05-09 18:54:14,755 - INFO - Updated Section 489C
2025-05-09 18:54:14,755 - INFO - Processing Section 489D...
2025-05-09 18:54:20,284 - INFO - Updated Section 489D
2025-05-09 18:54:20,287 - INFO - Processing Section 489E...
2025-05-09 18:54:23,824 - INFO - Updated Section 489E
2025-05-09 18:54:23,827 - INFO - Processing Section 490...
2025-05-09 18:54:27,617 - INFO - Updated Section 490
2025-05-09 18:54:27,617 - INFO - Processing Section 491...
2025-05-09 18:54:30,966 - INFO - Updated Section 491
2025-05-09 18:54:30,966 - INFO - Processing Section 492...
2025-05-09 18:54:37,089 - INFO - Updated Section 492
2025-05-09 18:54:37,094 - INFO - Processing Section 493...
2025-05-09 18:54:42,802 - INFO - Updated Section 493
2025-05-09 18:54:42,802 - INFO - Processing Section 494...
2025-05-09 18:54:49,194 - INFO - Updated Section 494
2025-05-09 18:54:49,194 - INFO - Processing Section 495...
2025-05-09 18:54:53,957 - INFO - Updated Section 495
2025-05-09 18:54:53,957 - INFO - Processing Section 496...
2025-05-09 18:54:59,388 - INFO - Updated Section 496
2025-05-09 18:54:59,388 - INFO - Processing Section 497...
2025-05-09 18:55:02,926 - INFO - Updated Section 497
2025-05-09 18:55:02,929 - INFO - Processing Section 498...
2025-05-09 18:55:07,437 - INFO - Updated Section 498
2025-05-09 18:55:07,437 - INFO - Processing Section 498A...
2025-05-09 18:55:11,483 - INFO - Updated Section 498A
2025-05-09 18:55:11,483 - INFO - Processing Section 499...
2025-05-09 18:55:15,363 - INFO - Updated Section 499
2025-05-09 18:55:15,363 - INFO - Processing Section 500...
2025-05-09 18:55:20,904 - INFO - Updated Section 500
2025-05-09 18:55:20,904 - INFO - Processing Section 501...
2025-05-09 18:55:27,153 - INFO - Updated Section 501
2025-05-09 18:55:27,153 - INFO - Processing Section 502...
2025-05-09 18:55:32,160 - INFO - Updated Section 502
2025-05-09 18:55:32,176 - INFO - Processing Section 503...
2025-05-09 18:55:37,660 - INFO - Updated Section 503
2025-05-09 18:55:37,660 - INFO - Processing Section 504...
2025-05-09 18:55:43,232 - INFO - Updated Section 504
2025-05-09 18:55:43,232 - INFO - Processing Section 505...
2025-05-09 18:55:48,447 - INFO - Updated Section 505
2025-05-09 18:55:48,447 - INFO - Processing Section 506...
2025-05-09 18:55:51,776 - INFO - Updated Section 506
2025-05-09 18:55:51,779 - INFO - Processing Section 507...
2025-05-09 18:55:56,125 - INFO - Updated Section 507
2025-05-09 18:55:56,126 - INFO - Processing Section 508...
2025-05-09 18:56:02,101 - INFO - Updated Section 508
2025-05-09 18:56:02,101 - INFO - Processing Section 509...
2025-05-09 18:56:08,077 - INFO - Updated Section 509
2025-05-09 18:56:08,077 - INFO - Processing Section 510...
2025-05-09 18:56:16,024 - INFO - Updated Section 510
2025-05-09 18:56:16,024 - INFO - Processing Section 511...
2025-05-09 18:56:21,990 - INFO - Updated Section 511
2025-05-09 18:56:22,012 - INFO - Saved results to ipc_sections.json
2025-05-09 18:56:22,012 - INFO - Database connection closed
2025-05-09 19:11:38,589 - INFO - Successfully connected to MySQL database
2025-05-09 19:11:38,589 - INFO - Fetching main page...
2025-05-09 19:11:45,265 - INFO - Found 575 IPC section links
2025-05-09 19:11:45,265 - INFO - Processing Section 1...
2025-05-09 19:11:49,801 - INFO - Updated Section 1
2025-05-09 19:11:49,812 - INFO - Processing Section 2...
2025-05-09 19:11:56,035 - INFO - Updated Section 2
2025-05-09 19:11:56,049 - INFO - Processing Section 3...
2025-05-09 19:12:00,544 - INFO - Updated Section 3
2025-05-09 19:12:00,558 - INFO - Processing Section 4...
2025-05-09 19:12:03,975 - INFO - Updated Section 4
2025-05-09 19:12:03,975 - INFO - Processing Section 5...
2025-05-09 19:12:08,417 - INFO - Updated Section 5
2025-05-09 19:12:08,425 - INFO - Processing Section 6...
2025-05-09 19:12:13,158 - INFO - Updated Section 6
2025-05-09 19:12:13,173 - INFO - Processing Section 7...
2025-05-09 19:12:17,046 - INFO - Updated Section 7
2025-05-09 19:12:17,053 - INFO - Processing Section 8...
2025-05-09 19:12:22,754 - INFO - Updated Section 8
2025-05-09 19:12:22,763 - INFO - Processing Section 9...
2025-05-09 19:12:28,200 - INFO - Updated Section 9
2025-05-09 19:12:28,216 - INFO - Processing Section 10...
2025-05-09 19:12:34,115 - INFO - Updated Section 10
2025-05-09 19:12:34,127 - INFO - Processing Section 11...
2025-05-09 19:12:39,950 - INFO - Updated Section 11
2025-05-09 19:12:39,965 - INFO - Processing Section 12...
2025-05-09 19:12:45,579 - INFO - Updated Section 12
2025-05-09 19:12:45,593 - INFO - Processing Section 13...
2025-05-09 19:12:51,930 - INFO - Updated Section 13
2025-05-09 19:12:51,945 - INFO - Processing Section 14...
2025-05-09 19:12:56,266 - INFO - Updated Section 14
2025-05-09 19:12:56,275 - INFO - Processing Section 15...
2025-05-09 19:13:00,796 - INFO - Updated Section 15
2025-05-09 19:13:00,796 - INFO - Processing Section 16...
2025-05-09 19:13:06,474 - INFO - Updated Section 16
2025-05-09 19:13:06,516 - INFO - Processing Section 17...
2025-05-09 19:13:16,522 - INFO - Updated Section 17
2025-05-09 19:13:16,524 - INFO - Processing Section 18...
2025-05-09 19:13:20,611 - INFO - Updated Section 18
2025-05-09 19:13:20,623 - INFO - Processing Section 19...
2025-05-09 19:13:25,215 - INFO - Updated Section 19
2025-05-09 19:13:25,230 - INFO - Processing Section 20...
2025-05-09 19:13:28,995 - INFO - Updated Section 20
2025-05-09 19:13:29,009 - INFO - Processing Section 21...
2025-05-09 19:13:37,130 - INFO - Updated Section 21
2025-05-09 19:13:37,149 - INFO - Processing Section 22...
2025-05-09 19:13:42,411 - INFO - Updated Section 22
2025-05-09 19:13:42,426 - INFO - Processing Section 23...
2025-05-09 19:13:49,295 - INFO - Updated Section 23
2025-05-09 19:13:49,303 - INFO - Processing Section 24...
2025-05-09 19:13:52,779 - INFO - Updated Section 24
2025-05-09 19:13:52,797 - INFO - Processing Section 25...
2025-05-09 19:13:58,915 - INFO - Updated Section 25
2025-05-09 19:13:58,915 - INFO - Processing Section 26...
2025-05-09 19:14:04,684 - INFO - Updated Section 26
2025-05-09 19:14:04,691 - INFO - Processing Section 27...
2025-05-09 19:14:09,762 - INFO - Updated Section 27
2025-05-09 19:14:09,772 - INFO - Processing Section 28...
2025-05-09 19:14:14,461 - INFO - Updated Section 28
2025-05-09 19:14:14,488 - INFO - Processing Section 29...
2025-05-09 19:14:19,581 - INFO - Updated Section 29
2025-05-09 19:14:19,581 - INFO - Processing Section 29A...
2025-05-09 19:14:24,193 - INFO - Updated Section 29A
2025-05-09 19:14:24,208 - INFO - Processing Section 30...
2025-05-09 19:14:28,524 - INFO - Updated Section 30
2025-05-09 19:14:28,544 - INFO - Processing Section 31...
2025-05-09 19:14:34,240 - INFO - Updated Section 31
2025-05-09 19:14:34,248 - INFO - Processing Section 32...
2025-05-09 19:14:38,636 - INFO - Updated Section 32
2025-05-09 19:14:38,645 - INFO - Processing Section 33...
2025-05-09 19:14:42,429 - INFO - Updated Section 33
2025-05-09 19:14:42,436 - INFO - Processing Section 34...
2025-05-09 19:14:46,662 - INFO - Updated Section 34
2025-05-09 19:14:46,679 - INFO - Processing Section 35...
2025-05-09 19:14:53,333 - INFO - Updated Section 35
2025-05-09 19:14:53,337 - INFO - Processing Section 36...
2025-05-09 19:14:59,272 - INFO - Updated Section 36
2025-05-09 19:14:59,285 - INFO - Processing Section 37...
2025-05-09 19:15:05,019 - INFO - Updated Section 37
2025-05-09 19:15:05,027 - INFO - Processing Section 38...
2025-05-09 19:15:09,950 - INFO - Updated Section 38
2025-05-09 19:15:09,961 - INFO - Processing Section 39...
2025-05-09 19:15:15,649 - INFO - Updated Section 39
2025-05-09 19:15:15,662 - INFO - Processing Section 40...
2025-05-09 19:15:20,833 - INFO - Updated Section 40
2025-05-09 19:15:20,840 - INFO - Processing Section 41...
2025-05-09 19:15:24,933 - INFO - Updated Section 41
2025-05-09 19:15:24,945 - INFO - Processing Section 42...
2025-05-09 19:15:29,643 - INFO - Updated Section 42
2025-05-09 19:15:29,656 - INFO - Processing Section 43...
2025-05-09 19:15:33,934 - INFO - Updated Section 43
2025-05-09 19:15:33,936 - INFO - Processing Section 44...
2025-05-09 19:15:37,883 - INFO - Updated Section 44
2025-05-09 19:15:37,883 - INFO - Processing Section 45...
2025-05-09 19:15:43,612 - INFO - Updated Section 45
2025-05-09 19:15:43,612 - INFO - Processing Section 46...
2025-05-09 19:15:48,131 - INFO - Updated Section 46
2025-05-09 19:15:48,134 - INFO - Processing Section 47...
2025-05-09 19:15:53,864 - INFO - Updated Section 47
2025-05-09 19:15:53,864 - INFO - Processing Section 48...
2025-05-09 19:16:01,373 - INFO - Updated Section 48
2025-05-09 19:16:01,375 - INFO - Processing Section 49...
2025-05-09 19:16:05,078 - INFO - Updated Section 49
2025-05-09 19:16:05,081 - INFO - Processing Section 50...
2025-05-09 19:16:10,655 - INFO - Updated Section 50
2025-05-09 19:16:10,655 - INFO - Processing Section 51...
2025-05-09 19:16:14,009 - INFO - Updated Section 51
2025-05-09 19:16:14,012 - INFO - Processing Section 52...
2025-05-09 19:16:19,546 - INFO - Updated Section 52
2025-05-09 19:16:19,546 - INFO - Processing Section 52A...
2025-05-09 19:16:23,862 - INFO - Updated Section 52A
2025-05-09 19:16:23,865 - INFO - Processing Section 53...
2025-05-09 19:16:27,891 - INFO - Updated Section 53
2025-05-09 19:16:27,896 - INFO - Processing Section 53A...
2025-05-09 19:16:32,888 - INFO - Updated Section 53A
2025-05-09 19:16:32,888 - INFO - Processing Section 54...
2025-05-09 19:16:37,320 - INFO - Updated Section 54
2025-05-09 19:16:37,322 - INFO - Processing Section 55...
2025-05-09 19:16:41,919 - INFO - Updated Section 55
2025-05-09 19:16:41,921 - INFO - Processing Section 55A...
2025-05-09 19:16:47,829 - INFO - Updated Section 55A
2025-05-09 19:16:47,845 - INFO - Processing Section 56...
2025-05-09 19:16:52,129 - INFO - Updated Section 56
2025-05-09 19:16:52,129 - INFO - Processing Section 57...
2025-05-09 19:16:58,839 - INFO - Updated Section 57
2025-05-09 19:16:58,839 - INFO - Processing Section 58...
2025-05-09 19:17:04,401 - INFO - Updated Section 58
2025-05-09 19:17:04,403 - INFO - Processing Section 59...
2025-05-09 19:17:08,433 - INFO - Updated Section 59
2025-05-09 19:17:08,436 - INFO - Processing Section 60...
2025-05-09 19:17:19,156 - INFO - Updated Section 60
2025-05-09 19:17:19,166 - INFO - Processing Section 61...
2025-05-09 19:17:24,638 - INFO - Updated Section 61
2025-05-09 19:17:24,638 - INFO - Processing Section 62...
2025-05-09 19:17:28,054 - INFO - Updated Section 62
2025-05-09 19:17:28,057 - INFO - Processing Section 63...
2025-05-09 19:17:33,232 - INFO - Updated Section 63
2025-05-09 19:17:33,237 - INFO - Processing Section 64...
2025-05-09 19:17:39,173 - INFO - Updated Section 64
2025-05-09 19:17:39,176 - INFO - Processing Section 65...
2025-05-09 19:17:43,471 - INFO - Updated Section 65
2025-05-09 19:17:43,474 - INFO - Processing Section 66...
2025-05-09 19:17:48,824 - INFO - Updated Section 66
2025-05-09 19:17:48,826 - INFO - Processing Section 67...
2025-05-09 19:17:53,720 - INFO - Updated Section 67
2025-05-09 19:17:53,722 - INFO - Processing Section 68...
2025-05-09 19:17:57,678 - INFO - Updated Section 68
2025-05-09 19:17:57,680 - INFO - Processing Section 69...
2025-05-09 19:18:02,359 - INFO - Updated Section 69
2025-05-09 19:18:02,366 - INFO - Processing Section 70...
2025-05-09 19:18:06,304 - INFO - Updated Section 70
2025-05-09 19:18:06,304 - INFO - Processing Section 71...
2025-05-09 19:18:11,440 - INFO - Updated Section 71
2025-05-09 19:18:11,443 - INFO - Processing Section 72...
2025-05-09 19:18:17,294 - INFO - Updated Section 72
2025-05-09 19:18:17,294 - INFO - Processing Section 73...
2025-05-09 19:18:20,728 - INFO - Updated Section 73
2025-05-09 19:18:20,743 - INFO - Processing Section 74...
2025-05-09 19:18:24,344 - INFO - Updated Section 74
2025-05-09 19:18:24,359 - INFO - Processing Section 75...
2025-05-09 19:18:27,785 - INFO - Updated Section 75
2025-05-09 19:18:27,787 - INFO - Processing Section 76...
2025-05-09 19:18:32,599 - INFO - Updated Section 76
2025-05-09 19:18:32,604 - INFO - Processing Section 77...
2025-05-09 19:18:36,547 - INFO - Updated Section 77
2025-05-09 19:18:36,547 - INFO - Processing Section 78...
2025-05-09 19:18:42,676 - INFO - Updated Section 78
2025-05-09 19:18:42,684 - INFO - Processing Section 79...
2025-05-09 19:18:47,038 - INFO - Updated Section 79
2025-05-09 19:18:47,038 - INFO - Processing Section 80...
2025-05-09 19:18:52,594 - INFO - Updated Section 80
2025-05-09 19:18:52,594 - INFO - Processing Section 81...
2025-05-09 19:18:56,750 - INFO - Updated Section 81
2025-05-09 19:18:56,753 - INFO - Processing Section 82...
2025-05-09 19:19:00,911 - INFO - Updated Section 82
2025-05-09 19:19:00,913 - INFO - Processing Section 83...
2025-05-09 19:19:06,318 - INFO - Updated Section 83
2025-05-09 19:19:06,320 - INFO - Processing Section 84...
2025-05-09 19:19:10,219 - INFO - Updated Section 84
2025-05-09 19:19:10,227 - INFO - Processing Section 85...
2025-05-09 19:19:16,026 - INFO - Updated Section 85
2025-05-09 19:19:16,026 - INFO - Processing Section 86...
2025-05-09 19:19:19,731 - INFO - Updated Section 86
2025-05-09 19:19:19,731 - INFO - Processing Section 87...
2025-05-09 19:19:23,329 - INFO - Updated Section 87
2025-05-09 19:19:23,333 - INFO - Processing Section 88...
2025-05-09 19:19:27,326 - INFO - Updated Section 88
2025-05-09 19:19:27,341 - INFO - Processing Section 89...
2025-05-09 19:19:31,367 - INFO - Updated Section 89
2025-05-09 19:19:31,371 - INFO - Processing Section 90...
2025-05-09 19:19:34,791 - INFO - Updated Section 90
2025-05-09 19:19:34,791 - INFO - Processing Section 91...
2025-05-09 19:19:40,644 - INFO - Updated Section 91
2025-05-09 19:19:40,644 - INFO - Processing Section 92...
2025-05-09 19:19:45,481 - INFO - Updated Section 92
2025-05-09 19:19:45,483 - INFO - Processing Section 93...
2025-05-09 19:19:51,810 - INFO - Updated Section 93
2025-05-09 19:19:51,810 - INFO - Processing Section 94...
2025-05-09 19:19:58,258 - INFO - Updated Section 94
2025-05-09 19:19:58,258 - INFO - Processing Section 95...
2025-05-09 19:20:04,542 - INFO - Updated Section 95
2025-05-09 19:20:04,542 - INFO - Processing Section 96...
2025-05-09 19:20:08,585 - INFO - Updated Section 96
2025-05-09 19:20:08,585 - INFO - Processing Section 97...
2025-05-09 19:20:12,713 - INFO - Updated Section 97
2025-05-09 19:20:12,713 - INFO - Processing Section 98...
2025-05-09 19:20:17,892 - INFO - Updated Section 98
2025-05-09 19:20:17,892 - INFO - Processing Section 99...
2025-05-09 19:20:21,575 - INFO - Updated Section 99
2025-05-09 19:20:21,585 - INFO - Processing Section 100...
2025-05-09 19:20:26,013 - INFO - Updated Section 100
2025-05-09 19:20:26,013 - INFO - Processing Section 101...
2025-05-09 19:20:31,144 - INFO - Updated Section 101
2025-05-09 19:20:31,146 - INFO - Processing Section 102...
2025-05-09 19:20:34,550 - INFO - Updated Section 102
2025-05-09 19:20:34,551 - INFO - Processing Section 103...
2025-05-09 19:20:37,874 - INFO - Updated Section 103
2025-05-09 19:20:37,913 - INFO - Processing Section 104...
2025-05-09 19:20:43,648 - INFO - Updated Section 104
2025-05-09 19:20:43,671 - INFO - Processing Section 105...
2025-05-09 19:20:49,447 - INFO - Updated Section 105
2025-05-09 19:20:49,450 - INFO - Processing Section 106...
2025-05-09 19:20:54,179 - INFO - Updated Section 106
2025-05-09 19:20:54,182 - INFO - Processing Section 107...
2025-05-09 19:20:59,212 - INFO - Updated Section 107
2025-05-09 19:20:59,212 - INFO - Processing Section 108...
2025-05-09 19:21:12,705 - INFO - Updated Section 108
2025-05-09 19:21:12,714 - INFO - Processing Section 108A...
2025-05-09 19:21:27,995 - INFO - Updated Section 108A
2025-05-09 19:21:27,999 - INFO - Processing Section 109...
2025-05-09 19:21:33,125 - INFO - Updated Section 109
2025-05-09 19:21:33,135 - INFO - Processing Section 110...
2025-05-09 19:21:37,350 - INFO - Updated Section 110
2025-05-09 19:21:37,359 - INFO - Processing Section 111...
2025-05-09 19:21:41,869 - INFO - Updated Section 111
2025-05-09 19:21:41,869 - INFO - Processing Section 112...
2025-05-09 19:21:45,955 - INFO - Updated Section 112
2025-05-09 19:21:45,955 - INFO - Processing Section 113...
2025-05-09 19:21:49,968 - INFO - Updated Section 113
2025-05-09 19:21:49,968 - INFO - Processing Section 114...
2025-05-09 19:21:56,004 - INFO - Updated Section 114
2025-05-09 19:21:56,004 - INFO - Processing Section 115...
2025-05-09 19:22:01,119 - INFO - Updated Section 115
2025-05-09 19:22:01,119 - INFO - Processing Section 116...
2025-05-09 19:22:05,350 - INFO - Updated Section 116
2025-05-09 19:22:05,357 - INFO - Processing Section 117...
2025-05-09 19:22:11,397 - INFO - Updated Section 117
2025-05-09 19:22:11,399 - INFO - Processing Section 118...
2025-05-09 19:22:18,311 - INFO - Updated Section 118
2025-05-09 19:22:18,311 - INFO - Processing Section 119...
2025-05-09 19:22:24,325 - INFO - Updated Section 119
2025-05-09 19:22:24,328 - INFO - Processing Section 120...
2025-05-09 19:22:30,283 - INFO - Updated Section 120
2025-05-09 19:22:30,283 - INFO - Processing Section 120A...
2025-05-09 19:22:33,715 - INFO - Updated Section 120A
2025-05-09 19:22:33,718 - INFO - Processing Section 120B...
2025-05-09 19:22:43,503 - INFO - Updated Section 120B
2025-05-09 19:22:43,503 - INFO - Processing Section 121...
2025-05-09 19:22:48,084 - INFO - Updated Section 121
2025-05-09 19:22:48,084 - INFO - Processing Section 121A...
2025-05-09 19:22:54,032 - INFO - Updated Section 121A
2025-05-09 19:22:54,032 - INFO - Processing Section 122...
2025-05-09 19:22:57,985 - INFO - Updated Section 122
2025-05-09 19:22:57,985 - INFO - Processing Section 123...
2025-05-09 19:23:03,534 - INFO - Updated Section 123
2025-05-09 19:23:03,542 - INFO - Processing Section 124...
2025-05-09 19:23:08,594 - INFO - Updated Section 124
2025-05-09 19:23:08,598 - INFO - Processing Section 124A...
2025-05-09 19:23:14,628 - INFO - Updated Section 124A
2025-05-09 19:23:14,631 - INFO - Processing Section 125...
2025-05-09 19:23:19,327 - INFO - Updated Section 125
2025-05-09 19:23:19,340 - INFO - Processing Section 126...
2025-05-09 19:23:22,877 - INFO - Updated Section 126
2025-05-09 19:23:22,877 - INFO - Processing Section 127...
2025-05-09 19:23:27,259 - INFO - Updated Section 127
2025-05-09 19:23:27,259 - INFO - Processing Section 128...
2025-05-09 19:23:32,552 - INFO - Updated Section 128
2025-05-09 19:23:32,556 - INFO - Processing Section 129...
2025-05-09 19:23:37,189 - INFO - Updated Section 129
2025-05-09 19:23:37,193 - INFO - Processing Section 130...
2025-05-09 19:23:42,540 - INFO - Updated Section 130
2025-05-09 19:23:42,556 - INFO - Processing Section 131...
2025-05-09 19:23:46,427 - INFO - Updated Section 131
2025-05-09 19:23:46,427 - INFO - Processing Section 132...
2025-05-09 19:23:50,916 - INFO - Updated Section 132
2025-05-09 19:23:50,916 - INFO - Processing Section 133...
2025-05-09 19:23:56,516 - INFO - Updated Section 133
2025-05-09 19:23:56,523 - INFO - Processing Section 134...
2025-05-09 19:24:01,210 - INFO - Updated Section 134
2025-05-09 19:24:01,210 - INFO - Processing Section 135...
2025-05-09 19:24:07,665 - INFO - Updated Section 135
2025-05-09 19:24:07,669 - INFO - Processing Section 136...
2025-05-09 19:24:10,915 - INFO - Updated Section 136
2025-05-09 19:24:10,915 - INFO - Processing Section 137...
2025-05-09 19:24:15,928 - INFO - Updated Section 137
2025-05-09 19:24:15,928 - INFO - Processing Section 138...
2025-05-09 19:24:20,916 - INFO - Updated Section 138
2025-05-09 19:24:20,917 - INFO - Processing Section 138A...
2025-05-09 19:24:24,433 - INFO - Updated Section 138A
2025-05-09 19:24:24,438 - INFO - Processing Section 139...
2025-05-09 19:24:28,527 - INFO - Updated Section 139
2025-05-09 19:24:28,530 - INFO - Processing Section 140...
2025-05-09 19:24:33,715 - INFO - Updated Section 140
2025-05-09 19:24:33,715 - INFO - Processing Section 141...
2025-05-09 19:24:41,189 - INFO - Updated Section 141
2025-05-09 19:24:41,191 - INFO - Processing Section 142...
2025-05-09 19:24:46,430 - INFO - Updated Section 142
2025-05-09 19:24:46,434 - INFO - Processing Section 143...
2025-05-09 19:24:51,064 - INFO - Updated Section 143
2025-05-09 19:24:51,064 - INFO - Processing Section 144...
2025-05-09 19:24:55,992 - INFO - Updated Section 144
2025-05-09 19:24:55,992 - INFO - Processing Section 145...
2025-05-09 19:24:59,795 - INFO - Updated Section 145
2025-05-09 19:24:59,808 - INFO - Processing Section 146...
2025-05-09 19:25:05,423 - INFO - Updated Section 146
2025-05-09 19:25:05,423 - INFO - Processing Section 147...
2025-05-09 19:25:11,165 - INFO - Updated Section 147
2025-05-09 19:25:11,166 - INFO - Processing Section 148...
2025-05-09 19:25:14,604 - INFO - Updated Section 148
2025-05-09 19:25:14,604 - INFO - Processing Section 149...
2025-05-09 19:25:17,807 - INFO - Updated Section 149
2025-05-09 19:25:17,807 - INFO - Processing Section 150...
2025-05-09 19:25:21,292 - INFO - Updated Section 150
2025-05-09 19:25:21,298 - INFO - Processing Section 151...
2025-05-09 19:25:25,346 - INFO - Updated Section 151
2025-05-09 19:25:25,346 - INFO - Processing Section 152...
2025-05-09 19:25:31,480 - INFO - Updated Section 152
2025-05-09 19:25:31,480 - INFO - Processing Section 153...
2025-05-09 19:25:37,635 - INFO - Updated Section 153
2025-05-09 19:25:37,636 - INFO - Processing Section 153A...
2025-05-09 19:25:42,873 - INFO - Updated Section 153A
2025-05-09 19:25:42,873 - INFO - Processing Section 153AA...
2025-05-09 19:25:48,030 - INFO - Updated Section 153AA
2025-05-09 19:25:48,034 - INFO - Processing Section 153B...
2025-05-09 19:25:51,762 - INFO - Updated Section 153B
2025-05-09 19:25:51,762 - INFO - Processing Section 154...
2025-05-09 19:25:57,652 - INFO - Updated Section 154
2025-05-09 19:25:57,657 - INFO - Processing Section 155...
2025-05-09 19:26:03,483 - INFO - Updated Section 155
2025-05-09 19:26:03,489 - INFO - Processing Section 156...
2025-05-09 19:26:09,110 - INFO - Updated Section 156
2025-05-09 19:26:09,126 - INFO - Processing Section 157...
2025-05-09 19:26:13,102 - INFO - Updated Section 157
2025-05-09 19:26:13,102 - INFO - Processing Section 158...
2025-05-09 19:26:19,272 - INFO - Updated Section 158
2025-05-09 19:26:19,275 - INFO - Processing Section 159...
2025-05-09 19:26:25,598 - INFO - Updated Section 159
2025-05-09 19:26:25,598 - INFO - Processing Section 160...
2025-05-09 19:26:30,603 - INFO - Updated Section 160
2025-05-09 19:26:30,608 - INFO - Processing Section 161...
2025-05-09 19:26:37,516 - INFO - Updated Section 161
2025-05-09 19:26:37,516 - INFO - Processing Section 162...
2025-05-09 19:26:43,439 - INFO - Updated Section 162
2025-05-09 19:26:43,442 - INFO - Processing Section 163...
2025-05-09 19:26:50,447 - INFO - Updated Section 163
2025-05-09 19:26:50,451 - INFO - Processing Section 164...
2025-05-09 19:26:54,325 - INFO - Updated Section 164
2025-05-09 19:26:54,329 - INFO - Processing Section 165...
2025-05-09 19:27:00,036 - INFO - Updated Section 165
2025-05-09 19:27:00,039 - INFO - Processing Section 165A...
2025-05-09 19:27:04,507 - INFO - Updated Section 165A
2025-05-09 19:27:04,507 - INFO - Processing Section 166...
2025-05-09 19:27:09,323 - INFO - Updated Section 166
2025-05-09 19:27:09,329 - INFO - Processing Section 166A...
2025-05-09 19:27:14,080 - INFO - Updated Section 166A
2025-05-09 19:27:14,080 - INFO - Processing Section 166B...
2025-05-09 19:27:19,746 - INFO - Updated Section 166B
2025-05-09 19:27:19,749 - INFO - Processing Section 167...
2025-05-09 19:27:25,077 - INFO - Updated Section 167
2025-05-09 19:27:25,077 - INFO - Processing Section 168...
2025-05-09 19:27:29,009 - INFO - Updated Section 168
2025-05-09 19:27:29,009 - INFO - Processing Section 169...
2025-05-09 19:27:33,786 - INFO - Updated Section 169
2025-05-09 19:27:33,799 - INFO - Processing Section 170...
2025-05-09 19:27:39,965 - INFO - Updated Section 170
2025-05-09 19:27:39,967 - INFO - Processing Section 171...
2025-05-09 19:27:44,034 - INFO - Updated Section 171
2025-05-09 19:27:44,034 - INFO - Processing Section 171A...
2025-05-09 19:27:49,259 - INFO - Updated Section 171A
2025-05-09 19:27:49,267 - INFO - Processing Section 171B...
2025-05-09 19:27:55,355 - INFO - Updated Section 171B
2025-05-09 19:27:55,355 - INFO - Processing Section 171C...
2025-05-09 19:28:00,082 - INFO - Updated Section 171C
2025-05-09 19:28:00,082 - INFO - Processing Section 171D...
2025-05-09 19:28:05,294 - INFO - Updated Section 171D
2025-05-09 19:28:05,294 - INFO - Processing Section 171E...
2025-05-09 19:28:11,270 - INFO - Updated Section 171E
2025-05-09 19:28:11,282 - INFO - Processing Section 171F...
2025-05-09 19:28:17,488 - INFO - Updated Section 171F
2025-05-09 19:28:17,493 - INFO - Processing Section 171G...
2025-05-09 19:28:21,680 - INFO - Updated Section 171G
2025-05-09 19:28:21,686 - INFO - Processing Section 171H...
2025-05-09 19:28:26,968 - INFO - Updated Section 171H
2025-05-09 19:28:26,971 - INFO - Processing Section 171I...
2025-05-09 19:28:32,884 - INFO - Updated Section 171I
2025-05-09 19:28:32,884 - INFO - Processing Section 172...
2025-05-09 19:28:36,420 - INFO - Updated Section 172
2025-05-09 19:28:36,420 - INFO - Processing Section 173...
2025-05-09 19:28:40,810 - INFO - Updated Section 173
2025-05-09 19:28:40,810 - INFO - Processing Section 174...
2025-05-09 19:28:45,616 - INFO - Updated Section 174
2025-05-09 19:28:45,622 - INFO - Processing Section 174A...
2025-05-09 19:28:49,609 - INFO - Updated Section 174A
2025-05-09 19:28:49,612 - INFO - Processing Section 175...
2025-05-09 19:28:53,377 - INFO - Updated Section 175
2025-05-09 19:28:53,381 - INFO - Processing Section 176...
2025-05-09 19:28:59,492 - INFO - Updated Section 176
2025-05-09 19:28:59,497 - INFO - Processing Section 177...
2025-05-09 19:29:03,130 - INFO - Updated Section 177
2025-05-09 19:29:03,130 - INFO - Processing Section 178...
2025-05-09 19:29:08,294 - INFO - Updated Section 178
2025-05-09 19:29:08,306 - INFO - Processing Section 179...
2025-05-09 19:29:12,604 - INFO - Updated Section 179
2025-05-09 19:29:12,607 - INFO - Processing Section 180...
2025-05-09 19:29:17,792 - INFO - Updated Section 180
2025-05-09 19:29:17,792 - INFO - Processing Section 181...
2025-05-09 19:29:22,702 - INFO - Updated Section 181
2025-05-09 19:29:22,702 - INFO - Processing Section 182...
2025-05-09 19:29:30,996 - INFO - Updated Section 182
2025-05-09 19:29:31,006 - INFO - Processing Section 183...
2025-05-09 19:29:35,692 - INFO - Updated Section 183
2025-05-09 19:29:35,692 - INFO - Processing Section 184...
2025-05-09 19:29:39,259 - INFO - Updated Section 184
2025-05-09 19:29:39,260 - INFO - Processing Section 185...
2025-05-09 19:29:43,397 - INFO - Updated Section 185
2025-05-09 19:29:43,397 - INFO - Processing Section 186...
2025-05-09 19:29:48,415 - INFO - Updated Section 186
2025-05-09 19:29:48,420 - INFO - Processing Section 187...
2025-05-09 19:29:52,896 - INFO - Updated Section 187
2025-05-09 19:29:52,896 - INFO - Processing Section 188...
2025-05-09 19:29:57,786 - INFO - Updated Section 188
2025-05-09 19:29:57,791 - INFO - Processing Section 189...
2025-05-09 19:30:02,771 - INFO - Updated Section 189
2025-05-09 19:30:02,771 - INFO - Processing Section 190...
2025-05-09 19:30:06,808 - INFO - Updated Section 190
2025-05-09 19:30:06,808 - INFO - Processing Section 191...
2025-05-09 19:30:13,061 - INFO - Updated Section 191
2025-05-09 19:30:13,061 - INFO - Processing Section 192...
2025-05-09 19:30:18,465 - INFO - Updated Section 192
2025-05-09 19:30:18,465 - INFO - Processing Section 193...
2025-05-09 19:30:23,280 - INFO - Updated Section 193
2025-05-09 19:30:23,280 - INFO - Processing Section 194...
2025-05-09 19:30:28,391 - INFO - Updated Section 194
2025-05-09 19:30:28,396 - INFO - Processing Section 195...
2025-05-09 19:30:33,144 - INFO - Updated Section 195
2025-05-09 19:30:33,144 - INFO - Processing Section 195A...
2025-05-09 19:30:37,938 - INFO - Updated Section 195A
2025-05-09 19:30:37,944 - INFO - Processing Section 196...
2025-05-09 19:30:45,055 - INFO - Updated Section 196
2025-05-09 19:30:45,067 - INFO - Processing Section 197...
2025-05-09 19:30:49,858 - INFO - Updated Section 197
2025-05-09 19:30:49,873 - INFO - Processing Section 198...
2025-05-09 19:30:54,938 - INFO - Updated Section 198
2025-05-09 19:30:54,938 - INFO - Processing Section 199...
2025-05-09 19:31:02,926 - INFO - Updated Section 199
2025-05-09 19:31:02,931 - INFO - Processing Section 200...
2025-05-09 19:31:13,341 - INFO - Updated Section 200
2025-05-09 19:31:13,345 - INFO - Processing Section 201...
2025-05-09 19:31:20,138 - INFO - Updated Section 201
2025-05-09 19:31:20,138 - INFO - Processing Section 202...
2025-05-09 19:31:38,119 - INFO - Updated Section 202
2025-05-09 19:31:38,119 - INFO - Processing Section 203...
2025-05-09 19:31:45,969 - INFO - Updated Section 203
2025-05-09 19:31:45,978 - INFO - Processing Section 204...
2025-05-09 19:31:57,108 - INFO - Updated Section 204
2025-05-09 19:31:57,108 - INFO - Processing Section 205...
2025-05-09 19:32:06,060 - INFO - Updated Section 205
2025-05-09 19:32:06,065 - INFO - Processing Section 206...
2025-05-09 19:32:17,257 - INFO - Updated Section 206
2025-05-09 19:32:17,257 - INFO - Processing Section 207...
2025-05-09 19:32:20,585 - INFO - Updated Section 207
2025-05-09 19:32:20,590 - INFO - Processing Section 208...
2025-05-09 19:32:30,024 - INFO - Updated Section 208
2025-05-09 19:32:30,027 - INFO - Processing Section 209...
2025-05-09 19:32:35,790 - INFO - Updated Section 209
2025-05-09 19:32:35,791 - INFO - Processing Section 210...
2025-05-09 19:32:38,996 - INFO - Updated Section 210
2025-05-09 19:32:38,996 - INFO - Processing Section 211...
2025-05-09 19:32:44,102 - INFO - Updated Section 211
2025-05-09 19:32:44,108 - INFO - Processing Section 212...
2025-05-09 19:32:50,739 - INFO - Updated Section 212
2025-05-09 19:32:50,740 - INFO - Processing Section 213...
2025-05-09 19:32:58,222 - INFO - Updated Section 213
2025-05-09 19:32:58,222 - INFO - Processing Section 214...
2025-05-09 19:33:05,286 - INFO - Updated Section 214
2025-05-09 19:33:05,286 - INFO - Processing Section 215...
2025-05-09 19:33:11,636 - INFO - Updated Section 215
2025-05-09 19:33:11,639 - INFO - Processing Section 216...
2025-05-09 19:33:17,389 - INFO - Updated Section 216
2025-05-09 19:33:17,403 - INFO - Processing Section 216A...
2025-05-09 19:33:22,976 - INFO - Updated Section 216A
2025-05-09 19:33:22,976 - INFO - Processing Section 216B...
2025-05-09 19:33:28,558 - INFO - Updated Section 216B
2025-05-09 19:33:28,564 - INFO - Processing Section 217...
2025-05-09 19:33:34,466 - INFO - Updated Section 217
2025-05-09 19:33:34,484 - INFO - Processing Section 218...
2025-05-09 19:33:39,044 - INFO - Updated Section 218
2025-05-09 19:33:39,044 - INFO - Processing Section 219...
2025-05-09 19:33:44,985 - INFO - Updated Section 219
2025-05-09 19:33:44,987 - INFO - Processing Section 220...
2025-05-09 19:33:51,090 - INFO - Updated Section 220
2025-05-09 19:33:51,093 - INFO - Processing Section 221...
2025-05-09 19:33:55,477 - INFO - Updated Section 221
2025-05-09 19:33:55,477 - INFO - Processing Section 222...
2025-05-09 19:34:01,347 - INFO - Updated Section 222
2025-05-09 19:34:01,347 - INFO - Processing Section 223...
2025-05-09 19:34:05,781 - INFO - Updated Section 223
2025-05-09 19:34:05,785 - INFO - Processing Section 224...
2025-05-09 19:34:09,269 - INFO - Updated Section 224
2025-05-09 19:34:09,272 - INFO - Processing Section 225...
2025-05-09 19:34:13,982 - INFO - Updated Section 225
2025-05-09 19:34:13,998 - INFO - Processing Section 225A...
2025-05-09 19:34:23,045 - INFO - Updated Section 225A
2025-05-09 19:34:23,045 - INFO - Processing Section 225B...
2025-05-09 19:34:29,124 - INFO - Updated Section 225B
2025-05-09 19:34:29,124 - INFO - Processing Section 226...
2025-05-09 19:34:33,734 - INFO - Updated Section 226
2025-05-09 19:34:33,734 - INFO - Processing Section 227...
2025-05-09 19:34:39,753 - INFO - Updated Section 227
2025-05-09 19:34:39,753 - INFO - Processing Section 228...
2025-05-09 19:34:45,636 - INFO - Updated Section 228
2025-05-09 19:34:45,643 - INFO - Processing Section 228A...
2025-05-09 19:34:55,585 - INFO - Updated Section 228A
2025-05-09 19:34:55,589 - INFO - Processing Section 229...
2025-05-09 19:35:00,722 - INFO - Updated Section 229
2025-05-09 19:35:00,722 - INFO - Processing Section 229A...
2025-05-09 19:35:05,327 - INFO - Updated Section 229A
2025-05-09 19:35:05,327 - INFO - Processing Section 230...
2025-05-09 19:35:10,064 - INFO - Updated Section 230
2025-05-09 19:35:10,067 - INFO - Processing Section 231...
2025-05-09 19:35:15,665 - INFO - Updated Section 231
2025-05-09 19:35:15,668 - INFO - Processing Section 232...
2025-05-09 19:35:21,330 - INFO - Updated Section 232
2025-05-09 19:35:21,338 - INFO - Processing Section 233...
2025-05-09 19:35:24,547 - INFO - Updated Section 233
2025-05-09 19:35:24,547 - INFO - Processing Section 234...
2025-05-09 19:35:29,679 - INFO - Updated Section 234
2025-05-09 19:35:29,679 - INFO - Processing Section 235...
2025-05-09 19:35:33,282 - INFO - Updated Section 235
2025-05-09 19:35:33,287 - INFO - Processing Section 236...
2025-05-09 19:35:36,852 - INFO - Updated Section 236
2025-05-09 19:35:36,852 - INFO - Processing Section 237...
2025-05-09 19:35:41,736 - INFO - Updated Section 237
2025-05-09 19:35:41,750 - INFO - Processing Section 238...
2025-05-09 19:35:46,685 - INFO - Updated Section 238
2025-05-09 19:35:46,689 - INFO - Processing Section 239...
2025-05-09 19:35:52,130 - INFO - Updated Section 239
2025-05-09 19:35:52,130 - INFO - Processing Section 240...
2025-05-09 19:35:56,400 - INFO - Updated Section 240
2025-05-09 19:35:56,400 - INFO - Processing Section 241...
2025-05-09 19:36:01,523 - INFO - Updated Section 241
2025-05-09 19:36:01,525 - INFO - Processing Section 242...
2025-05-09 19:36:07,551 - INFO - Updated Section 242
2025-05-09 19:36:07,555 - INFO - Processing Section 243...
2025-05-09 19:36:13,679 - INFO - Updated Section 243
2025-05-09 19:36:13,679 - INFO - Processing Section 244...
2025-05-09 19:36:18,092 - INFO - Updated Section 244
2025-05-09 19:36:18,092 - INFO - Processing Section 245...
2025-05-09 19:36:21,487 - INFO - Updated Section 245
2025-05-09 19:36:21,487 - INFO - Processing Section 246...
2025-05-09 19:36:26,958 - INFO - Updated Section 246
2025-05-09 19:36:26,958 - INFO - Processing Section 247...
2025-05-09 19:36:32,208 - INFO - Updated Section 247
2025-05-09 19:36:32,208 - INFO - Processing Section 248...
2025-05-09 19:36:36,398 - INFO - Updated Section 248
2025-05-09 19:36:36,398 - INFO - Processing Section 249...
2025-05-09 19:36:41,280 - INFO - Updated Section 249
2025-05-09 19:36:41,280 - INFO - Processing Section 250...
2025-05-09 19:36:46,679 - INFO - Updated Section 250
2025-05-09 19:36:46,681 - INFO - Processing Section 251...
2025-05-09 19:36:50,002 - INFO - Updated Section 251
2025-05-09 19:36:50,007 - INFO - Processing Section 252...
2025-05-09 19:36:53,988 - INFO - Updated Section 252
2025-05-09 19:36:53,991 - INFO - Processing Section 253...
2025-05-09 19:36:58,532 - INFO - Updated Section 253
2025-05-09 19:36:58,534 - INFO - Processing Section 254...
2025-05-09 19:37:01,971 - INFO - Updated Section 254
2025-05-09 19:37:01,973 - INFO - Processing Section 255...
2025-05-09 19:37:05,969 - INFO - Updated Section 255
2025-05-09 19:37:05,973 - INFO - Processing Section 256...
2025-05-09 19:37:10,433 - INFO - Updated Section 256
2025-05-09 19:37:10,435 - INFO - Processing Section 257...
2025-05-09 19:37:15,792 - INFO - Updated Section 257
2025-05-09 19:37:15,795 - INFO - Processing Section 258...
2025-05-09 19:37:21,517 - INFO - Updated Section 258
2025-05-09 19:37:21,517 - INFO - Processing Section 259...
2025-05-09 19:37:26,209 - INFO - Updated Section 259
2025-05-09 19:37:26,211 - INFO - Processing Section 260...
2025-05-09 19:37:31,625 - INFO - Updated Section 260
2025-05-09 19:37:31,625 - INFO - Processing Section 261...
2025-05-09 19:37:36,539 - INFO - Updated Section 261
2025-05-09 19:37:36,539 - INFO - Processing Section 262...
2025-05-09 19:37:41,183 - INFO - Updated Section 262
2025-05-09 19:37:41,183 - INFO - Processing Section 263...
2025-05-09 19:37:47,268 - INFO - Updated Section 263
2025-05-09 19:37:47,273 - INFO - Processing Section 263A...
2025-05-09 19:37:51,900 - INFO - Updated Section 263A
2025-05-09 19:37:51,900 - INFO - Processing Section 264...
2025-05-09 19:37:57,053 - INFO - Updated Section 264
2025-05-09 19:37:57,053 - INFO - Processing Section 265...
2025-05-09 19:38:02,922 - INFO - Updated Section 265
2025-05-09 19:38:02,924 - INFO - Processing Section 266...
2025-05-09 19:38:08,116 - INFO - Updated Section 266
2025-05-09 19:38:08,116 - INFO - Processing Section 267...
2025-05-09 19:38:14,213 - INFO - Updated Section 267
2025-05-09 19:38:14,217 - INFO - Processing Section 268...
2025-05-09 19:38:17,671 - INFO - Updated Section 268
2025-05-09 19:38:17,675 - INFO - Processing Section 269...
2025-05-09 19:38:23,475 - INFO - Updated Section 269
2025-05-09 19:38:23,475 - INFO - Processing Section 270...
2025-05-09 19:38:27,170 - INFO - Updated Section 270
2025-05-09 19:38:27,177 - INFO - Processing Section 271...
2025-05-09 19:38:32,243 - INFO - Updated Section 271
2025-05-09 19:38:32,248 - INFO - Processing Section 272...
2025-05-09 19:38:35,533 - INFO - Updated Section 272
2025-05-09 19:38:35,536 - INFO - Processing Section 273...
2025-05-09 19:38:40,688 - INFO - Updated Section 273
2025-05-09 19:38:40,688 - INFO - Processing Section 274...
2025-05-09 19:38:44,042 - INFO - Updated Section 274
2025-05-09 19:38:44,042 - INFO - Processing Section 275...
2025-05-09 19:38:49,146 - INFO - Updated Section 275
2025-05-09 19:38:49,150 - INFO - Processing Section 276...
2025-05-09 19:38:53,134 - INFO - Updated Section 276
2025-05-09 19:38:53,134 - INFO - Processing Section 277...
2025-05-09 19:38:58,254 - INFO - Updated Section 277
2025-05-09 19:38:58,254 - INFO - Processing Section 278...
2025-05-09 19:39:02,383 - INFO - Updated Section 278
2025-05-09 19:39:02,386 - INFO - Processing Section 279...
2025-05-09 19:39:07,034 - INFO - Updated Section 279
2025-05-09 19:39:07,034 - INFO - Processing Section 280...
2025-05-09 19:39:11,425 - INFO - Updated Section 280
2025-05-09 19:39:11,429 - INFO - Processing Section 281...
2025-05-09 19:39:15,374 - INFO - Updated Section 281
2025-05-09 19:39:15,388 - INFO - Processing Section 282...
2025-05-09 19:39:18,715 - INFO - Updated Section 282
2025-05-09 19:39:18,715 - INFO - Processing Section 283...
2025-05-09 19:39:22,748 - INFO - Updated Section 283
2025-05-09 19:39:22,765 - INFO - Processing Section 284...
2025-05-09 19:39:26,247 - INFO - Updated Section 284
2025-05-09 19:39:26,252 - INFO - Processing Section 285...
2025-05-09 19:39:29,823 - INFO - Updated Section 285
2025-05-09 19:39:29,827 - INFO - Processing Section 286...
2025-05-09 19:39:35,717 - INFO - Updated Section 286
2025-05-09 19:39:35,719 - INFO - Processing Section 287...
2025-05-09 19:39:41,009 - INFO - Updated Section 287
2025-05-09 19:39:41,017 - INFO - Processing Section 288...
2025-05-09 19:39:44,957 - INFO - Updated Section 288
2025-05-09 19:39:44,957 - INFO - Processing Section 289...
2025-05-09 19:39:48,713 - INFO - Updated Section 289
2025-05-09 19:39:48,713 - INFO - Processing Section 290...
2025-05-09 19:39:53,040 - INFO - Updated Section 290
2025-05-09 19:39:53,040 - INFO - Processing Section 291...
2025-05-09 19:39:58,323 - INFO - Updated Section 291
2025-05-09 19:39:58,323 - INFO - Processing Section 292...
2025-05-09 19:40:04,584 - INFO - Updated Section 292
2025-05-09 19:40:04,584 - INFO - Processing Section 293...
2025-05-09 19:40:10,180 - INFO - Updated Section 293
2025-05-09 19:40:10,183 - INFO - Processing Section 294...
2025-05-09 19:40:14,865 - INFO - Updated Section 294
2025-05-09 19:40:14,865 - INFO - Processing Section 294A...
2025-05-09 19:40:18,886 - INFO - Updated Section 294A
2025-05-09 19:40:18,886 - INFO - Processing Section 295...
2025-05-09 19:40:23,001 - INFO - Updated Section 295
2025-05-09 19:40:23,001 - INFO - Processing Section 295A...
2025-05-09 19:40:27,041 - INFO - Updated Section 295A
2025-05-09 19:40:27,041 - INFO - Processing Section 296...
2025-05-09 19:40:33,008 - INFO - Updated Section 296
2025-05-09 19:40:33,013 - INFO - Processing Section 297...
2025-05-09 19:40:38,131 - INFO - Updated Section 297
2025-05-09 19:40:38,131 - INFO - Processing Section 298...
2025-05-09 19:40:42,355 - INFO - Updated Section 298
2025-05-09 19:40:42,355 - INFO - Processing Section 299...
2025-05-09 19:40:47,645 - INFO - Updated Section 299
2025-05-09 19:40:47,652 - INFO - Processing Section 300...
2025-05-09 19:40:52,742 - INFO - Updated Section 300
2025-05-09 19:40:52,759 - INFO - Processing Section 301...
2025-05-09 19:40:57,259 - INFO - Updated Section 301
2025-05-09 19:40:57,270 - INFO - Processing Section 302...
2025-05-09 19:41:02,154 - INFO - Updated Section 302
2025-05-09 19:41:02,154 - INFO - Processing Section 303...
2025-05-09 19:41:08,209 - INFO - Updated Section 303
2025-05-09 19:41:08,209 - INFO - Processing Section 304...
2025-05-09 19:41:14,244 - INFO - Updated Section 304
2025-05-09 19:41:14,246 - INFO - Processing Section 304A...
2025-05-09 19:41:17,999 - INFO - Updated Section 304A
2025-05-09 19:41:18,000 - INFO - Processing Section 304B...
2025-05-09 19:41:23,592 - INFO - Updated Section 304B
2025-05-09 19:41:23,593 - INFO - Processing Section 305...
2025-05-09 19:41:28,648 - INFO - Updated Section 305
2025-05-09 19:41:28,650 - INFO - Processing Section 306...
2025-05-09 19:41:32,929 - INFO - Updated Section 306
2025-05-09 19:41:32,932 - INFO - Processing Section 307...
2025-05-09 19:41:37,837 - INFO - Updated Section 307
2025-05-09 19:41:37,844 - INFO - Processing Section 308...
2025-05-09 19:41:41,096 - INFO - Updated Section 308
2025-05-09 19:41:41,096 - INFO - Processing Section 309...
2025-05-09 19:41:44,864 - INFO - Updated Section 309
2025-05-09 19:41:44,868 - INFO - Processing Section 310...
2025-05-09 19:41:48,530 - INFO - Updated Section 310
2025-05-09 19:41:48,534 - INFO - Processing Section 311...
2025-05-09 19:41:54,489 - INFO - Updated Section 311
2025-05-09 19:41:54,494 - INFO - Processing Section 312...
2025-05-09 19:41:58,612 - INFO - Updated Section 312
2025-05-09 19:41:58,612 - INFO - Processing Section 313...
2025-05-09 19:42:04,792 - INFO - Updated Section 313
2025-05-09 19:42:04,795 - INFO - Processing Section 314...
2025-05-09 19:42:08,838 - INFO - Updated Section 314
2025-05-09 19:42:08,842 - INFO - Processing Section 315...
2025-05-09 19:42:13,342 - INFO - Updated Section 315
2025-05-09 19:42:13,345 - INFO - Processing Section 316...
2025-05-09 19:42:17,618 - INFO - Updated Section 316
2025-05-09 19:42:17,621 - INFO - Processing Section 317...
2025-05-09 19:42:23,356 - INFO - Updated Section 317
2025-05-09 19:42:23,360 - INFO - Processing Section 318...
2025-05-09 19:42:27,591 - INFO - Updated Section 318
2025-05-09 19:42:27,594 - INFO - Processing Section 319...
2025-05-09 19:42:32,914 - INFO - Updated Section 319
2025-05-09 19:42:32,917 - INFO - Processing Section 320...
2025-05-09 19:42:37,280 - INFO - Updated Section 320
2025-05-09 19:42:37,280 - INFO - Processing Section 321...
2025-05-09 19:42:43,251 - INFO - Updated Section 321
2025-05-09 19:42:43,253 - INFO - Processing Section 322...
2025-05-09 19:42:47,321 - INFO - Updated Section 322
2025-05-09 19:42:47,326 - INFO - Processing Section 323...
2025-05-09 19:42:51,144 - INFO - Updated Section 323
2025-05-09 19:42:51,144 - INFO - Processing Section 324...
2025-05-09 19:42:54,388 - INFO - Updated Section 324
2025-05-09 19:42:54,388 - INFO - Processing Section 325...
2025-05-09 19:43:00,253 - INFO - Updated Section 325
2025-05-09 19:43:00,256 - INFO - Processing Section 326...
2025-05-09 19:43:05,256 - INFO - Updated Section 326
2025-05-09 19:43:05,257 - INFO - Processing Section 326A...
2025-05-09 19:43:08,810 - INFO - Updated Section 326A
2025-05-09 19:43:08,810 - INFO - Processing Section 326B...
2025-05-09 19:43:12,200 - INFO - Updated Section 326B
2025-05-09 19:43:12,200 - INFO - Processing Section 327...
2025-05-09 19:43:16,792 - INFO - Updated Section 327
2025-05-09 19:43:16,799 - INFO - Processing Section 328...
2025-05-09 19:43:20,944 - INFO - Updated Section 328
2025-05-09 19:43:20,944 - INFO - Processing Section 329...
2025-05-09 19:43:25,931 - INFO - Updated Section 329
2025-05-09 19:43:25,932 - INFO - Processing Section 330...
2025-05-09 19:43:31,616 - INFO - Updated Section 330
2025-05-09 19:43:31,618 - INFO - Processing Section 331...
2025-05-09 19:43:34,892 - INFO - Updated Section 331
2025-05-09 19:43:34,892 - INFO - Processing Section 332...
2025-05-09 19:43:40,154 - INFO - Updated Section 332
2025-05-09 19:43:40,154 - INFO - Processing Section 333...
2025-05-09 19:43:45,472 - INFO - Updated Section 333
2025-05-09 19:43:45,472 - INFO - Processing Section 334...
2025-05-09 19:43:50,594 - INFO - Updated Section 334
2025-05-09 19:43:50,597 - INFO - Processing Section 335...
2025-05-09 19:43:53,889 - INFO - Updated Section 335
2025-05-09 19:43:53,897 - INFO - Processing Section 336...
2025-05-09 19:43:58,058 - INFO - Updated Section 336
2025-05-09 19:43:58,065 - INFO - Processing Section 337...
2025-05-09 19:44:01,982 - INFO - Updated Section 337
2025-05-09 19:44:01,982 - INFO - Processing Section 338...
2025-05-09 19:44:07,873 - INFO - Updated Section 338
2025-05-09 19:44:07,874 - INFO - Processing Section 339...
2025-05-09 19:44:11,658 - INFO - Updated Section 339
2025-05-09 19:44:11,658 - INFO - Processing Section 340...
2025-05-09 19:44:17,027 - INFO - Updated Section 340
2025-05-09 19:44:17,027 - INFO - Processing Section 341...
2025-05-09 19:44:21,285 - INFO - Updated Section 341
2025-05-09 19:44:21,285 - INFO - Processing Section 342...
2025-05-09 19:44:27,292 - INFO - Updated Section 342
2025-05-09 19:44:27,297 - INFO - Processing Section 343...
2025-05-09 19:44:32,331 - INFO - Updated Section 343
2025-05-09 19:44:32,334 - INFO - Processing Section 344...
2025-05-09 19:44:38,438 - INFO - Updated Section 344
2025-05-09 19:44:38,441 - INFO - Processing Section 345...
2025-05-09 19:44:44,001 - INFO - Updated Section 345
2025-05-09 19:44:44,001 - INFO - Processing Section 346...
2025-05-09 19:44:48,546 - INFO - Updated Section 346
2025-05-09 19:44:48,546 - INFO - Processing Section 347...
2025-05-09 19:44:53,480 - INFO - Updated Section 347
2025-05-09 19:44:53,490 - INFO - Processing Section 348...
2025-05-09 19:44:57,439 - INFO - Updated Section 348
2025-05-09 19:44:57,439 - INFO - Processing Section 349...
2025-05-09 19:45:00,889 - INFO - Updated Section 349
2025-05-09 19:45:00,889 - INFO - Processing Section 350...
2025-05-09 19:45:04,979 - INFO - Updated Section 350
2025-05-09 19:45:04,979 - INFO - Processing Section 351...
2025-05-09 19:45:11,060 - INFO - Updated Section 351
2025-05-09 19:45:11,061 - INFO - Processing Section 352...
2025-05-09 19:45:17,244 - INFO - Updated Section 352
2025-05-09 19:45:17,257 - INFO - Processing Section 353...
2025-05-09 19:45:23,434 - INFO - Updated Section 353
2025-05-09 19:45:23,438 - INFO - Processing Section 354...
2025-05-09 19:45:28,208 - INFO - Updated Section 354
2025-05-09 19:45:28,210 - INFO - Processing Section 354A...
2025-05-09 19:45:31,556 - INFO - Updated Section 354A
2025-05-09 19:45:31,563 - INFO - Processing Section 354B...
2025-05-09 19:45:35,875 - INFO - Updated Section 354B
2025-05-09 19:45:35,879 - INFO - Processing Section 354C...
2025-05-09 19:45:40,910 - INFO - Updated Section 354C
2025-05-09 19:45:40,914 - INFO - Processing Section 354D...
2025-05-09 19:45:46,506 - INFO - Updated Section 354D
2025-05-09 19:45:46,509 - INFO - Processing Section 355...
2025-05-09 19:45:52,056 - INFO - Updated Section 355
2025-05-09 19:45:52,070 - INFO - Processing Section 356...
2025-05-09 19:45:55,635 - INFO - Updated Section 356
2025-05-09 19:45:55,641 - INFO - Processing Section 357...
2025-05-09 19:46:01,227 - INFO - Updated Section 357
2025-05-09 19:46:01,227 - INFO - Processing Section 358...
2025-05-09 19:46:04,798 - INFO - Updated Section 358
2025-05-09 19:46:04,798 - INFO - Processing Section 359...
2025-05-09 19:46:09,291 - INFO - Updated Section 359
2025-05-09 19:46:09,291 - INFO - Processing Section 360...
2025-05-09 19:46:13,597 - INFO - Updated Section 360
2025-05-09 19:46:13,601 - INFO - Processing Section 361...
2025-05-09 19:46:17,624 - INFO - Updated Section 361
2025-05-09 19:46:17,624 - INFO - Processing Section 362...
2025-05-09 19:46:22,895 - INFO - Updated Section 362
2025-05-09 19:46:22,900 - INFO - Processing Section 363...
2025-05-09 19:46:26,596 - INFO - Updated Section 363
2025-05-09 19:46:26,598 - INFO - Processing Section 363A...
2025-05-09 19:46:31,848 - INFO - Updated Section 363A
2025-05-09 19:46:31,848 - INFO - Processing Section 364...
2025-05-09 19:46:35,572 - INFO - Updated Section 364
2025-05-09 19:46:35,575 - INFO - Processing Section 364A...
2025-05-09 19:46:39,324 - INFO - Updated Section 364A
2025-05-09 19:46:39,332 - INFO - Processing Section 365...
2025-05-09 19:46:43,249 - INFO - Updated Section 365
2025-05-09 19:46:43,249 - INFO - Processing Section 366...
2025-05-09 19:46:46,605 - INFO - Updated Section 366
2025-05-09 19:46:46,609 - INFO - Processing Section 366A...
2025-05-09 19:46:50,575 - INFO - Updated Section 366A
2025-05-09 19:46:50,578 - INFO - Processing Section 366B...
2025-05-09 19:46:56,056 - INFO - Updated Section 366B
2025-05-09 19:46:56,058 - INFO - Processing Section 367...
2025-05-09 19:47:00,327 - INFO - Updated Section 367
2025-05-09 19:47:00,327 - INFO - Processing Section 368...
2025-05-09 19:47:05,337 - INFO - Updated Section 368
2025-05-09 19:47:05,346 - INFO - Processing Section 369...
2025-05-09 19:47:09,616 - INFO - Updated Section 369
2025-05-09 19:47:09,616 - INFO - Processing Section 370...
2025-05-09 19:47:14,823 - INFO - Updated Section 370
2025-05-09 19:47:14,823 - INFO - Processing Section 370A...
2025-05-09 19:47:20,220 - INFO - Updated Section 370A
2025-05-09 19:47:20,231 - INFO - Processing Section 371...
2025-05-09 19:47:23,857 - INFO - Updated Section 371
2025-05-09 19:47:23,860 - INFO - Processing Section 372...
2025-05-09 19:47:28,832 - INFO - Updated Section 372
2025-05-09 19:47:28,834 - INFO - Processing Section 373...
2025-05-09 19:47:34,342 - INFO - Updated Section 373
2025-05-09 19:47:34,342 - INFO - Processing Section 374...
2025-05-09 19:47:39,206 - INFO - Updated Section 374
2025-05-09 19:47:39,211 - INFO - Processing Section 375...
2025-05-09 19:47:45,220 - INFO - Updated Section 375
2025-05-09 19:47:45,227 - INFO - Processing Section 376...
2025-05-09 19:47:48,646 - INFO - Updated Section 376
2025-05-09 19:47:48,646 - INFO - Processing Section 376A...
2025-05-09 19:47:54,790 - INFO - Updated Section 376A
2025-05-09 19:47:54,796 - INFO - Processing Section 376AB...
2025-05-09 19:47:58,859 - INFO - Updated Section 376AB
2025-05-09 19:47:58,859 - INFO - Processing Section 376B...
2025-05-09 19:48:02,910 - INFO - Updated Section 376B
2025-05-09 19:48:02,915 - INFO - Processing Section 376C...
2025-05-09 19:48:07,036 - INFO - Updated Section 376C
2025-05-09 19:48:07,044 - INFO - Processing Section 376D...
2025-05-09 19:48:11,398 - INFO - Updated Section 376D
2025-05-09 19:48:11,403 - INFO - Processing Section 376DA...
2025-05-09 19:48:16,998 - INFO - Updated Section 376DA
2025-05-09 19:48:16,998 - INFO - Processing Section 376DB...
2025-05-09 19:48:22,369 - INFO - Updated Section 376DB
2025-05-09 19:48:22,374 - INFO - Processing Section 376E...
2025-05-09 19:48:27,112 - INFO - Updated Section 376E
2025-05-09 19:48:27,112 - INFO - Processing Section 377...
2025-05-09 19:48:30,682 - INFO - Updated Section 377
2025-05-09 19:48:30,682 - INFO - Processing Section 378...
2025-05-09 19:48:35,268 - INFO - Updated Section 378
2025-05-09 19:48:35,272 - INFO - Processing Section 379...
2025-05-09 19:48:40,385 - INFO - Updated Section 379
2025-05-09 19:48:40,385 - INFO - Processing Section 380...
2025-05-09 19:48:44,656 - INFO - Updated Section 380
2025-05-09 19:48:44,656 - INFO - Processing Section 381...
2025-05-09 19:48:49,637 - INFO - Updated Section 381
2025-05-09 19:48:49,637 - INFO - Processing Section 382...
2025-05-09 19:48:55,651 - INFO - Updated Section 382
2025-05-09 19:48:55,654 - INFO - Processing Section 383...
2025-05-09 19:49:01,038 - INFO - Updated Section 383
2025-05-09 19:49:01,041 - INFO - Processing Section 384...
2025-05-09 19:49:04,761 - INFO - Updated Section 384
2025-05-09 19:49:04,761 - INFO - Processing Section 385...
2025-05-09 19:49:09,725 - INFO - Updated Section 385
2025-05-09 19:49:09,727 - INFO - Processing Section 386...
2025-05-09 19:49:15,430 - INFO - Updated Section 386
2025-05-09 19:49:15,430 - INFO - Processing Section 387...
2025-05-09 19:49:21,577 - INFO - Updated Section 387
2025-05-09 19:49:21,582 - INFO - Processing Section 388...
2025-05-09 19:49:25,177 - INFO - Updated Section 388
2025-05-09 19:49:25,177 - INFO - Processing Section 389...
2025-05-09 19:49:29,302 - INFO - Updated Section 389
2025-05-09 19:49:29,302 - INFO - Processing Section 390...
2025-05-09 19:49:34,481 - INFO - Updated Section 390
2025-05-09 19:49:34,481 - INFO - Processing Section 391...
2025-05-09 19:49:38,730 - INFO - Updated Section 391
2025-05-09 19:49:38,735 - INFO - Processing Section 392...
2025-05-09 19:49:43,675 - INFO - Updated Section 392
2025-05-09 19:49:43,675 - INFO - Processing Section 393...
2025-05-09 19:49:48,960 - INFO - Updated Section 393
2025-05-09 19:49:48,964 - INFO - Processing Section 394...
2025-05-09 19:49:53,087 - INFO - Updated Section 394
2025-05-09 19:49:53,092 - INFO - Processing Section 395...
2025-05-09 19:49:57,882 - INFO - Updated Section 395
2025-05-09 19:49:57,895 - INFO - Processing Section 396...
2025-05-09 19:50:02,826 - INFO - Updated Section 396
2025-05-09 19:50:02,829 - INFO - Processing Section 397...
2025-05-09 19:50:07,057 - INFO - Updated Section 397
2025-05-09 19:50:07,057 - INFO - Processing Section 398...
2025-05-09 19:50:12,365 - INFO - Updated Section 398
2025-05-09 19:50:12,370 - INFO - Processing Section 399...
2025-05-09 19:50:16,000 - INFO - Updated Section 399
2025-05-09 19:50:16,007 - INFO - Processing Section 400...
2025-05-09 19:50:19,709 - INFO - Updated Section 400
2025-05-09 19:50:19,710 - INFO - Processing Section 401...
2025-05-09 19:50:25,310 - INFO - Updated Section 401
2025-05-09 19:50:25,310 - INFO - Processing Section 402...
2025-05-09 19:50:30,526 - INFO - Updated Section 402
2025-05-09 19:50:30,526 - INFO - Processing Section 403...
2025-05-09 19:50:33,989 - INFO - Updated Section 403
2025-05-09 19:50:33,989 - INFO - Processing Section 404...
2025-05-09 19:50:38,203 - INFO - Updated Section 404
2025-05-09 19:50:38,207 - INFO - Processing Section 405...
2025-05-09 19:50:42,791 - INFO - Updated Section 405
2025-05-09 19:50:42,794 - INFO - Processing Section 406...
2025-05-09 19:50:46,106 - INFO - Updated Section 406
2025-05-09 19:50:46,106 - INFO - Processing Section 407...
2025-05-09 19:50:52,159 - INFO - Updated Section 407
2025-05-09 19:50:52,163 - INFO - Processing Section 408...
2025-05-09 19:50:55,511 - INFO - Updated Section 408
2025-05-09 19:50:55,511 - INFO - Processing Section 409...
2025-05-09 19:51:00,065 - INFO - Updated Section 409
2025-05-09 19:51:00,065 - INFO - Processing Section 410...
2025-05-09 19:51:04,943 - INFO - Updated Section 410
2025-05-09 19:51:04,943 - INFO - Processing Section 411...
2025-05-09 19:51:10,536 - INFO - Updated Section 411
2025-05-09 19:51:10,552 - INFO - Processing Section 412...
2025-05-09 19:51:14,098 - INFO - Updated Section 412
2025-05-09 19:51:14,103 - INFO - Processing Section 413...
2025-05-09 19:51:17,608 - INFO - Updated Section 413
2025-05-09 19:51:17,608 - INFO - Processing Section 414...
2025-05-09 19:51:23,389 - INFO - Updated Section 414
2025-05-09 19:51:23,389 - INFO - Processing Section 415...
2025-05-09 19:51:29,331 - INFO - Updated Section 415
2025-05-09 19:51:29,331 - INFO - Processing Section 416...
2025-05-09 19:51:32,939 - INFO - Updated Section 416
2025-05-09 19:51:32,941 - INFO - Processing Section 417...
2025-05-09 19:51:36,697 - INFO - Updated Section 417
2025-05-09 19:51:36,697 - INFO - Processing Section 418...
2025-05-09 19:51:42,102 - INFO - Updated Section 418
2025-05-09 19:51:42,102 - INFO - Processing Section 419...
2025-05-09 19:51:46,551 - INFO - Updated Section 419
2025-05-09 19:51:46,551 - INFO - Processing Section 420...
2025-05-09 19:51:52,002 - INFO - Updated Section 420
2025-05-09 19:51:52,004 - INFO - Processing Section 421...
2025-05-09 19:51:56,077 - INFO - Updated Section 421
2025-05-09 19:51:56,081 - INFO - Processing Section 422...
2025-05-09 19:52:01,541 - INFO - Updated Section 422
2025-05-09 19:52:01,549 - INFO - Processing Section 423...
2025-05-09 19:52:06,196 - INFO - Updated Section 423
2025-05-09 19:52:06,200 - INFO - Processing Section 424...
2025-05-09 19:52:09,793 - INFO - Updated Section 424
2025-05-09 19:52:09,793 - INFO - Processing Section 425...
2025-05-09 19:52:15,632 - INFO - Updated Section 425
2025-05-09 19:52:15,632 - INFO - Processing Section 426...
2025-05-09 19:52:19,291 - INFO - Updated Section 426
2025-05-09 19:52:19,291 - INFO - Processing Section 427...
2025-05-09 19:52:24,394 - INFO - Updated Section 427
2025-05-09 19:52:24,402 - INFO - Processing Section 428...
2025-05-09 19:52:28,976 - INFO - Updated Section 428
2025-05-09 19:52:28,977 - INFO - Processing Section 429...
2025-05-09 19:52:34,815 - INFO - Updated Section 429
2025-05-09 19:52:34,815 - INFO - Processing Section 430...
2025-05-09 19:52:40,537 - INFO - Updated Section 430
2025-05-09 19:52:40,545 - INFO - Processing Section 431...
2025-05-09 19:52:46,420 - INFO - Updated Section 431
2025-05-09 19:52:46,420 - INFO - Processing Section 432...
2025-05-09 19:52:50,571 - INFO - Updated Section 432
2025-05-09 19:52:50,576 - INFO - Processing Section 433...
2025-05-09 19:52:54,783 - INFO - Updated Section 433
2025-05-09 19:52:54,790 - INFO - Processing Section 434...
2025-05-09 19:52:59,469 - INFO - Updated Section 434
2025-05-09 19:52:59,472 - INFO - Processing Section 435...
2025-05-09 19:53:04,849 - INFO - Updated Section 435
2025-05-09 19:53:04,849 - INFO - Processing Section 436...
2025-05-09 19:53:09,261 - INFO - Updated Section 436
2025-05-09 19:53:09,265 - INFO - Processing Section 437...
2025-05-09 19:53:13,185 - INFO - Updated Section 437
2025-05-09 19:53:13,185 - INFO - Processing Section 438...
2025-05-09 19:53:19,080 - INFO - Updated Section 438
2025-05-09 19:53:19,080 - INFO - Processing Section 439...
2025-05-09 19:53:24,735 - INFO - Updated Section 439
2025-05-09 19:53:24,739 - INFO - Processing Section 440...
2025-05-09 19:53:29,658 - INFO - Updated Section 440
2025-05-09 19:53:29,658 - INFO - Processing Section 441...
2025-05-09 19:53:34,331 - INFO - Updated Section 441
2025-05-09 19:53:34,333 - INFO - Processing Section 442...
2025-05-09 19:53:38,620 - INFO - Updated Section 442
2025-05-09 19:53:38,620 - INFO - Processing Section 443...
2025-05-09 19:53:43,099 - INFO - Updated Section 443
2025-05-09 19:53:43,099 - INFO - Processing Section 444...
2025-05-09 19:53:46,616 - INFO - Updated Section 444
2025-05-09 19:53:46,616 - INFO - Processing Section 445...
2025-05-09 19:53:51,569 - INFO - Updated Section 445
2025-05-09 19:53:51,569 - INFO - Processing Section 446...
2025-05-09 19:53:55,692 - INFO - Updated Section 446
2025-05-09 19:53:55,698 - INFO - Processing Section 447...
2025-05-09 19:53:59,456 - INFO - Updated Section 447
2025-05-09 19:53:59,459 - INFO - Processing Section 448...
2025-05-09 19:54:03,480 - INFO - Updated Section 448
2025-05-09 19:54:03,483 - INFO - Processing Section 449...
2025-05-09 19:54:07,692 - INFO - Updated Section 449
2025-05-09 19:54:07,696 - INFO - Processing Section 450...
2025-05-09 19:54:12,913 - INFO - Updated Section 450
2025-05-09 19:54:12,916 - INFO - Processing Section 451...
2025-05-09 19:54:18,324 - INFO - Updated Section 451
2025-05-09 19:54:18,326 - INFO - Processing Section 452...
2025-05-09 19:54:22,655 - INFO - Updated Section 452
2025-05-09 19:54:22,658 - INFO - Processing Section 453...
2025-05-09 19:54:27,768 - INFO - Updated Section 453
2025-05-09 19:54:27,779 - INFO - Processing Section 454...
2025-05-09 19:54:31,185 - INFO - Updated Section 454
2025-05-09 19:54:31,185 - INFO - Processing Section 455...
2025-05-09 19:54:37,388 - INFO - Updated Section 455
2025-05-09 19:54:37,388 - INFO - Processing Section 456...
2025-05-09 19:54:41,244 - INFO - Updated Section 456
2025-05-09 19:54:41,244 - INFO - Processing Section 457...
2025-05-09 19:54:46,326 - INFO - Updated Section 457
2025-05-09 19:54:46,329 - INFO - Processing Section 458...
2025-05-09 19:54:51,260 - INFO - Updated Section 458
2025-05-09 19:54:51,260 - INFO - Processing Section 459...
2025-05-09 19:54:56,570 - INFO - Updated Section 459
2025-05-09 19:54:56,570 - INFO - Processing Section 460...
2025-05-09 19:55:01,991 - INFO - Updated Section 460
2025-05-09 19:55:01,995 - INFO - Processing Section 461...
2025-05-09 19:55:07,469 - INFO - Updated Section 461
2025-05-09 19:55:07,473 - INFO - Processing Section 462...
2025-05-09 19:55:11,442 - INFO - Updated Section 462
2025-05-09 19:55:11,442 - INFO - Processing Section 463...
2025-05-09 19:55:17,440 - INFO - Updated Section 463
2025-05-09 19:55:17,440 - INFO - Processing Section 464...
2025-05-09 19:55:23,422 - INFO - Updated Section 464
2025-05-09 19:55:23,422 - INFO - Processing Section 465...
2025-05-09 19:55:27,858 - INFO - Updated Section 465
2025-05-09 19:55:27,865 - INFO - Processing Section 466...
2025-05-09 19:55:33,609 - INFO - Updated Section 466
2025-05-09 19:55:33,609 - INFO - Processing Section 467...
2025-05-09 19:55:38,034 - INFO - Updated Section 467
2025-05-09 19:55:38,041 - INFO - Processing Section 468...
2025-05-09 19:55:42,455 - INFO - Updated Section 468
2025-05-09 19:55:42,455 - INFO - Processing Section 469...
2025-05-09 19:55:48,414 - INFO - Updated Section 469
2025-05-09 19:55:48,420 - INFO - Processing Section 470...
2025-05-09 19:55:53,518 - INFO - Updated Section 470
2025-05-09 19:55:53,518 - INFO - Processing Section 471...
2025-05-09 19:55:56,832 - INFO - Updated Section 471
2025-05-09 19:55:56,842 - INFO - Processing Section 472...
2025-05-09 19:56:02,436 - INFO - Updated Section 472
2025-05-09 19:56:02,447 - INFO - Processing Section 473...
2025-05-09 19:56:08,428 - INFO - Updated Section 473
2025-05-09 19:56:08,428 - INFO - Processing Section 474...
2025-05-09 19:56:12,622 - INFO - Updated Section 474
2025-05-09 19:56:12,624 - INFO - Processing Section 475...
2025-05-09 19:56:15,898 - INFO - Updated Section 475
2025-05-09 19:56:15,901 - INFO - Processing Section 476...
2025-05-09 19:56:21,967 - INFO - Updated Section 476
2025-05-09 19:56:21,975 - INFO - Processing Section 477...
2025-05-09 19:56:26,129 - INFO - Updated Section 477
2025-05-09 19:56:26,129 - INFO - Processing Section 477A...
2025-05-09 19:56:29,392 - INFO - Updated Section 477A
2025-05-09 19:56:29,392 - INFO - Processing Section 478...
2025-05-09 19:56:33,594 - INFO - Updated Section 478
2025-05-09 19:56:33,597 - INFO - Processing Section 479...
2025-05-09 19:56:39,033 - INFO - Updated Section 479
2025-05-09 19:56:39,033 - INFO - Processing Section 480...
2025-05-09 19:56:42,360 - INFO - Updated Section 480
2025-05-09 19:56:42,360 - INFO - Processing Section 481...
2025-05-09 19:56:46,849 - INFO - Updated Section 481
2025-05-09 19:56:46,854 - INFO - Processing Section 482...
2025-05-09 19:56:52,216 - INFO - Updated Section 482
2025-05-09 19:56:52,220 - INFO - Processing Section 483...
2025-05-09 19:56:56,617 - INFO - Updated Section 483
2025-05-09 19:56:56,617 - INFO - Processing Section 484...
2025-05-09 19:56:59,862 - INFO - Updated Section 484
2025-05-09 19:56:59,862 - INFO - Processing Section 485...
2025-05-09 19:57:04,383 - INFO - Updated Section 485
2025-05-09 19:57:04,386 - INFO - Processing Section 486...
2025-05-09 19:57:09,273 - INFO - Updated Section 486
2025-05-09 19:57:09,276 - INFO - Processing Section 487...
2025-05-09 19:57:15,041 - INFO - Updated Section 487
2025-05-09 19:57:15,043 - INFO - Processing Section 488...
2025-05-09 19:57:20,926 - INFO - Updated Section 488
2025-05-09 19:57:20,929 - INFO - Processing Section 489...
2025-05-09 19:57:26,751 - INFO - Updated Section 489
2025-05-09 19:57:26,751 - INFO - Processing Section 489A...
2025-05-09 19:57:30,568 - INFO - Updated Section 489A
2025-05-09 19:57:30,572 - INFO - Processing Section 489B...
2025-05-09 19:57:33,897 - INFO - Updated Section 489B
2025-05-09 19:57:33,900 - INFO - Processing Section 489C...
2025-05-09 19:57:38,518 - INFO - Updated Section 489C
2025-05-09 19:57:38,535 - INFO - Processing Section 489D...
2025-05-09 19:57:43,049 - INFO - Updated Section 489D
2025-05-09 19:57:43,049 - INFO - Processing Section 489E...
2025-05-09 19:57:48,231 - INFO - Updated Section 489E
2025-05-09 19:57:48,231 - INFO - Processing Section 490...
2025-05-09 19:57:53,556 - INFO - Updated Section 490
2025-05-09 19:57:53,571 - INFO - Processing Section 491...
2025-05-09 19:57:58,000 - INFO - Updated Section 491
2025-05-09 19:57:58,007 - INFO - Processing Section 492...
2025-05-09 19:58:01,730 - INFO - Updated Section 492
2025-05-09 19:58:01,730 - INFO - Processing Section 493...
2025-05-09 19:58:06,130 - INFO - Updated Section 493
2025-05-09 19:58:06,133 - INFO - Processing Section 494...
2025-05-09 19:58:10,983 - INFO - Updated Section 494
2025-05-09 19:58:10,987 - INFO - Processing Section 495...
2025-05-09 19:58:14,876 - INFO - Updated Section 495
2025-05-09 19:58:14,881 - INFO - Processing Section 496...
2025-05-09 19:58:20,285 - INFO - Updated Section 496
2025-05-09 19:58:20,288 - INFO - Processing Section 497...
2025-05-09 19:58:25,910 - INFO - Updated Section 497
2025-05-09 19:58:25,910 - INFO - Processing Section 498...
2025-05-09 19:58:29,317 - INFO - Updated Section 498
2025-05-09 19:58:29,323 - INFO - Processing Section 498A...
2025-05-09 19:58:33,555 - INFO - Updated Section 498A
2025-05-09 19:58:33,560 - INFO - Processing Section 499...
2025-05-09 19:58:37,033 - INFO - Updated Section 499
2025-05-09 19:58:37,037 - INFO - Processing Section 500...
2025-05-09 19:58:40,759 - INFO - Updated Section 500
2025-05-09 19:58:40,761 - INFO - Processing Section 501...
2025-05-09 19:58:46,014 - INFO - Updated Section 501
2025-05-09 19:58:46,014 - INFO - Processing Section 502...
2025-05-09 19:58:51,657 - INFO - Updated Section 502
2025-05-09 19:58:51,660 - INFO - Processing Section 503...
2025-05-09 19:58:56,782 - INFO - Updated Section 503
2025-05-09 19:58:56,786 - INFO - Processing Section 504...
2025-05-09 19:59:00,969 - INFO - Updated Section 504
2025-05-09 19:59:00,969 - INFO - Processing Section 505...
2025-05-09 19:59:06,363 - INFO - Updated Section 505
2025-05-09 19:59:06,363 - INFO - Processing Section 506...
2025-05-09 19:59:11,819 - INFO - Updated Section 506
2025-05-09 19:59:11,821 - INFO - Processing Section 507...
2025-05-09 19:59:16,109 - INFO - Updated Section 507
2025-05-09 19:59:16,112 - INFO - Processing Section 508...
2025-05-09 19:59:19,861 - INFO - Updated Section 508
2025-05-09 19:59:19,863 - INFO - Processing Section 509...
2025-05-09 19:59:25,282 - INFO - Updated Section 509
2025-05-09 19:59:25,285 - INFO - Processing Section 510...
2025-05-09 19:59:30,795 - INFO - Updated Section 510
2025-05-09 19:59:30,797 - INFO - Processing Section 511...
2025-05-09 19:59:35,447 - INFO - Updated Section 511
2025-05-09 19:59:35,463 - INFO - Saved results to ipc_sections.json
2025-05-09 19:59:35,463 - INFO - Database connection closed
